Price,Close,High,Low,Open,Volume
Ticker,GOOG,GOOG,GOOG,GOOG,GOOG
Date,,,,,
2004-08-19,2.4787826538085938,2.570680033299292,2.3705799393721576,2.4703825130137904,897427216
2004-08-20,2.6756718158721924,2.694693561666045,2.482734871165855,2.495333425691244,458857488
2004-08-23,2.702598810195923,2.803390322660547,2.69395273391453,2.735948941257915,366857939
2004-08-24,2.5906906127929688,2.7569468011449425,2.5585753639336826,2.7480538423975855,306396159
2004-08-25,2.618605375289917,2.668013719926121,2.5662332630545763,2.592913319851621,184645512
2004-08-26,2.665789842605591,2.6667778439470706,2.585502082085293,2.5926661559579895,142572401
2004-08-27,2.6223106384277344,2.6833295283783176,2.6109469689060636,2.6704831475755695,124826132
2004-08-30,2.5200376510620117,2.606007018511326,2.5200376510620117,2.6008184738831805,104429967
2004-08-31,2.528930902481079,2.5620339172637734,2.5237433036462984,2.5272020181723276,98825037
2004-09-01,2.4765586853027344,2.543752950092848,2.462230300002528,2.5370828763892015,183633734
2004-09-02,2.5076847076416016,2.528930280872043,2.4441958159232247,2.4503721241268788,303810504
2004-09-03,2.4706292152404785,2.5133674882869808,2.45358418105715,2.493851741175512,103538639
2004-09-07,2.5094149112701416,2.519790818344228,2.46074862715487,2.495333644031416,117506800
2004-09-08,2.5272018909454346,2.545235872566575,2.482734969844772,2.488663214757117,100186120
2004-09-09,2.527448892593384,2.5373298530278894,2.495086760762479,2.5328833735369356,81620792
2004-09-10,2.6020541191101074,2.632439772348342,2.5024974924639594,2.509908685077458,174804764
2004-09-13,2.6556613445281982,2.678141806413413,2.6299692867406113,2.6341688840920745,157628624
2004-09-14,2.75423002243042,2.7668285771277135,2.6381211785787233,2.654426275552565,217608605
2004-09-15,2.7668285369873047,2.821918244542337,2.722361617692401,2.7312555218010237,215279909
2004-09-16,2.815495014190674,2.8607028194407573,2.758182654260323,2.7752276890699226,186207345
2004-09-17,2.9024527072906494,2.9024527072906494,2.8051189713733344,2.8266114286499096,190350817
2004-09-20,2.9486489295959473,3.0039855237018065,2.884666258697818,2.8891127381553163,213585582
2004-09-21,2.9110991954803467,2.974834984173685,2.902947119421155,2.959765715621603,145262446
2004-09-22,2.9244384765625,2.9563068421495804,2.8856538647629923,2.900229368286402,152344894
2004-09-23,2.9847166538238525,3.0294304552135807,2.8908413895595566,2.9358032554376723,171524515
2004-09-24,2.960259437561035,3.0657443074915705,2.9585305534356054,2.9876801404421993,183336625
2004-09-27,2.9214751720428467,2.9861987272445547,2.9101114998275195,2.9535894763225756,141994242
2004-09-28,3.133927822113037,3.1472672605188015,2.9696476331075994,2.9965745744281187,340190355
2004-09-29,3.238178014755249,3.3355108177105386,3.118364513752256,3.12997530419505,613229953
2004-09-30,3.201616048812866,3.2683165506677656,3.1867936625168607,3.2090272419608694,276468402
2004-10-01,3.275233507156372,3.316241712159287,3.184322720105168,3.2312603521535928,303934969
2004-10-04,3.336498737335205,3.3812127804288683,3.311053797325061,3.341193281471649,261693228
2004-10-05,3.4182679653167725,3.4222204435638512,3.266834178970313,3.326617481632001,300887589
2004-10-06,3.3864004611968994,3.420244589909134,3.359720642518804,3.3980112500259914,268900140
2004-10-07,3.4301257133483887,3.4555708863403565,3.37330712281528,3.3824481453151125,283643194
2004-10-08,3.4024579524993896,3.45063046796968,3.384917972344058,3.4269151245805634,222442656
2004-10-11,3.341439962387085,3.430374042478409,3.30660711858732,3.3844241726304642,210437827
2004-10-12,3.39430570602417,3.3994930676335953,3.295489967225654,3.3211820214769325,234419380
2004-10-13,3.480769395828247,3.546235016747398,3.4605127643522,3.5405524711675542,397203256
2004-10-14,3.5079429149627686,3.517330819971379,3.4229627352103993,3.483486688153894,209835578
2004-10-15,3.560068130493164,3.594407208757357,3.5067080155294073,3.5803257060241074,265150137
2004-10-18,3.6848225593566895,3.6858103241952627,3.4884269105599257,3.5375874250431596,282061287
2004-10-19,3.654684543609619,3.7648639687347942,3.6401092756074083,3.7179263323276417,363918964
2004-10-20,3.470640182495117,3.6806231039823634,3.448653723458787,3.6569068149073054,456613107
2004-10-21,3.6902570724487305,3.708784816769384,3.4985557288162705,3.567231989382945,585767401
2004-10-22,4.259681701660156,4.450889079564687,4.0534041083630665,4.212991181519282,1481207196
2004-10-25,4.62949800491333,4.8031663676821035,4.262645764211177,4.357755937212941,1315480331
2004-10-26,4.491156101226807,4.758945637838441,4.446688942220675,4.603311527225489,895628499
2004-10-27,4.594171524047852,4.6818695455707,4.490415285636514,4.513883750285404,536262538
2004-10-28,4.775249004364014,4.802175704505056,4.585029672227529,4.6117094902883435,596097978
2004-10-29,4.709538459777832,4.939530460797389,4.708549985289194,4.913344400025892,849672890
2004-11-01,4.842690944671631,4.883205150094189,4.7251012798751075,4.7814258723195735,490828877
2004-11-02,4.814035415649414,4.922237891478208,4.776238802928312,4.910627337325217,455553149
2004-11-03,4.734982013702393,4.98029106532872,4.712254672122032,4.895804417171456,557630330
2004-11-04,4.562796115875244,4.703608290546221,4.5294462249182015,4.655188660593175,578544429
2004-11-05,4.183593273162842,4.503508064679978,4.163830878366216,4.495603106761328,796297573
2004-11-08,4.262645244598389,4.334040532097486,4.1848281837768475,4.222626217519397,449349985
2004-11-09,4.167535781860352,4.32811035624693,4.082801306265532,4.300936299371646,444226854
2004-11-10,4.14678430557251,4.26190420641486,4.108987694167215,4.216202164812364,427355853
2004-11-11,4.521294593811035,4.5393283393575175,4.139620041234147,4.178158718282536,601666773
2004-11-12,4.496096134185791,4.688786191472166,4.38245895381022,4.575890130339651,672354740
2004-11-15,4.566996097564697,4.652224335156453,4.4158091951109855,4.4578051627751885,477844390
2004-11-16,4.262397766113281,4.433595370559486,4.220154913882267,4.384928854087602,839832142
2004-11-17,4.261410236358643,4.384929339372352,4.174947100726183,4.175441337942692,728034662
2004-11-18,4.138879299163818,4.308841553319333,4.094165259509289,4.206814446040092,667677273
2004-11-19,4.18482780456543,4.199156426376232,4.11368082451457,4.177416611544064,352086780
2004-11-22,4.078601360321045,4.187298057775735,3.984974402324633,4.063038329639248,496582362
2004-11-23,4.13838529586792,4.220155304761923,4.1131872385034685,4.1495020858816485,498393124
2004-11-24,4.3172407150268555,4.377764668522171,4.2616572414738085,4.318722480646148,613531078
2004-11-26,4.431619167327881,4.447429553294086,4.331074779766674,4.342932687479878,260175560
2004-11-29,4.472627639770508,4.519564560871637,4.385175569748487,4.455581897308589,428263241
2004-11-30,4.495602607727051,4.520800663323493,4.45286504442022,4.464228715763283,309154460
2004-12-01,4.445701599121094,4.508448442679361,4.435572810384802,4.494861885244384,315743063
2004-12-02,4.431866645812988,4.483991402648481,4.4108679516831915,4.444217845101253,251374696
2004-12-03,4.456570148468018,4.47287429792196,4.387399180751618,4.44545383341666,235647968
2004-12-06,4.355037212371826,4.463981744691171,4.3483671389645195,4.425196187723646,251097661
2004-12-07,4.234976291656494,4.352814240012859,4.213236953594338,4.3478723419727965,275866153
2004-12-08,4.199155807495117,4.290560350302463,4.168276156426706,4.208296592843775,302802741
2004-12-09,4.284384727478027,4.286114321174434,4.161853631910538,4.205826553409971,307307563
2004-12-10,4.240411758422852,4.3202052881,4.231518799738462,4.284384679429134,173335277
2004-12-13,4.210766792297363,4.27820911873742,4.186063447267159,4.253257945693818,193466452
2004-12-14,4.4143266677856445,4.417538026897425,4.1897689529763635,4.224354202815545,445198482
2004-12-15,4.441253185272217,4.463733644027857,4.364178205024954,4.397034332891535,460559845
2004-12-16,4.3594841957092285,4.4587937106961055,4.34663875822301,4.371342577671376,344197318
2004-12-17,4.44866418838501,4.459039857054889,4.3614599518689365,4.366647313249702,296555412
2004-12-20,4.570701599121094,4.655682961658984,4.492884547308396,4.496096379506361,394854485
2004-12-21,4.539328098297119,4.641354729563464,4.530681076206454,4.602570118364807,221479058
2004-12-22,4.602323055267334,4.61590961074673,4.521047293807116,4.543033515987317,156865776
2004-12-23,4.641849040985107,4.659142141296611,4.594912585235902,4.630732250622404,145125936
2004-12-27,4.740911483764648,4.775249854924779,4.67149362211752,4.672729451601315,245079187
2004-12-28,4.761909484863281,4.781425466637155,4.71867768809161,4.745851271186266,166453579
2004-12-29,4.765368938446045,4.780685089373036,4.737700168018337,4.737700168018337,107525527
2004-12-30,4.881476402282715,4.897039433922165,4.739429331153061,4.767097153158404,237057231
2004-12-31,4.762650966644287,4.93780105176633,4.756968421596218,4.92174378277532,307889737
2005-01-03,5.007713794708252,5.030688022259466,4.82861120789292,4.876535666015543,636143518
2005-01-04,4.804894924163818,5.013148048987257,4.779696392542857,4.975351433941541,552298420
2005-01-05,4.78043794631958,4.864183480548324,4.748816698822844,4.7789552347788415,330698912
2005-01-06,4.657907009124756,4.8394802961182855,4.637402550342903,4.81922271945767,417041336
2005-01-07,4.788837432861328,4.798719339343788,4.663588737613994,4.709538136599197,387964757
2005-01-10,4.818728923797607,4.8938283835896685,4.738934920098602,4.804894538967661,302714411
2005-01-11,4.781179428100586,4.884194544718211,4.772285049998778,4.832563545343538,279391317
2005-01-12,4.826633453369141,4.840220954875158,4.706079316995516,4.800694279708465,328338096
2005-01-13,4.8253984451293945,4.876287843881004,4.793777200404686,4.826633328540397,275002929
2005-01-14,4.940025329589844,4.9410128581070385,4.7957544129508864,4.841950221340256,387057368
2005-01-18,5.037109851837158,5.0647776702695815,4.907661824952156,4.96472705518465,528878966
2005-01-19,4.874065399169922,5.071695950008545,4.859489895379826,5.055638680582315,451995865
2005-01-20,4.7905659675598145,4.8481263924729205,4.743135276926509,4.7554869503064365,361413608
2005-01-21,4.6512370109558105,4.826140226933953,4.647284532180414,4.8058821769894084,371724110
2005-01-24,4.464476585388184,4.677176425045859,4.454594678516427,4.661366036187051,563010421
2005-01-25,4.375542163848877,4.502025731185873,4.355037233410616,4.494614538475285,427966132
2005-01-26,4.674952507019043,4.679151868054845,4.42569094084496,4.4286554182604805,494161321
2005-01-27,4.64629602432251,4.665564651848882,4.5751481034399895,4.663093939048564,266089645
2005-01-28,4.702126502990723,4.809835679113111,4.603311231051587,4.694220600181509,490158373
2005-01-31,4.832563400268555,4.850844028369722,4.73621836068818,4.784884881204117,385306832
2005-02-01,4.740664482116699,4.8582550970455,4.709291062009303,4.801929556669377,756384528
2005-02-02,5.0879998207092285,5.355788861787522,5.031180993183894,5.324909681116208,1316889593
2005-02-03,5.209048748016357,5.271055884224757,5.084294302242379,5.08874149079033,521471303
2005-02-04,5.048474311828613,5.132219845315572,5.004995156025003,5.100599544007395,594993855
2005-02-07,4.842690944671631,5.098869442165981,4.82984503477597,5.070707855375096,520359150
2005-02-08,4.907168388366699,4.941259402824208,4.805635045423014,4.865666180993592,460921194
2005-02-09,4.73275899887085,4.980290928479833,4.6803868888819675,4.959540063110911,689434520
2005-02-10,4.643825054168701,4.748321916613929,4.576383679178365,4.742392962948477,762154073
2005-02-11,4.62949800491333,4.75104159629354,4.596641866520941,4.6112173735452195,526606480
2005-02-14,4.767591953277588,4.769815784293495,4.471393458631514,4.517095503484389,1548269624
2005-02-15,4.822927951812744,4.936812963103481,4.769815192959987,4.78266062956231,1035177611
2005-02-16,4.901486396789551,4.924213740135151,4.799953998083857,4.809835904103397,663770685
2005-02-17,4.888887405395508,4.934588970125736,4.861960230746322,4.887157338917363,418137429
2005-02-18,4.890122890472412,4.9121091152577065,4.858255232287692,4.903957275595019,340708289
2005-02-22,4.727571487426758,4.913591025570833,4.703361903942522,4.854302896383652,541369609
2005-02-23,4.79130744934082,4.804399767493175,4.660623109688054,4.7752492354029945,625776806
2005-02-24,4.6663055419921875,4.690020883849705,4.5017780226443564,4.5299400797790685,1036442333
2005-02-25,4.591700553894043,4.691751189871849,4.582806649034711,4.67272944248884,400435325
2005-02-28,4.644072532653809,4.690515220740467,4.5912066529533035,4.594912249470091,313908211
2005-03-01,4.596393585205078,4.6875512509917385,4.496096079470886,4.676187580387891,373844027
2005-03-02,4.5746541023254395,4.63616699682775,4.554397001546355,4.593675846768343,292512314
2005-03-03,4.619863033294678,4.638143663006231,4.553163706834695,4.598124161721102,305484756
2005-03-04,4.592441558837891,4.625791454697024,4.571938046268966,4.612204425054099,271979640
2005-03-07,4.6643290519714355,4.683845981418989,4.620357077912226,4.6388850600551015,347995502
2005-03-08,4.575148582458496,4.69002160516575,4.569467455876426,4.6714936219945375,323050350
2005-03-09,4.480039596557617,4.561562253635541,4.450642177091283,4.550692818267437,456119263
2005-03-10,4.446194648742676,4.476333182067678,4.38245886804136,4.471639584604912,440063306
2005-03-11,4.392340660095215,4.470157720895934,4.376283389067675,4.457559164575602,322335682
2005-03-14,4.322923183441162,4.407162479663604,4.263139877339408,4.4054338319641495,447535208
2005-03-15,4.412351131439209,4.446689029853875,4.303653471852863,4.330581595816576,418446584
2005-03-16,4.337992191314697,4.4123505233763165,4.323416688821551,4.36516577479655,285317446
2005-03-17,4.429149150848389,4.437795227945632,4.34293337019029,4.37578950365922,331662510
2005-03-18,4.447676658630371,4.456570562815889,4.404939569025917,4.4172912415443415,284663002
2005-03-21,4.468428611755371,4.500295795428655,4.37875365030512,4.428655052067807,300470030
2005-03-22,4.412103652954102,4.494614296755606,4.393575672174063,4.475839433883234,226112360
2005-03-23,4.421490669250488,4.452617206078515,4.396539495821236,4.396539495821236,194526410
2005-03-24,4.428160667419434,4.467933748580213,4.426925784074278,4.463981270558207,148763520
2005-03-28,4.481767654418945,4.565267249413223,4.470157101215503,4.488191318666335,350830087
2005-03-29,4.436065673828125,4.527717099242808,4.399009713969311,4.472627396570763,259890496
2005-03-30,4.45780611038208,4.482510405007619,4.436807885609237,4.462499708801957,250378977
2005-03-31,4.459286689758301,4.481026501081068,4.388387076222787,4.396045150123894,271758815
2005-04-01,4.447676658630371,4.519564754795771,4.4464417751510625,4.490167812038257,248206866
2005-04-04,4.577372074127197,4.5781127204448895,4.442736194652446,4.445454262588447,324266893
2005-04-05,4.658401012420654,4.700150101297573,4.633696721092649,4.637649199605268,350777892
2005-04-06,4.674457550048828,4.685080574454949,4.6339433469110745,4.674951787193407,210891521
2005-04-07,4.786613464355469,4.807859042432601,4.660129889147844,4.663588603612751,389141150
2005-04-08,4.7443695068359375,4.819715839162862,4.729547122458775,4.784884181784913,205431131
2005-04-11,4.773520469665527,4.812305081683707,4.751040481935071,4.770062228301258,217231195
2005-04-12,4.7915544509887695,4.802918121825254,4.6791512072071715,4.767838162059836,293881426
2005-04-13,4.766109943389893,4.800447841088252,4.687057531661866,4.779449145167843,263214910
2005-04-14,4.72954797744751,4.801436081718202,4.696198079524224,4.774508902883299,247030473
2005-04-15,4.570208549499512,4.702127329634139,4.56180935395802,4.69619837443913,464831797
2005-04-18,4.618874549865723,4.641355011440675,4.532905182261988,4.559832359727872,262994085
2005-04-19,4.7283124923706055,4.74313487754184,4.645060253310247,4.677175736484066,338463908
2005-04-20,4.893828392028809,4.9531174642276365,4.839727155030875,4.905685828105172,620376641
2005-04-21,5.045015335083008,5.064284435534516,4.9239664884932495,4.9511410185762665,712737539
2005-04-22,5.331333160400391,5.533657308889459,5.2930413662544105,5.506483250066893,1333182435
2005-04-25,5.5220465660095215,5.551938221431837,5.3735767633106635,5.380987956634731,796574608
2005-04-26,5.403961658477783,5.484249420711042,5.392597987468591,5.440276502241001,693469588
2005-04-27,5.429407119750977,5.455840060624346,5.354307658042937,5.385187314908567,412131000
2005-04-28,5.421254634857178,5.486225300310233,5.378269245760187,5.422489518294108,348613811
2005-04-29,5.434842586517334,5.490426061455721,5.380987759352166,5.482025921072645,368182886
2005-05-02,5.4914140701293945,5.526246204567194,5.440029955883322,5.485484642725437,392160425
2005-05-03,5.587759017944336,5.636178181239766,5.467450810137444,5.480544075323333,713873782
2005-05-04,5.644824504852295,5.678915993887522,5.607769011463917,5.613451083954542,485151677
2005-05-05,5.607274532318115,5.6477892114226895,5.58010094642977,5.6477892114226895,301509913
2005-05-06,5.6329665184021,5.663351934881042,5.594675672224101,5.64235324070166,271570110
2005-05-09,5.583559036254883,5.64482410804426,5.568984005820851,5.632472908388721,222302131
2005-05-10,5.6275315284729,5.6275315284729,5.551444070568437,5.569972052588287,254783425
2005-05-11,5.713748455047607,5.730793726171827,5.6307430925785455,5.65643538623229,460873014
2005-05-12,5.6502604484558105,5.736970468090338,5.637413591229322,5.701890502909648,359269602
2005-05-13,5.663105487823486,5.70880705710276,5.6156738518938605,5.661623722154937,297731805
2005-05-16,5.707820415496826,5.721901684601355,5.6465553311588925,5.67397627698707,228107811
2005-05-17,5.759203910827637,5.7671088685470355,5.686821097066255,5.695715002170557,313526787
2005-05-18,5.908167362213135,5.92817710959409,5.768836939138542,5.771060769907788,494325936
2005-05-19,5.908660888671875,5.957821167775794,5.886180429320428,5.9373176570082284,390116793
2005-05-20,5.968691349029541,5.970174060535697,5.92027171398465,5.958810389288995,327763952
2005-05-23,6.310592174530029,6.376057551355537,5.995866209609261,6.006982998482699,858738744
2005-05-24,6.324179649353027,6.5573839137400105,6.2624198690811745,6.3478949925613435,1166078427
2005-05-25,6.443005561828613,6.447204922579969,6.191520181673133,6.243398059976482,725023418
2005-05-26,6.403232097625732,6.51588128756687,6.380998518181724,6.4467112550787675,543895039
2005-05-27,6.5712175369262695,6.572453366325213,6.404466645738509,6.434358298885089,489190760
2005-05-31,6.849630355834961,6.8775460073240495,6.65447051525388,6.655952280910483,892805959
2005-06-01,7.114701747894287,7.235504193449348,6.966973544363588,6.996124552049847,1412944285
2005-06-02,7.112231731414795,7.158674417529701,7.030709084460812,7.132735715967678,721658854
2005-06-03,6.923494338989258,7.146816694070873,6.85308801099727,7.084809559837053,754108027
2005-06-06,7.187330722808838,7.256749047777248,6.962278779657756,6.976113162824288,904413304
2005-06-07,7.241185188293457,7.40101912571039,7.171521394420354,7.339507171011712,976566743
2005-06-08,6.906200885772705,7.242914467546156,6.8676631601261295,7.234515274220462,1031889331
2005-06-09,7.0729522705078125,7.1270539762889635,6.9309056740744825,7.033673895780615,660109011
2005-06-10,6.9788312911987305,7.096915665982629,6.917565273010487,7.089751355284573,509767599
2005-06-13,6.985008239746094,7.020581022566104,6.831102770341358,6.912625425723364,514047581
2005-06-14,6.876309871673584,6.947703730978019,6.861487486225126,6.882239298807193,405189077
2005-06-15,6.78861141204834,6.850370243769748,6.606543911096364,6.793551891568039,838454999
2005-06-16,6.853829383850098,6.875074960558912,6.745873798524737,6.775271214243215,500364485
2005-06-17,6.924482345581055,6.924482345581055,6.8157861104559245,6.892368279768818,418940428
2005-06-20,7.082586765289307,7.106548988880832,6.712769702367727,6.820478395782111,844140229
2005-06-21,7.1107497215271,7.171521980772871,7.039850092444138,7.11643226711127,607560783
2005-06-22,7.146816730499268,7.221422419273512,7.131253699291708,7.155957516500256,420530365
2005-06-23,7.156945705413818,7.282935507547322,7.0776459440350745,7.114701434341948,564363474
2005-06-24,7.343213081359863,7.36174106426253,7.153734364465682,7.186344087328629,713512433
2005-06-27,7.5124335289001465,7.521574315500867,7.2594663862509305,7.3839739547599015,714785186
2005-06-28,7.460555076599121,7.6396590612950215,7.460555076599121,7.566288252147141,764314139
2005-06-29,7.231303691864014,7.519349825249946,7.217222426504824,7.4729071417959325,734691521
2005-06-30,7.26663064956665,7.384715025767069,7.189802071470809,7.271324720370134,606039101
2005-07-01,7.194989204406738,7.318261411708386,7.144840922332759,7.288616641069361,370487492
2005-07-05,7.305168628692627,7.3118382291401405,7.16979115791575,7.215987907519482,300883574
2005-07-06,7.20166015625,7.351859074733536,7.198201441829294,7.344447881656487,321211484
2005-07-07,7.300969123840332,7.30739136910247,7.127300809677885,7.149040623045544,428484066
2005-07-08,7.318014621734619,7.349388986358723,7.264160742652768,7.318508385948671,299422117
2005-07-11,7.2468671798706055,7.327154938565726,7.189306762192317,7.322213513108036,336869956
2005-07-12,7.208082675933838,7.272806458833915,7.187083982203618,7.247855286815819,235475323
2005-07-13,7.382986068725586,7.3923727910765935,7.2159878264092985,7.226115668018835,459230882
2005-07-14,7.43313455581665,7.577898751425473,7.41287745317483,7.543066618265734,428307406
2005-07-15,7.440545558929443,7.495141029122705,7.40571342665766,7.441780442393511,338801168
2005-07-18,7.399784088134766,7.458085628280257,7.355564287054357,7.411147759274577,249242734
2005-07-19,7.655715465545654,7.666832254241286,7.455614687886917,7.4630258803506715,506748324
2005-07-20,7.70759391784668,7.722663185076971,7.4556147895071785,7.5487479878140835,574561556
2005-07-21,7.755519390106201,7.850875474158377,7.688078010063229,7.75823603914942,794543021
2005-07-22,7.4704365730285645,7.639658642691755,7.320485022564551,7.568510722341046,938978379
2005-07-25,7.308628082275391,7.49242426018703,7.2866418571038745,7.470190679932056,387800142
2005-07-26,7.314555644989014,7.361740394808386,7.215740848720632,7.287875824989609,394147846
2005-07-27,7.335308074951172,7.367422141541318,7.223399531920968,7.3553173504438645,289798178
2005-07-28,7.25057315826416,7.347165072109375,7.24513749538329,7.347165072109375,237912424
2005-07-29,7.108773708343506,7.2342692782975675,7.089751488796231,7.216976179453048,335785908
2005-08-01,7.203882217407227,7.225868439052037,7.117171741275915,7.117665978409282,227344963
2005-08-02,7.391138553619385,7.399290866175739,7.191778401558886,7.203635837777505,292701018
2005-08-03,7.344448089599609,7.404231400144284,7.302451642943452,7.361741189238509,238113174
2005-08-04,7.355069637298584,7.3864430539870405,7.293804569422309,7.301215761696495,210245108
2005-08-05,7.222163677215576,7.3743395446351485,7.196471856488174,7.3493893161705595,238478538
2005-08-08,7.194989204406738,7.303685908492792,7.176214340653431,7.253043862210976,179943955
2005-08-09,7.202895164489746,7.230317052303804,7.127301466749415,7.212529715656704,232038489
2005-08-10,7.057389736175537,7.221669921898901,7.037626869892242,7.196224510303926,276191367
2005-08-11,7.017122268676758,7.0796231757333015,6.932388254243589,7.062577430812946,301722708
2005-08-12,7.157192707061768,7.169050615503377,6.957585685187879,7.000076839073132,264423423
2005-08-15,7.0158867835998535,7.2325390768475195,7.0102047114621024,7.159168740999874,328213631
2005-08-16,7.0566487312316895,7.109514612225704,6.999582070522625,7.037626983949592,285433881
2005-08-17,7.043060779571533,7.079375624010544,7.015886721484615,7.053189567304571,155914222
2005-08-18,6.916823863983154,6.929423364181278,6.793552132352542,6.816032591940277,476692087
2005-08-19,6.917071342468262,6.952892424592239,6.907684619420499,6.941528752769363,222547046
2005-08-22,6.769095420837402,6.9533863049586095,6.752791268621464,6.947704232475151,273541472
2005-08-23,6.9066948890686035,6.9106483132163765,6.77181213520429,6.822208715765876,233740846
2005-08-24,6.980559825897217,7.034414650406659,6.829372913947426,6.857041208993723,345012362
2005-08-25,6.981053829193115,7.015886433654571,6.916330045834886,6.9800658278527035,175720183
2005-08-26,7.00551176071167,7.041085962431305,6.982784415969984,7.0030410475778915,150775031
2005-08-29,7.125818252563477,7.142370231524174,6.972407982895635,6.972407982895635,237005036
2005-08-30,7.0966691970825195,7.152004845384527,7.062329880154182,7.09963272846936,192398464
2005-08-31,7.06529426574707,7.127054046813131,7.024779588297004,7.120383973431645,202114747
2005-09-01,7.071471214294434,7.102350398188099,7.040590611537977,7.063072019520845,110095123
2005-09-02,7.125818252563477,7.163863163258034,7.076164207498279,7.077893801093709,137894934
2005-09-06,7.092715263366699,7.149040800890128,7.085057188554751,7.139405777417486,169123549
2005-09-07,7.284417629241943,7.299980661618222,7.047507753755285,7.0625770219000925,301104399
2005-09-08,7.2972636222839355,7.3933608253565275,7.247114394582091,7.283429238411719,265523531
2005-09-09,7.388667583465576,7.388914465580001,7.326166680359821,7.343953543500201,176278267
2005-09-12,7.651763439178467,7.693265646472667,7.435852262495362,7.454380244749129,417017246
2005-09-13,7.6996893882751465,7.794798121619126,7.563570792586223,7.633482888674674,413540262
2005-09-14,7.485259532928467,7.7392146791179846,7.41855926882447,7.626812373443578,452722579
2005-09-15,7.47587251663208,7.577898675138876,7.359516790997195,7.399290349555645,620966845
2005-09-16,7.416088581085205,7.522315523554636,7.407936268750349,7.510457614703936,304328438
2005-09-19,7.504775047302246,7.559370517064494,7.428687592120187,7.435851902562933,231339881
2005-09-20,7.606555461883545,7.690300993851371,7.540348964458721,7.5630763068686395,375441994
2005-09-21,7.705123424530029,7.7510732926948585,7.558383226429835,7.618907179175995,406305245
2005-09-22,7.69202995300293,7.885954885627808,7.662385657472627,7.695241784891541,522206047
2005-09-23,7.790597915649414,7.836299952073145,7.722169011488938,7.732297798441889,340623975
2005-09-26,7.763918876647949,7.928692822639593,7.721428667866804,7.892873160437358,397259466
2005-09-27,7.755519390106201,7.865944741535647,7.74168500619896,7.780469617060583,275954483
2005-09-28,7.559370517730713,7.78417511503377,7.549489085324223,7.762436720466236,321095049
2005-09-29,7.64879846572876,7.675972522634949,7.561347341073685,7.576169725914954,225393676
2005-09-30,7.817772388458252,7.84346420738773,7.7147582306395135,7.762436745169182,367424053
2005-10-03,7.872615337371826,7.9079421801486856,7.727109551621579,7.7478613640900535,367785402
2005-10-04,7.68289041519165,7.936846045242425,7.676467223325428,7.903990385441627,367143003
2005-10-05,7.67572546005249,7.779234802835226,7.60877831657415,7.724638858938215,334384676
2005-10-06,7.7261223793029785,7.768859470824822,7.660409643494382,7.760460276380958,320950509
2005-10-07,7.732049465179443,7.822960246425849,7.671525517619096,7.776516618024829,271827070
2005-10-10,7.6742448806762695,7.777260475171436,7.6371893843877015,7.73995762378505,223723439
2005-10-11,7.561841011047363,7.723650939988635,7.531207767454283,7.67325530511044,342984790
2005-10-12,7.4351115226745605,7.5887691597815445,7.386444056198485,7.539608874964849,373643277
2005-10-13,7.34790563583374,7.460554337020918,7.180907404260324,7.460554337020918,424292413
2005-10-14,7.31579065322876,7.416830227829468,7.226857760728966,7.408676970046139,342041267
2005-10-17,7.534667491912842,7.53960891806661,7.276759856120018,7.349389550676824,303802474
2005-10-18,7.4921770095825195,7.607790675313807,7.4788363891313745,7.533679217729733,284173173
2005-10-19,7.626070499420166,7.654974147492372,7.508973668768663,7.509962615934061,281479113
2005-10-20,7.490200042724609,7.686101948035063,7.441039759525344,7.657939887452819,558553779
2005-10-21,8.396830558776855,8.558147683462876,8.226374066317993,8.542582759357913,919128253
2005-10-24,8.612988471984863,8.629047160043193,8.453402362560524,8.482552423813605,378682093
2005-10-25,8.570003509521484,8.58210829878614,8.469952890618522,8.542087862043283,276163262
2005-10-26,8.780726432800293,8.794561288579636,8.552216727166044,8.55444055773744,357635500
2005-10-27,8.72193431854248,8.821490248447144,8.687841882266374,8.80938545662024,206145800
2005-10-28,8.84817123413086,8.867440338882277,8.770354168665987,8.776530006127182,237025111
2005-10-31,9.193282127380371,9.257759982061557,8.88127420004832,8.899307000189774,575866428
2005-11-01,9.372138977050781,9.483799691776895,9.11595952405315,9.186365385484235,656696267
2005-11-02,9.379549980163574,9.510973558506752,9.317542841555046,9.429451382041336,424200069
2005-11-03,9.534440994262695,9.550004971493648,9.421544931878561,9.446990814429299,299052737
2005-11-04,9.645113945007324,9.678710716374402,9.522089110162959,9.633996684635758,354319116
2005-11-07,9.75875186920166,9.81902988387218,9.687605366676072,9.760481935719234,385098052
2005-11-08,9.632020950317383,9.772586726586265,9.59941264902457,9.739482769276355,317084071
2005-11-09,9.366456031799316,9.59225006782921,9.33878820797472,9.552229624814,420245300
2005-11-10,9.661664962768555,9.66784174432927,9.323964328993078,9.346939497037212,366516664
2005-11-11,9.644372940063477,9.804947506880026,9.60608162342086,9.760975064579556,283615089
2005-11-14,9.80667781829834,9.837558892536702,9.672288816511315,9.686864320322965,313486637
2005-11-15,9.703662872314453,9.807418619517039,9.657960361745115,9.742694836801025,346289130
2005-11-16,9.835827827453613,9.853120924580901,9.736024087655057,9.78765555103958,349111670
2005-11-17,9.966757774353027,9.975652151044056,9.86991851002277,9.925996689553518,369869183
2005-11-18,9.88671875,9.992697391017112,9.87782626431018,9.967747162845596,282077347
2005-11-21,10.112760543823242,10.128077642725383,9.720710728170092,9.861028710343957,414953540
2005-11-22,10.288402557373047,10.309153895830125,10.035435436505528,10.095217793230196,385278727
2005-11-23,10.446259498596191,10.492208890735505,10.271356306683975,10.30248331426222,404912042
2005-11-25,10.588555335998535,10.591767641484271,10.506539387987269,10.51839635184584,194329675
2005-11-28,10.461577415466309,10.65327806373641,10.435884649602226,10.61819904812381,441986487
2005-11-29,9.968982696533203,10.533711829430148,9.93439744389451,10.485786429156864,863054861
2005-11-30,10.002827644348145,10.09027973454179,9.7718471628895,9.986770845422884,626202395
2005-12-01,10.229607582092285,10.262957477120326,10.08632609616403,10.1088065569303,391257051
2005-12-02,10.318787574768066,10.363995373136923,10.223925262818248,10.300012239680846,302870996
2005-12-05,10.02604866027832,10.31384889711083,9.987263572915479,10.3014962776471,413118688
2005-12-06,9.99368667602539,10.286921140868314,9.923527698557868,10.096453956336854,607279734
2005-12-07,9.9857816696167,10.047046269395434,9.85707379593382,10.033706122244379,468385066
2005-12-08,10.144625663757324,10.144625663757324,9.946748243421847,10.012460501435765,357735875
2005-12-09,10.108806610107422,10.271357198391643,10.092994803991719,10.252088096789407,306881974
2005-12-12,10.193044662475586,10.257275626884116,10.127333351411492,10.242947006348354,279046027
2005-12-13,10.31360149383545,10.326200048879784,10.169083704453113,10.190328808912586,327775997
2005-12-14,10.34991455078125,10.36893771554202,10.264192543756245,10.302483863565339,266210095
2005-12-15,10.43860149383545,10.45317699772321,10.289144169136772,10.35362107529586,242738446
2005-12-16,10.626350402832031,10.684404586627338,10.443542248423837,10.507525386239234,655668429
2005-12-19,10.489243507385254,11.023093349816682,10.378322514853867,10.67699211908699,880760980
2005-12-20,10.616222381591797,10.676994164683745,10.490973691832151,10.56978016629383,404899997
2005-12-21,10.531981468200684,10.792112897573478,10.393145763850642,10.710342900651362,450558497
2005-12-22,10.673041343688965,10.693298920270339,10.522101777352278,10.666371742807602,302995460
2005-12-23,10.645621299743652,10.684406389518278,10.592508532608436,10.675759839128554,184492943
2005-12-27,10.490233421325684,10.668594879481892,10.443791204363778,10.668594879481892,269116950
2005-12-28,10.540876388549805,10.567803566572383,10.406735208596245,10.482822198647188,285783185
2005-12-29,10.379312515258789,10.59127073551592,10.355102934310727,10.572743226645493,278873383
2005-12-30,10.24863052368164,10.331388061804947,10.220962698900445,10.308166007159535,304621533
2006-01-03,10.751846313476562,10.762714800697585,10.331634085448554,10.437859595885534,526815259
2006-01-04,10.99913215637207,11.091030953160628,10.863508738038842,10.966029141648926,613747887
2006-01-05,11.147356033325195,11.155014108747158,10.906739606257858,11.0179075057102,433952486
2006-01-06,11.503584861755371,11.623151479655668,11.196762413770468,11.286437377195691,712938289
2006-01-09,11.53421688079834,11.694791465930361,11.386981496992517,11.5221120900331,513593887
2006-01-10,11.60486888885498,11.616973678854881,11.414155779923977,11.4729515552474,365247927
2006-01-11,11.651066780090332,11.737036624313482,11.590542821696099,11.642173347929317,361646478
2006-01-12,11.453435897827148,11.734071821468483,11.400816898621528,11.702696981735771,406530084
2006-01-13,11.518158912658691,11.533968825315398,11.403532789309859,11.470232572789278,307411953
2006-01-17,11.53940486907959,11.60832943981993,11.426261912419909,11.439354232344387,332051965
2006-01-18,10.99098014831543,11.298543246250563,10.949972176681383,11.050022811601144,822499417
2006-01-19,10.78198528289795,11.202938174236651,10.696757043101535,11.145624637605893,583671575
2006-01-20,9.868191719055176,10.870425321827707,9.75158957416126,10.837570134833749,1650832619
2006-01-23,10.56088638305664,10.582873081356734,10.023085348294574,10.063846439464236,913065614
2006-01-24,10.944536209106445,10.991966896154887,10.733318637457986,10.771609011223434,620902605
2006-01-25,10.696759223937988,11.221221087982306,10.603378180494596,11.147850741088229,752401655
2006-01-26,10.728131294250488,10.869437731503716,10.463553111736443,10.858320468575634,518982008
2006-01-27,10.708861351013184,10.825710368197425,10.597447523803448,10.746164196790176,339355237
2006-01-30,10.544088363647461,10.703674477964146,10.499127440976277,10.603623844437756,344843732
2006-01-31,10.688358306884766,10.859804236775437,10.4736834090386,10.636728724841772,885948351
2006-02-01,9.925504684448242,9.930939875081473,9.573228469547704,9.610531319845668,1088966472
2006-02-02,9.78370475769043,10.042107121875949,9.782222518921422,9.97590108746601,474078326
2006-02-03,9.425747871398926,9.730840329546226,9.203906733019034,9.723922898951999,734012987
2006-02-06,9.513444900512695,9.632022103625692,9.376585177083738,9.518632262961615,358956433
2006-02-07,9.089032173156738,9.47885808468573,8.976135158178698,9.461319049623997,667701363
2006-02-08,9.117687225341797,9.157460779734707,8.761705021986735,9.102864841462969,835283155
2006-02-09,8.862993240356445,9.24911312747418,8.797280970493464,9.170061654651537,478282024
2006-02-10,8.957853317260742,9.004544299484417,8.723908425615392,8.941549640884508,611222457
2006-02-13,8.540112495422363,8.661161342991194,8.445990823102157,8.563334547354557,791668286
2006-02-14,8.481317520141602,8.688088369644557,8.458590178706492,8.53097203636479,588357072
2006-02-15,8.458098411560059,8.547525559932266,8.345695142415266,8.430676520197473,519821141
2006-02-16,9.052964210510254,9.066303411218817,8.510220870376978,8.539371876435446,855815829
2006-02-17,9.109537124633789,9.193282190659414,8.982806191252477,9.136958067085466,574955025
2006-02-21,9.056174278259277,9.227866093275392,9.019613030757746,9.052469155459333,348742290
2006-02-22,9.029003143310547,9.114478282395831,8.988735814084418,9.070011118972758,260018976
2006-02-23,9.339776039123535,9.418086853101622,9.026531837302747,9.031966081300187,503945859
2006-02-24,9.323224067687988,9.389183212633231,9.226632622189092,9.32075430061951,260344190
2006-02-27,9.643880844116211,9.6764891489249,9.394370983476694,9.418828394468875,410019113
2006-02-28,8.958100318908691,9.82075834357481,8.362491144090257,9.71354341393881,1583416872
2006-03-01,9.011955261230469,9.126828260528837,8.925490726778923,9.10484156732804,484256334
2006-03-02,9.299756050109863,9.414629068658034,8.9477258014652,8.999110388235774,735960259
2006-03-03,9.342494010925293,9.566310145881038,9.282709757274391,9.493680455074003,480273461
2006-03-06,9.093478202819824,9.471446177108358,9.069762387164058,9.409934699113832,358928328
2006-03-07,9.00330924987793,9.102125471562664,8.84767514323491,9.017390989491593,416708092
2006-03-08,8.742189407348633,8.894118375521497,8.659678764236443,8.743424763708381,471585016
2006-03-09,8.47341251373291,8.857062558730018,8.436356551878024,8.779492393883256,558501584
2006-03-10,8.337540626525879,8.510468769796312,8.19055402222169,8.485764479069552,775921484
2006-03-13,8.32667064666748,8.549992993342773,8.286898037099828,8.42227455233524,547741403
2006-03-14,8.674995422363281,8.704887075209367,8.216986552135305,8.328648206624775,740794310
2006-03-15,8.510469436645508,8.703159514142332,8.412393858270567,8.665361009919282,512666424
2006-03-16,8.368915557861328,8.615459028250342,8.347422626046122,8.61200078695484,402169802
2006-03-17,8.394111633300781,8.443273327150312,8.274051272083506,8.369655173321954,343350155
2006-03-20,8.6016263961792,8.648564272295774,8.43734572158837,8.457108589786015,417864410
2006-03-21,8.397323608398438,8.687346692193751,8.376573215749787,8.646585607268024,394717975
2006-03-22,8.40473461151123,8.500586345609987,8.337540117761185,8.393124532027468,304978867
2006-03-23,8.445990562438965,8.541347588224514,8.404241003396242,8.457353760045965,298502683
2006-03-24,9.036660194396973,9.14263978224717,8.955383952818606,9.106324463283007,609500025
2006-03-27,9.132757186889648,9.182659531718588,9.016896647638804,9.068527167158821,282001062
2006-03-28,9.31828498840332,9.334589615503607,9.16932140512274,9.18266155456843,359173242
2006-03-29,9.75751781463623,9.856826852456217,9.375349039279579,9.385971591330465,763952790
2006-03-30,9.595953941345215,9.720954788329095,9.476634220113214,9.614481448854717,590673723
2006-03-31,9.634491920471191,9.680688197588776,9.487009657826013,9.603365856856154,1466331647
2006-04-03,9.627080917358398,9.695510774054956,9.583355352263572,9.622882029644646,326125835
2006-04-04,9.98874568939209,10.002579601441036,9.588544093012427,9.632021832049539,630984252
2006-04-05,10.0789155960083,10.241466194609616,9.951196187497509,10.08410295843006,538430634
2006-04-06,10.157719612121582,10.22466723104157,10.015673480868111,10.041859065452744,345229172
2006-04-07,10.033707618713379,10.198976771223913,9.980841732354282,10.188106389466524,282089392
2006-04-10,10.286179542541504,10.305695526177345,10.011225705040765,10.056434454647754,374201361
2006-04-11,10.120168685913086,10.353371990261445,10.03518733178266,10.287166917333243,445953300
2006-04-12,10.102628707885742,10.161424480534377,10.00974239747436,10.103864064220874,241582128
2006-04-13,9.934889793395996,10.12263841611454,9.893881827853427,10.094723714222473,263098475
2006-04-17,10.050009727478027,10.190327667492392,9.902280595353453,9.966757493758081,331618345
2006-04-18,9.986275672912598,10.12436979964835,9.918586461185775,10.077431928431073,326724069
2006-04-19,10.140920639038086,10.218490805772888,10.047786494991206,10.192057394688284,272284779
2006-04-20,10.252086639404297,10.276790927608408,10.084100884886373,10.153519206390502,492699864
2006-04-21,10.798042297363281,11.134507602021683,10.775068073370594,11.089546682439154,905433112
2006-04-24,10.882037162780762,10.985791976715584,10.783714701486408,10.854862156859117,354780840
2006-04-25,10.55248737335205,10.895376375089782,10.523831074658146,10.860544239651446,384194678
2006-04-26,10.523089408874512,10.623633808679571,10.462812334597718,10.566815921845972,292203159
2006-04-27,10.376348495483398,10.546310264237796,10.360536690526288,10.447494996431535,334766100
2006-04-28,10.324718475341797,10.5171607302562,10.284204266627789,10.341763747248276,297964674
2006-05-01,9.85435676574707,10.361774258976425,9.845711161836586,10.337810612426296,416001453
2006-05-02,9.753072738647461,9.943045242864788,9.59496789594043,9.908213103729876,526136725
2006-05-03,9.737506866455078,9.91858493912178,9.656230637613584,9.791360266397268,324098263
2006-05-04,9.751834869384766,9.853614611000143,9.689087091133858,9.758751351454391,186777474
2006-05-05,9.74071979522705,9.898329907197262,9.67846577321804,9.82224197337797,243509324
2006-05-08,9.75257682800293,9.810383183052291,9.635726869697558,9.760728666722255,205511431
2006-05-09,10.09892463684082,10.103865116787647,9.727131528470144,9.775304755108474,366994449
2006-05-10,9.955146789550781,10.170812013959514,9.927478968719216,10.08681913127371,248415646
2006-05-11,9.560380935668945,9.99788629768657,9.510479535150832,9.966017695945393,357045296
2006-05-12,9.242444038391113,9.507762872731242,9.228115415716646,9.47490673934085,405016432
2006-05-15,9.293578147888184,9.39115900161731,9.097183921819125,9.28690949385429,344891912
2006-05-16,9.17253303527832,9.30988654005056,9.137699948855824,9.288393603466936,260617209
2006-05-17,9.251582145690918,9.383501371440797,9.145850394503363,9.15548447174437,427347823
2006-05-18,9.164873123168945,9.432168884822948,9.157955694520254,9.357316309784405,234274840
2006-05-19,9.140909194946289,9.251582374447896,8.907458991522446,9.221443839676864,457636930
2006-05-22,9.163885116577148,9.21526875916362,9.023073390757173,9.087303416944524,345466056
2006-05-23,9.278263092041016,9.48330483660571,9.228361689915644,9.244419432356745,360666820
2006-05-24,9.4183349609375,9.472436201300189,9.180190182942368,9.321990389980227,383584400
2006-05-25,9.461318969726562,9.461565851838118,9.197482394694385,9.364727525966217,329012615
2006-05-26,9.420804977416992,9.532713519623272,9.388195727966243,9.499857388055371,147229793
2006-05-30,9.188342094421387,9.41215919712664,9.176237302423724,9.344964689887599,173287097
2006-05-31,9.185376167297363,9.344221622838715,9.060869079322435,9.234290037751537,320448635
2006-06-01,9.452178001403809,9.461318314349047,9.179941777985489,9.227867173378579,252061259
2006-06-02,9.37362003326416,9.562358097306115,9.32446022387953,9.556428197072673,256413512
2006-06-05,9.250100135803223,9.423273251974267,9.242935825998117,9.293084102817165,223173385
2006-06-06,9.634244918823242,9.634491800926893,9.296049543617542,9.302966972061972,411930250
2006-06-07,9.548276901245117,9.754553066072559,9.548030019118938,9.714533568009903,357788070
2006-06-08,9.716014862060547,9.739977560506603,9.35262143400957,9.578908271776704,415933198
2006-06-09,9.549758911132812,9.76863457232864,9.519620374290477,9.688594632212268,247223193
2006-06-12,9.425498962402344,9.646597514879609,9.412158814351985,9.593484750713998,201516513
2006-06-13,9.548523902893066,9.560381812366291,9.341011433020178,9.409689122658298,307512327
2006-06-14,9.495903968811035,9.661665911190166,9.350892420061083,9.63029296568718,312045255
2006-06-15,9.659195899963379,9.69007602638391,9.4615653610522,9.550993435304783,272445379
2006-06-16,9.651785850524902,9.657467923102757,9.58508605599272,9.612260116424983,212979318
2006-06-19,9.588543891906738,9.753071432124084,9.559887594010474,9.655491511642865,306468429
2006-06-20,9.564580917358398,9.680689301614853,9.548277237371398,9.585826969585597,162201701
2006-06-21,9.934150695800781,9.98034697595166,9.628316716374465,9.660679084464928,351087046
2006-06-22,9.880295753479004,10.029753073914735,9.585085290139924,9.920563076654044,237362370
2006-06-23,10.001591682434082,10.122392708408565,9.899810984160034,9.949713331890498,213388847
2006-06-26,9.9857816696167,10.086572946627307,9.961818024440154,10.048281625857127,142580431
2006-06-27,9.938844680786133,10.079162647470405,9.906482311435786,10.022589748686157,164899777
2006-06-28,10.032469749450684,10.041611007977785,9.909444906317928,9.980592350582677,148976315
2006-06-29,10.32150650024414,10.331140578158301,10.025306609239284,10.078915026687211,267326263
2006-06-30,10.359055519104004,10.359055519104004,10.18612832546652,10.266909850408728,251258261
2006-07-03,10.454659461975098,10.468740254753692,10.362020028792431,10.376595531676037,86591354
2006-07-05,10.411675453186035,10.444778467228627,10.267898306327544,10.413156745904937,200171490
2006-07-06,10.454413414001465,10.50851370463926,10.424521759554409,10.459107011968817,148036806
2006-07-07,10.386723518371582,10.570520148808352,10.273827454740886,10.525065464833979,242581861
2006-07-10,10.331140518188477,10.504808369017587,10.286179596366411,10.46058809353455,178121149
2006-07-11,10.488256454467773,10.500361244802194,10.203421666636874,10.338798191063049,239747276
2006-07-12,10.307671546936035,10.443295904176313,10.294826109836558,10.427238161893492,197003661
2006-07-13,10.099663734436035,10.33459709366824,10.050256104818791,10.2273831144029,278018189
2006-07-14,9.967995643615723,10.165378380601911,9.84719271687377,10.136722081100322,303216285
2006-07-17,10.076444625854492,10.15327415306715,9.973429513255576,9.995909974993458,233347377
2006-07-18,9.956877708435059,10.14265035134892,9.825700065577509,10.12239277522393,342751921
2006-07-19,9.856827735900879,9.909693618784448,9.74961278552923,9.75825933557376,342017177
2006-07-20,9.563345909118652,9.991216269825722,9.527278417875907,9.987263318189125,503427925
2006-07-21,9.63720989227295,9.677725044794876,9.330388392504547,9.539135262114865,471946365
2006-07-24,9.656725883483887,9.730590931757286,9.417346713095581,9.704157518933455,324656348
2006-07-25,9.618682861328125,9.66685514548874,9.48132937421138,9.511467912077846,231307761
2006-07-26,9.523324012756348,9.681675693452418,9.461564710072905,9.590024740708484,222105397
2006-07-27,9.44674301147461,9.572485456517091,9.33681142580403,9.569520979504137,226489769
2006-07-28,9.588048934936523,9.623621711332753,9.430191015164015,9.436860615141939,163956253
2006-07-31,9.550498008728027,9.613987377405834,9.469222725281915,9.585084201760438,184500973
2006-08-01,9.276534080505371,9.529995937490925,9.276534080505371,9.513691312743354,219347097
2006-08-02,9.071985244750977,9.317541149833726,9.021836023956624,9.278755125549976,284976172
2006-08-03,9.273569107055664,9.335823125487941,8.976382645739358,9.016403086160109,254028606
2006-08-04,9.235526084899902,9.404252512445854,9.183647733568394,9.376584689008045,204571922
2006-08-07,9.336810111999512,9.380782550898592,9.16882342020601,9.177469967928523,158467758
2006-08-08,9.412158012390137,9.49862161226879,9.364974206933864,9.457118932981684,230589077
2006-08-09,9.311860084533691,9.503067902495577,9.297531463927946,9.456623799528709,173086347
2006-08-10,9.244172096252441,9.329894102585815,9.201187179080307,9.236266193523205,171114986
2006-08-11,9.103361129760742,9.270853168124551,9.091009455073022,9.24911335043824,151224711
2006-08-14,9.126333236694336,9.267145889853971,9.107558846878648,9.177470936322296,199476896
2006-08-15,9.411416053771973,9.428709151437856,9.204645203521794,9.241948993733446,268932260
2006-08-16,9.578167915344238,9.596201660250099,9.43982691036276,9.473423687261073,235005569
2006-08-17,9.530736923217773,9.63449268394294,9.484293760313152,9.545312427753453,203969673
2006-08-18,9.470458984375,9.562604655401879,9.405982081229938,9.543335554498645,198830482
2006-08-21,9.320755004882812,9.362751453213525,9.269371359983921,9.340517872466343,161535213
2006-08-22,9.345211029052734,9.36917372951846,9.259982779837763,9.331377116988973,167188323
2006-08-23,9.225150108337402,9.344716721592567,9.206127889162682,9.329152743755627,146238089
2006-08-24,9.232561111450195,9.298520253072272,9.196245794515766,9.25010109170429,139822131
2006-08-25,9.220951080322266,9.271841905942667,9.20217668752448,9.21650436425302,99037832
2006-08-28,9.41092300415039,9.41092300415039,9.26393450055479,9.279003768678278,167184308
2006-08-29,9.361515045166016,9.444767286072764,9.318283245109182,9.406722847986693,179068687
2006-08-30,9.40598201751709,9.50232752138065,9.35064542803673,9.367937580175846,162382376
2006-08-31,9.351140022277832,9.440568105678604,9.34298818264309,9.424263480500597,118839777
2006-09-01,9.35286808013916,9.41907410182316,9.318035948717117,9.411910737407041,107316747
2006-09-05,9.495162963867188,9.520854782259635,9.324212720106155,9.384241959781479,163582859
2006-09-06,9.390912055969238,9.4662583869585,9.37905320276966,9.439331213469437,149522354
2006-09-07,9.350150108337402,9.43068379336833,9.323221991429048,9.372383682453282,154256030
2006-09-08,9.33434009552002,9.406969777532932,9.306424447843254,9.306424447843254,123798294
2006-09-11,9.488492012023926,9.50331439621432,9.332364159762943,9.344468949200369,181847062
2006-09-12,9.68143081665039,9.701934330492197,9.508009833963133,9.510974311375026,218503948
2006-09-13,10.04383659362793,10.048530192242305,9.760483988523537,9.761718399283666,392192544
2006-09-14,9.979850769042969,10.03666959331766,9.929207780549216,9.987755725333566,215448538
2006-09-15,10.125604629516602,10.129803517096647,10.04803446171096,10.066315088287208,314703180
2006-09-18,10.244429588317871,10.343244859183905,10.115474836897356,10.128569047402195,285333506
2006-09-19,9.975651741027832,10.264191627693428,9.702179228656416,10.263450981446184,573858932
2006-09-20,9.807417869567871,10.064091041957852,9.748623045239809,10.05692673223472,367283528
2006-09-21,10.050751686096191,10.090277414852839,9.87807232249496,9.888941756016777,429287065
2006-09-22,9.9749116897583,10.06557512841983,9.915128380244425,10.004556462394687,186681114
2006-09-25,9.979850769042969,10.11498040178269,9.943289518529127,10.019377442312704,230352192
2006-09-26,10.051246643066406,10.07125733782242,9.925256357647962,10.017402036194737,212369039
2006-09-27,9.953665733337402,10.158707465323898,9.940077758784145,10.037163907910303,235949093
2006-09-28,9.969969749450684,10.05396358289078,9.894870293251227,9.982322368017687,205061752
2006-09-29,9.928468704223633,10.020367501028211,9.91636391283359,10.008262709638169,132932403
2006-10-02,9.91710376739502,10.029752950510739,9.901293853576208,9.928467911502906,146623529
2006-10-03,9.98133373260498,10.041117038070416,9.836815948743391,9.913398588170823,219407321
2006-10-04,10.269381523132324,10.271110643884981,9.956877945704283,10.004309581930354,267470802
2006-10-05,10.173283576965332,10.332129042700114,10.149814641579868,10.244676965670074,232460064
2006-10-06,10.387959480285645,10.422791614556187,10.122392833727476,10.13400386045382,294559960
2006-10-09,10.597942352294922,10.670818930514184,10.460095099505695,10.49418658950622,304468963
2006-10-10,10.539888381958008,10.816570397029725,10.434649441803911,10.661183172711848,393011603
2006-10-11,10.536181449890137,10.620421214812502,10.468492244349365,10.499620198177421,226260915
2006-10-12,10.559405326843262,10.614741924075702,10.474423955038342,10.587073152505198,194486260
2006-10-13,10.55594539642334,10.610294461284745,10.512960476317925,10.56730954117933,145443121
2006-10-16,10.418839454650879,10.60288297519259,10.40871066667978,10.565827010608375,173423607
2006-10-17,10.39141845703125,10.468246089017175,10.294084475285747,10.383017843893429,209221284
2006-10-18,10.358563423156738,10.492951491697697,10.313849379052654,10.449472804188563,241594173
2006-10-19,10.525311470031738,10.610292822733147,10.36498378715334,10.381288409502982,461864718
2006-10-20,11.355608940124512,11.366231492672522,11.205410019911387,11.338809605017419,467662368
2006-10-23,11.877104759216309,11.972461783782599,11.372900589949944,11.420083446237925,606444615
2006-10-24,11.692567825317383,11.804970122236046,11.645630903871611,11.765938157411913,347706422
2006-10-25,12.020882606506348,12.067819533111475,11.737036270039663,11.79583015992637,368877480
2006-10-26,11.983826637268066,12.153293702237594,11.961593059297176,12.047561948209507,282322262
2006-10-27,11.7392578125,11.987284456816003,11.672310198838776,11.954181446082304,265150137
2006-10-30,11.773101806640625,11.86920042844827,11.611045935388868,11.729870953317842,263508004
2006-10-31,11.768657684326172,11.911198538554638,11.705662065382183,11.809912540697582,252358369
2006-11-01,11.549039840698242,11.83634536588693,11.493703246202832,11.827205051830603,217865564
2006-11-02,11.608575820922852,11.702943435153973,11.521371571658774,11.54903939488419,210253137
2006-11-03,11.655265808105469,11.703438089359027,11.488762267593406,11.665888360356288,197043811
2006-11-06,11.782490730285645,11.84943835030948,11.668359302445188,11.70393302932798,200408375
2006-11-07,11.674286842346191,11.833627001747114,11.654523032533765,11.782489302595234,196618221
2006-11-08,11.734317779541016,11.90082131383646,11.576212966342059,11.619444765980969,319794191
2006-11-09,11.675768852233887,11.845236849403994,11.656746634968268,11.77137275682132,195899538
2006-11-10,11.698498725891113,11.727401908220141,11.617964070062685,11.704180798683707,112287309
2006-11-13,11.883280754089355,11.886739941109543,11.713071158799865,11.731846494638997,174326980
2006-11-14,12.087583541870117,12.103640339235195,11.87018916712923,11.875130593310978,290019003
2006-11-15,12.152552604675293,12.348207137645602,12.152552604675293,12.189608566584141,336083018
2006-11-16,12.250627517700195,12.294599962939367,12.168115925250413,12.22839394002586,204467533
2006-11-17,12.322021484375,12.34351346920445,12.178984999274432,12.185161781147427,221266263
2006-11-20,12.229629516601562,12.312387046733292,12.170339975069309,12.312387046733292,205748315
2006-11-21,12.59030532836914,12.598950931568089,12.248897646946865,12.266437627266132,338363534
2006-11-22,12.54979133605957,12.67306307277236,12.494701627216385,12.622914789736123,180702789
2006-11-24,12.475432395935059,12.53719265061069,12.450728104883115,12.463080723363312,69567783
2006-11-27,11.975180625915527,12.395886667893222,11.975180625915527,12.385757879822476,294086191
2006-11-28,12.092522621154785,12.10141699806976,11.784465786843343,11.885751769115133,313073093
2006-11-29,11.972710609436035,12.221972644598496,11.913421062068956,12.209620970866535,253558852
2006-11-30,11.976661682128906,12.114755794311558,11.89612704156044,11.961345533431647,223936234
2006-12-01,11.877599716186523,12.065102425172492,11.820780885446862,12.005565999361995,226100315
2006-12-04,11.97765064239502,12.04138690343415,11.841780344600972,11.931949072930252,196730641
2006-12-05,12.030762672424316,12.091039737647566,11.978638391476366,12.04064363129887,164735162
2006-12-06,12.073006629943848,12.164163824741854,11.969497762948347,12.029774831344199,178679233
2006-12-07,11.923055648803711,12.149342503100714,11.917620458525061,12.110557416606547,187271318
2006-12-08,11.959370613098145,12.070290687781693,11.857837734897371,11.905763137657974,159591956
2006-12-11,11.954922676086426,12.077700647855156,11.951711316875993,11.979380085142369,131025281
2006-12-12,11.901810646057129,12.01495360122398,11.8647546799944,11.95294740626944,167866857
2006-12-13,11.832886695861816,11.993710069949927,11.784220646141435,11.973699374273925,187182988
2006-12-14,11.910208702087402,11.950476025306909,11.790148324662947,11.864013370537695,190668002
2006-12-15,11.86524772644043,11.959369401591534,11.853884528140963,11.923055030001185,208410256
2006-12-18,11.43293285369873,11.925526087112313,11.381548263005236,11.919844960302212,321865927
2006-12-19,11.576953887939453,11.593753222348786,11.326704343382406,11.406251461990925,264467588
2006-12-20,11.435401916503906,11.647854857762415,11.421321122550271,11.610799838123851,175366863
2006-12-21,11.269886016845703,11.493456223020724,11.174528979827219,11.467022809674017,279174507
2006-12-22,11.254569053649902,11.33016321868506,11.184163196424322,11.30200068661314,160129965
2006-12-26,11.302742004394531,11.350667400401326,11.230112318183073,11.277790832092252,83282999
2006-12-27,11.56213092803955,11.56336723034713,11.341526165856301,11.363759743315855,169894428
2006-12-28,11.427000999450684,11.575718609614247,11.419342925059796,11.539650176486905,125115211
2006-12-29,11.375618934631348,11.474187332867793,11.36030278373413,11.41563937857344,102751700
2007-01-03,11.551261901855469,11.775324894785836,11.391181097516615,11.51198211055358,309415434
2007-01-04,11.938371658325195,11.955416929411928,11.570037727950002,11.58609547056756,316686586
2007-01-05,12.035457611083984,12.04311568613316,11.811146766097421,11.919597065076916,275914333
2007-01-08,11.94627571105957,12.101662913251634,11.912184228258354,12.047807621409364,190888826
2007-01-09,11.993708610534668,12.06164375535024,11.887481199881949,11.992472308191672,216062832
2007-01-10,12.091535568237305,12.192573726475034,11.908232696999866,11.967274411358037,239634856
2007-01-11,12.34499740600586,12.395146638718273,12.25754627028094,12.282743381792216,289408724
2007-01-12,12.475432395935059,12.475432395935059,12.3519137784007,12.4010735865816,179618741
2007-01-16,12.45764446258545,12.673061851390122,12.433434883735085,12.538425983387201,303890804
2007-01-17,12.28471851348877,12.543861468769293,12.213077303587264,12.435658061736587,268968395
2007-01-18,12.051268577575684,12.264956872222786,12.041386671604322,12.216535816735663,238169384
2007-01-19,12.098699569702148,12.123650744416125,12.024341701620196,12.054974002853703,199878396
2007-01-22,11.87858772277832,12.17033897092262,11.82077947864555,12.16663384783678,216982266
2007-01-23,11.834369659423828,11.975181389297001,11.790890973081796,11.877353635596018,187319498
2007-01-24,12.328939437866211,12.340550464901252,11.939113512031009,11.967769810526045,243280470
2007-01-25,12.05769157409668,12.463081475844865,11.997661382356098,12.376617870805342,255694828
2007-01-26,12.249146461486816,12.300036339994971,12.03150615318891,12.127850719835186,220684089
2007-01-29,12.165894508361816,12.321034860691737,12.11722845961525,12.302507350015164,191744020
2007-01-30,12.211596488952637,12.302506809336418,12.135014790583167,12.203690585678565,167846782
2007-01-31,12.388968467712402,12.47543206523957,12.240992445154694,12.265202971352705,490074058
2007-02-01,11.901068687438965,12.50038301354091,11.895632551804484,12.5001361314458,628695706
2007-02-02,11.894891738891602,11.981355333656827,11.803734546659797,11.92231267741612,252402534
2007-02-05,11.540639877319336,11.80842938905428,11.516676233379522,11.796076770983309,289356529
2007-02-06,11.647358894348145,11.692320758312976,11.543109383704424,11.563860722177916,213673912
2007-02-07,11.611045837402344,11.71825982835522,11.580659475009911,11.705166563872714,165409681
2007-02-08,11.636244773864746,11.703439281532454,11.49098632305754,11.56262754695124,163679219
2007-02-09,11.410452842712402,11.677006101782421,11.400817817740837,11.651562106425056,195072449
2007-02-12,11.321517944335938,11.422803939994164,11.240736408304182,11.380560610084185,231042771
2007-02-13,11.341526985168457,11.432437304267637,11.296072298573113,11.342762341656856,163113105
2007-02-14,11.51025390625,11.589306313411218,11.34449101709027,11.363760118190879,228806420
2007-02-15,11.400074005126953,11.51519389671709,11.381546497041072,11.511982537654877,162302076
2007-02-16,11.609317779541016,11.614506088175052,11.414651682865108,11.432933258247061,248006116
2007-02-20,11.662676811218262,11.678734553344224,11.480114585382076,11.573000904967685,163313855
2007-02-21,11.755563735961914,11.825228006283096,11.554968700795559,11.606847053307035,226469694
2007-02-22,11.755315780639648,11.962581360410239,11.719249235257376,11.825474760354524,230617182
2007-02-23,11.626115798950195,11.782490552145477,11.556450584858,11.75284578019135,155886118
2007-02-26,11.485550880432129,11.740493079741746,11.456399872910177,11.68071071792739,159391206
2007-02-27,11.086336135864258,11.358819245006437,11.046809460698151,11.240241111324961,373908266
2007-02-28,11.10313606262207,11.207386535909935,10.944784349726003,11.12685093591899,322496281
2007-03-01,11.072997093200684,11.176505970153762,10.869684462946838,10.935643609589517,348710170
2007-03-02,10.837074279785156,11.084606219975571,10.837074279785156,10.995919737084282,264331078
2007-03-05,10.893152236938477,11.005554533755353,10.795571379058096,10.796065143250122,255156819
2007-03-06,11.303235054016113,11.339054711799518,11.05199611810139,11.05421994865618,302477526
2007-03-07,11.256052017211914,11.44133089950041,11.222702121090707,11.43021363685434,262343656
2007-03-08,11.233323097229004,11.49963035640604,11.218006948883518,11.344490032638763,215316044
2007-03-09,11.18984603881836,11.32423600146292,11.11919328865253,11.314354094443756,199854306
2007-03-12,11.234064102172852,11.24641671998596,11.144142265907789,11.180210699159316,139135567
2007-03-13,10.944536209106445,11.164400329830745,10.939595729309584,11.11943846381807,256048147
2007-03-14,11.067314147949219,11.08361877173229,10.84498026090603,10.949477604016042,321877972
2007-03-15,11.022600173950195,11.112276078230982,10.967016701867292,11.06385502489849,158359353
2007-03-16,10.8906831741333,11.035200975311838,10.866968300696985,11.009261324949104,227212468
2007-03-19,11.04829216003418,11.079666997741382,10.885246864705623,10.94997159698435,208687290
2007-03-20,11.00011920928955,11.057432745290741,10.958616532232096,11.012718709207622,137372985
2007-03-21,11.278532028198242,11.279025792417542,10.998390830971521,11.000613715866841,232801338
2007-03-22,11.414155960083008,11.417367319206107,11.179222574902996,11.255310503180773,228079706
2007-03-23,11.408968925476074,11.447507131070651,11.29162613379614,11.399581729159728,165068406
2007-03-26,11.487278938293457,11.487278938293457,11.255557848606381,11.377347347739219,189118214
2007-03-27,11.453186988830566,11.492960543282411,11.372157641536797,11.4514578683602,150208917
2007-03-28,11.41020393371582,11.498148824014232,11.36746495315832,11.409956105707364,184352418
2007-03-29,11.386487007141113,11.511982568449401,11.240241052920833,11.476161962660813,160137995
2007-03-30,11.318305969238281,11.447754493098987,11.268403620517443,11.415639007774667,135714793
2007-04-02,11.327445030212402,11.327445030212402,11.169094276485849,11.308423756741396,138457033
2007-04-03,11.675028800964355,11.715790835614575,11.462575861820904,11.46381121831159,261046814
2007-04-04,11.63599681854248,11.6849106925171,11.600423092015482,11.663665587810753,151718555
2007-04-05,11.648100852966309,11.662427580876033,11.60140987076956,11.642911599743494,109039179
2007-04-09,11.56657886505127,11.684910119648618,11.501854133823926,11.684415409532114,122943100
2007-04-10,11.524334907531738,11.630314492544093,11.491231894705138,11.538910411150583,119618686
2007-04-11,11.475667953491211,11.595976150480327,11.428236322914254,11.513464561153027,153051532
2007-04-12,11.546321868896484,11.561391137082525,11.419097176722575,11.462575860557324,108721995
2007-04-13,11.519146919250488,11.58041151572424,11.446764115221269,11.572506559067694,112211024
2007-04-16,11.716283798217773,11.78347829517388,11.565095470635212,11.572753545263316,203877329
2007-04-17,11.679967880249023,11.76865530392395,11.650323111661772,11.704672169374527,128885290
2007-04-18,11.759269714355469,11.855366451477991,11.599187942132586,11.641925980331163,227670177
2007-04-19,11.651559829711914,11.906009192652181,11.60066995712386,11.721964738756549,442034667
2007-04-20,11.919103622436523,12.166636546915214,11.907739476756603,12.117722668335695,488283372
2007-04-23,11.83510971069336,11.98135662372104,11.81485213427915,11.860307767197753,227834792
2007-04-24,11.796817779541016,11.85734172686985,11.747902965689821,11.82349807114619,148341946
2007-04-25,11.808182716369629,11.891681844502266,11.761739554258652,11.857837237884397,159266742
2007-04-26,11.886987686157227,11.967769215322503,11.786443291348103,11.810898808906904,165614446
2007-04-27,11.833378791809082,11.917125740643542,11.816581349893903,11.85956532080896,117466650
2007-04-30,11.644888877868652,11.89118639352947,11.644888877868652,11.83683733577078,146193924
2007-05-01,11.586095809936523,11.68021654570914,11.466776071108898,11.664900394903333,146876473
2007-05-02,11.506547927856445,11.637477728497629,11.505311625599944,11.577447544791209,122967190
2007-05-03,11.690589904785156,11.711342187769906,11.494441622678728,11.517415844344878,144306878
2007-05-04,11.638467788696289,11.730365638346543,11.509019262943232,11.613763496092709,158592223
2007-05-07,11.543355941772461,11.68046157683256,11.523593078131446,11.663664135941488,121256803
2007-05-08,11.53199291229248,11.565590635044481,11.480610218590195,11.515194523870713,116639561
2007-05-09,11.592269897460938,11.653535437347987,11.459610030750024,11.51568820907922,156179212
2007-05-10,11.400074005126953,11.598199251776684,11.388957689457106,11.537674356060995,148004686
2007-05-11,11.530264854431152,11.536688519405951,11.388465595258403,11.408969109025703,118205408
2007-05-14,11.407733917236328,11.549286284584465,11.36376052349452,11.499138000239782,155488633
2007-05-15,11.314352989196777,11.426508413615124,11.299777485187615,11.412179791723322,165377561
2007-05-16,11.675275802612305,11.688369068094051,11.339551119432269,11.41316834040091,263150670
2007-05-17,11.634514808654785,11.739752805790818,11.630809685022964,11.67157077451554,187122763
2007-05-18,11.618705749511719,11.677500589068519,11.604624008493296,11.660949080749827,148390126
2007-05-21,11.62562084197998,11.838072812068052,11.529769107192804,11.599186486139706,247295463
2007-05-22,11.755563735961914,11.833379845866355,11.684910991242436,11.684910991242436,154135581
2007-05-23,11.708873748779297,11.942078035233443,11.70343855842493,11.87809394523337,203166675
2007-05-24,11.717764854431152,11.83807305306633,11.647853709881923,11.738022428903358,167569747
2007-05-25,11.944793701171875,11.98012054375001,11.790394958023999,11.850425145469742,214741900
2007-05-29,12.03348159790039,12.149343098823545,11.956653959322585,11.981357307090994,209502334
2007-05-30,12.317328453063965,12.323256461299405,11.93194832552828,11.969004288927566,290918361
2007-05-31,12.300283432006836,12.568813623394998,12.27928520835852,12.365748816054598,358310019
2007-06-01,12.361796379089355,12.475926861650805,12.300776767300926,12.376617819463767,192679513
2007-06-04,12.526568412780762,12.611549769034704,12.292376628330718,12.30028158480064,285104652
2007-06-05,12.817333221435547,12.821286172958011,12.515206270470928,12.592776440978513,419450332
2007-06-06,12.80275821685791,12.865259117248456,12.72889317242965,12.76570225359193,316650452
2007-06-07,12.723954200744629,13.006566137569179,12.660959528680204,12.839814756062182,426813829
2007-06-08,12.734575271606445,12.837095666634442,12.58561171782219,12.752115251907822,255281284
2007-06-11,12.632055282592773,12.802759614353347,12.598952267097927,12.698262259491013,186604829
2007-06-12,12.46975040435791,12.640205933380205,12.430223730599678,12.56708343144883,257742474
2007-06-13,12.48136043548584,12.562883549483974,12.319550509746293,12.52706294492407,282414606
2007-06-14,12.422073364257812,12.497172823617559,12.393909884612283,12.484821150439238,185540856
2007-06-15,12.497419357299805,12.574247935253467,12.382299458470737,12.55423724151766,247889682
2007-06-18,12.727413177490234,12.747175098702419,12.45665820889302,12.50458455687587,194161046
2007-06-19,12.705425262451172,12.77805400499278,12.63699540751528,12.698014069752187,174864989
2007-06-20,12.598212242126465,12.81511192027341,12.575731778500431,12.770892585358414,174178426
2007-06-21,12.700484275817871,12.729633389423292,12.507053572955732,12.623160992728726,177049146
2007-06-22,12.969014167785645,12.969261049876005,12.749643823011784,12.757549725353677,289228049
2007-06-25,13.029291152954102,13.216299132740424,12.92948741320825,13.067828406519947,318188194
2007-06-26,13.099451065063477,13.172079807997944,13.000141082359887,13.160468781721987,228433026
2007-06-27,13.001379013061523,13.043375461873284,12.835122338685423,12.96951040733791,245842035
2007-06-28,12.969757080078125,13.080678101159101,12.939865423754105,12.966545720525577,167360967
2007-06-29,12.912691116333008,13.02879854331373,12.83265023340915,12.994707056142456,155805818
2007-07-02,13.102415084838867,13.138729455038602,12.949745465651107,12.981613120362605,140026895
2007-07-03,13.20024299621582,13.201725234837275,13.031269685186981,13.11921458218196,75152639
2007-07-05,13.380332946777344,13.44876374820497,13.146141147310113,13.230380916782911,198457088
2007-07-06,13.325244903564453,13.43567026281973,13.308693396486769,13.370947419049958,110291857
2007-07-09,13.40330696105957,13.55597657288151,13.346488136753992,13.414177340111973,149751208
2007-07-10,13.422576904296875,13.512992507970392,13.38082734369869,13.433694166134119,154818129
2007-07-11,13.450493812561035,13.500643048281631,13.340315325896393,13.42924965153629,132868163
2007-07-12,13.471738815307617,13.520898626811073,13.345501648349021,13.484832080990994,138179998
2007-07-13,13.640463829040527,13.6530633291687,13.519169046687992,13.535472724181176,210269197
2007-07-16,13.660968780517578,13.799062901375093,13.570058465076935,13.59451587401921,264969462
2007-07-17,13.71062183380127,13.778063207426012,13.64589805486956,13.711611253936637,173792986
2007-07-18,13.574753761291504,13.698272385655466,13.434188919763898,13.683203117266697,244111573
2007-07-19,13.552271842956543,13.674061333482015,13.395402393395797,13.672579095014447,446756299
2007-07-20,12.848955154418945,12.924548377461953,12.586599866907525,12.645889411183212,713556598
2007-07-23,12.660956382751465,12.845988347024468,12.652062952723323,12.82153094149292,255221059
2007-07-24,12.69776725769043,12.81362780063049,12.527557652688527,12.58165888673533,223719424
2007-07-25,12.593023300170898,12.772372276493629,12.489266599594226,12.771384748046167,222631361
2007-07-26,12.549543380737305,12.66293510241131,12.324244067751556,12.567824953402338,276368027
2007-07-27,12.64564323425293,12.762492262688621,12.48778528677019,12.562638813546707,221189978
2007-07-30,12.74989128112793,12.829684333064149,12.61130339860231,12.671086703506203,159126217
2007-07-31,12.598952293395996,12.856860880509329,12.598952293395996,12.851672572120707,171460275
2007-08-01,12.671581268310547,12.759773992720959,12.553003125325382,12.611304195395267,177791919
2007-08-02,12.623903274536133,12.7222238452795,12.574248751955466,12.690850896934299,126669014
2007-08-03,12.426024436950684,12.678004037137676,12.426024436950684,12.600186988503598,127524207
2007-08-06,12.598952293395996,12.602658363089091,12.413674348272087,12.426026022098638,146607469
2007-08-07,12.747669219970703,12.843026255456419,12.575236722502224,12.59277670374428,171211346
2007-08-08,12.98878002166748,12.98878002166748,12.774103224919912,12.829686706656133,163362034
2007-08-09,12.715802192687988,13.014470923291622,12.713331479573933,12.86575423626832,194586635
2007-08-10,12.740999221801758,12.814368612008813,12.490995614095644,12.603398863082875,235888868
2007-08-13,12.734824180603027,12.839815305200707,12.673805508901175,12.834627942461001,127648672
2007-08-14,12.564364433288574,12.781757820364406,12.549542049407455,12.740256091405625,145892800
2007-08-15,12.291388511657715,12.640701141763575,12.270637172650591,12.574247291339361,217191045
2007-08-16,12.142424583435059,12.263719362787436,11.869199889553277,12.154776255252196,347120233
2007-08-17,12.352901458740234,12.376617275751052,12.145635887913176,12.288671436305428,219997525
2007-08-20,12.300529479980469,12.415155614822877,12.253097845437614,12.412684901887612,108296406
2007-08-21,12.515206336975098,12.553496712299253,12.296824445890907,12.325727625446365,144965337
2007-08-22,12.666887283325195,12.753350884365442,12.580423682284948,12.597963662965954,130595677
2007-08-23,12.653054237365723,12.750387279242961,12.524841065602631,12.74717497387347,123529289
2007-08-24,12.722472190856934,12.736058274672475,12.561895709450374,12.663429528064881,99278731
2007-08-27,12.679486274719238,12.78299609578506,12.633537823503442,12.708390400703285,93352602
2007-08-28,12.510018348693848,12.7219765806987,12.494949080292661,12.63674833253577,131446855
2007-08-29,12.670098304748535,12.680473974433061,12.530521947076073,12.545591214442668,102354216
2007-08-30,12.633536338806152,12.732350658473479,12.61327876478619,12.657251207981279,106465569
2007-08-31,12.728645324707031,12.759525449404132,12.635265250269192,12.675532569645396,119550431
2007-09-04,12.973214149475098,13.043620003727822,12.713082717288954,12.722964622375184,148301796
2007-09-05,13.038680076599121,13.080181809539582,12.90157348549893,12.929981953770175,133012703
2007-09-06,12.932947158813477,13.088828138065404,12.802511116251841,13.077217112122156,145579631
2007-09-07,12.829933166503906,12.87662415986141,12.766939438791008,12.793125971886147,147093283
2007-09-10,12.709624290466309,12.897126994867852,12.620690923004442,12.877610065621203,129515644
2007-09-11,12.878847122192383,12.88675207965208,12.740505164150854,12.771632175653336,108549350
2007-09-12,12.911455154418945,13.043127508747352,12.82128642712799,12.85908303877333,119887690
2007-09-13,12.96407413482666,13.024104321187831,12.925535933784685,12.946287272807286,75927532
2007-09-14,13.062150001525879,13.09969973455784,12.90083475172689,12.925043390099738,111010541
2007-09-17,12.976921081542969,13.075241652381782,12.946535661677704,13.007306501408234,88229471
2007-09-18,13.22321605682373,13.272129927022037,12.951474540619447,13.007058011072406,169260059
2007-09-19,13.50928783416748,13.57351691086213,13.311904168547187,13.322032956406842,221904647
2007-09-20,13.657018661499023,13.755092355196107,13.489032864436348,13.512994620659555,221828362
2007-09-21,13.836612701416016,13.853658917723601,13.657016846277228,13.743726382733794,321669193
2007-09-24,14.032268524169922,14.117249887896856,13.834143263549215,13.8588466094057,212674178
2007-09-25,14.056477546691895,14.070312404497049,13.90479733416027,13.932958922193567,109633398
2007-09-26,14.035725593566895,14.125400547682224,13.928263777884055,14.09106218091857,134345680
2007-09-27,14.019421577453613,14.124166755811908,13.976931367385843,14.123918927783462,82560301
2007-09-28,14.013739585876465,14.070064650268865,13.93592253565698,14.0070699854158,105975740
2007-10-01,14.391213417053223,14.4356805719359,14.071545557910689,14.080439934795644,189158364
2007-10-02,14.436670303344727,14.743491806935587,14.328466883708137,14.41171912883647,283759629
2007-10-03,14.427529335021973,14.550307315362492,14.33711372296927,14.48261904738518,155761653
2007-10-04,14.304256439208984,14.453961585417321,14.25559039554027,14.453961585417321,119915795
2007-10-05,14.675308227539062,14.723481453832749,14.501393497206886,14.50386421011686,203507949
2007-10-08,15.059946060180664,15.075755973515411,14.672836822859137,14.698776469465502,201873847
2007-10-09,15.19729995727539,15.409752886235127,15.029561066502563,15.19557083663471,352026555
2007-10-10,15.4495267868042,15.456690151630196,15.237320735248806,15.349969920577317,216231462
2007-10-11,15.3657808303833,15.84528267372465,15.044631642065976,15.65333418547588,473729022
2007-10-12,15.745973587036133,15.770923816239131,15.272894463869964,15.414695611074782,273971076
2007-10-15,15.319089889526367,15.806990426164196,15.206441649394614,15.772653002660771,278793083
2007-10-16,15.217557907104492,15.462619143980895,15.118494804853823,15.27906938900292,241915372
2007-10-17,15.64937973022461,15.662225166814405,15.355651512474505,15.574527157790122,242124152
2007-10-18,15.801061630249023,15.844293431563933,15.526355618108518,15.697058992524221,493410518
2007-10-19,15.926803588867188,16.267222798688213,15.890242335309111,16.17013664680231,633927242
2007-10-22,16.07601547241211,16.181007530423372,15.7185509811259,15.777593642744382,267575192
2007-10-23,16.694108963012695,16.73931582892291,16.30452892074521,16.33540905433461,272766578
2007-10-24,16.69533920288086,16.73610028567211,16.293653544897907,16.618508742734278,297278110
2007-10-25,16.514755249023438,16.773158543143794,16.392224148965738,16.765994231885035,232688918
2007-10-26,16.665205001831055,16.713130406950395,16.503640029344496,16.65112231459668,134658850
2007-10-29,16.779577255249023,16.79859947138443,16.603191840669133,16.743509771348325,123111730
2007-10-30,17.163476943969727,17.29045379055356,16.73708794019815,16.73708794019815,277058606
2007-10-31,17.465608596801758,17.465608596801758,17.194853605864004,17.30972664022514,276103037
2007-11-01,17.371978759765625,17.631615512260154,17.33665286041025,17.36160403518656,262066622
2007-11-02,17.57059669494629,17.62815711933205,17.22696705301406,17.552316067166114,234535815
2007-11-05,17.926332473754883,18.039476376273115,17.442632689517897,17.465359087781504,356679932
2007-11-06,18.32505226135254,18.32505226135254,17.910277038196725,18.220555852160008,338716853
2007-11-07,18.106422424316406,18.459687067459782,17.864324725207513,18.308746565149868,332180444
2007-11-08,17.1405029296875,18.1545943815562,16.72893815133279,18.14743196256815,662963671
2007-11-09,16.40260124206543,16.845046189435184,16.33441826092544,16.69435349603861,457231416
2007-11-12,15.614547729492188,16.549834626310403,15.469784000314396,16.24869519516705,410625377
2007-11-13,16.318111419677734,16.327252678273325,15.614545711674673,15.933718847189688,339082217
2007-11-14,15.851950645446777,16.6871868448032,15.718303243120083,16.63259090193752,325001637
2007-11-15,15.554764747619629,15.995728356200697,15.415188386224878,15.775123583809611,279752666
2007-11-16,15.653085708618164,15.699034156642,15.218051069546636,15.660743783288803,363067785
2007-11-19,15.46088981628418,15.73065628696913,15.279317012439764,15.553282370767015,221924722
2007-11-20,16.021419525146484,16.282293517546776,15.634311207936928,15.723492405642054,395099399
2007-11-21,16.317371368408203,16.550823470742415,15.861833199921202,15.903581816174809,281591533
2007-11-23,16.71708106994629,16.756113039273938,16.50487595170848,16.551564104628074,109958613
2007-11-26,16.45275115966797,17.129635750286788,16.428045920177055,16.803545128814285,272622038
2007-11-27,16.639755249023438,16.710408933582585,16.06390889628857,16.670141611552932,357515050
2007-11-28,17.101470947265625,17.15186705906042,16.60443009572951,16.850727636578505,317846919
2007-11-29,17.218570709228516,17.361605329896765,16.99055187771128,17.064170051011164,249250764
2007-11-30,17.1197509765625,17.565901936497244,16.850727048060172,17.564420643875255,317003771
2007-12-03,16.836397171020508,17.16915827741692,16.82676214833722,17.070588949541925,173652461
2007-12-04,16.901369094848633,17.09504763222587,16.72745436848344,16.75685320289783,169906473
2007-12-05,17.25586700439453,17.26624361875983,16.983878631757626,17.11307835855138,169015145
2007-12-06,17.669658660888672,17.701774144400396,17.218814102563393,17.238330085592782,197096005
2007-12-07,17.660024642944336,17.737348879060665,17.552069997830394,17.66298912017856,154661545
2007-12-10,17.747724533081055,17.905335598986454,17.638534525748835,17.687695284806566,154826159
2007-12-11,17.27291488647461,17.8112124796065,17.262540162355908,17.7852737774928,246484434
2007-12-12,17.276622772216797,17.6464389708656,17.008586335834114,17.638534958844264,247287433
2007-12-13,17.14569091796875,17.233885535770884,16.828495633148602,17.20152222195589,202387766
2007-12-14,17.044652938842773,17.28526936498671,16.977953145335864,16.984129927983282,147490767
2007-12-17,16.532543182373047,17.179535130360506,16.39518970237573,16.996233199559178,220262515
2007-12-18,16.634321212768555,16.717324674156654,16.119245716134223,16.654330958890537,287742502
2007-12-19,16.73362922668457,16.78624821551261,16.526857448410063,16.655565303660186,177506855
2007-12-20,17.037982940673828,17.070346255881333,16.813673970221778,16.94262779133619,177551020
2007-12-21,17.210906982421875,17.274396352734016,17.12567874577312,17.240305814801218,216086922
2007-12-24,17.310710906982422,17.310710906982422,17.121234095639448,17.168911664626485,65380146
2007-12-26,17.560470581054688,17.619264472751926,17.248460754744805,17.26772891186355,101579322
2007-12-27,17.310956954956055,17.687937373873257,17.310956954956055,17.46733263028577,118141168
2007-12-28,17.355178833007812,17.489074070385605,17.2072046937909,17.41446837663023,102892225
2007-12-31,17.08220672607422,17.35419520378261,17.059972196311563,17.25735685531917,95404263
2008-01-02,16.92681312561035,17.22770658527799,16.742523685308164,17.116539647352873,172921733
2008-01-03,16.930273056030273,16.96782373114429,16.712632755907247,16.928545827133146,130587647
2008-01-04,16.23041343688965,16.82231753348155,16.181006747381364,16.79094364242605,215195594
2008-01-07,16.038959503173828,16.360852178932856,15.744985317937948,16.154821948276304,257096061
2008-01-08,15.604913711547852,16.30353804479427,15.588114377480958,16.131598374073125,214364490
2008-01-09,16.136539459228516,16.139997700447672,15.378378718250865,15.564398232319757,270598482
2008-01-10,15.976703643798828,16.235352814321864,15.813164608760435,15.934213442146199,254317685
2008-01-11,15.767216682434082,16.04439529333239,15.566127894178827,15.877149218053392,199826201
2008-01-14,16.15185546875,16.240296014349212,15.940144137652814,16.085649446508025,178566813
2008-01-15,15.752394676208496,16.0340190636639,15.696317437558898,15.956201064385427,223562839
2008-01-16,15.216320991516113,15.810202033231464,14.869973781442239,15.53796580289032,423983259
2008-01-17,14.841812133789062,15.458171740913416,14.773134452375349,15.335146890769934,329903943
2008-01-18,14.828472137451172,15.069087596256962,14.784004981801205,15.028820274069787,342864341
2008-01-22,14.435681343078613,14.760536581356762,13.863786972861245,13.88429143080388,381484558
2008-01-23,13.55301284790039,14.031773047869876,12.821285519285277,13.851681542248503,681171664
2008-01-24,14.19210147857666,14.320561525219878,13.689379500243813,13.804499399634263,377445475
2008-01-25,13.992246627807617,14.698775866941547,13.986811438248107,14.619970347870566,279684411
2008-01-28,13.734833717346191,14.1365175220754,13.552519323690397,14.105143630777405,233540097
2008-01-29,13.59995174407959,13.866999685774474,13.35661867437785,13.845754580873752,252262009
2008-01-30,13.544367790222168,13.844765617272111,13.426777179251209,13.567095132938649,318774383
2008-01-31,13.94036865234375,14.155292285014593,13.199007263311524,13.315608446670392,597081651
2008-02-01,12.74470329284668,13.257801839065696,12.598950161090547,13.060170361746218,706658840
2008-02-04,12.239019393920898,12.66763043666485,12.167870988082123,12.575978516395011,528256642
2008-02-05,12.519899368286133,12.574247483529852,12.068313220651344,12.090793680601257,449811709
2008-02-06,12.394156455993652,12.627855441592287,12.300776371325787,12.627113849347761,306600924
2008-02-07,12.474198341369629,12.702462155205918,12.22246653637947,12.274344890866933,318344779
2008-02-08,12.76422119140625,12.789913013002263,12.56683751244519,12.584376548417106,274179856
2008-02-11,12.874646186828613,12.93764085543923,12.682945531774575,12.858836272100353,233913491
2008-02-12,12.798805236816406,13.107849604991609,12.673803436315199,12.929735045518454,267490877
2008-02-13,13.207159996032715,13.216300309583334,12.813628019592157,12.907749696042611,265981240
2008-02-14,13.148612022399902,13.365758554147094,13.11773189452524,13.299305646483717,260039050
2008-02-15,13.084135055541992,13.158740747945098,12.952958361517778,13.051278925031522,210389647
2008-02-19,12.573012351989746,13.218029219571532,12.512488399468385,13.215064742472181,254968114
2008-02-20,12.574248313903809,12.62390283475465,12.322763404380243,12.438623953032208,267486862
2008-02-21,12.422566413879395,12.678251141868122,12.339562001969416,12.669356764764846,227963272
2008-02-22,12.544604301452637,12.5742481275257,12.291389329033969,12.402804106079879,221462998
2008-02-25,12.01693058013916,12.512489214498435,11.999637480630371,12.498901238650948,336167332
2008-02-26,11.467269897460938,11.52359496668165,11.038905761376375,11.393405792310181,934983461
2008-02-27,11.681450843811035,11.746421505479855,11.354865577258334,11.36697036655129,406393575
2008-02-28,11.743951797485352,11.835355876115507,11.545580608633712,11.623150776303968,264463573
2008-02-29,11.639947891235352,11.851413284701596,11.478632670121664,11.656994106784136,378429149
2008-03-03,11.290142059326172,11.677991927578748,11.119437757132744,11.648101222685238,303312645
2008-03-04,10.983322143554688,11.199727093862354,10.765434008693815,11.140191611860585,546910299
2008-03-05,11.059905052185059,11.219738069347533,10.968500956374324,10.999380143257843,298578968
2008-03-06,10.689348220825195,11.1982470596674,10.651798486242447,11.059658203767537,299923991
2008-03-07,10.705403327941895,10.869683981973447,10.52975947542535,10.594977026906642,324082204
2008-03-10,10.217997550964355,10.64735017816821,10.20366987393005,10.593742702063025,320701579
2008-03-11,10.865730285644531,10.873388360116216,10.490478961081507,10.505548227930374,354399416
2008-03-12,10.874131202697754,11.064351530162254,10.82200690934361,10.86993231442629,267073318
2008-03-13,10.944042205810547,11.042117783130339,10.592507607141554,10.688605289779662,310222448
2008-03-14,10.818299293518066,11.100417438797566,10.637961844867311,10.943301097028149,263961699
2008-03-17,10.372396469116211,10.714296985684982,10.180694870315007,10.57299055365899,316710676
2008-03-18,10.848933219909668,10.890435902277993,10.512220054687509,10.597448304453913,290573072
2008-03-19,10.672052383422852,11.054961771049795,10.66389959909664,10.89710479698139,248086416
2008-03-20,10.710344314575195,10.763458023749887,10.313848787139417,10.556440269210585,398022314
2008-03-24,11.377593994140625,11.506548747261366,10.813358657629138,10.830898638023022,271554050
2008-03-25,11.135990142822266,11.301258308574148,11.017905778740696,11.301011426487706,234138331
2008-03-26,11.319046020507812,11.434659680598433,11.09918189851572,11.180705018130448,209811488
2008-03-27,10.970476150512695,11.082384699216107,10.88179060261411,11.017907788831184,234162421
2008-03-28,10.82225227355957,11.204913834761037,10.729118134094156,11.05397334214703,175704123
2008-03-31,10.881294250488281,10.936137078785894,10.672300499333277,10.761975461838642,178522648
2008-04-01,11.5048189163208,11.52433489986704,11.039398842446538,11.060891774694388,244637537
2008-04-02,11.504571914672852,11.752598571928019,11.373395221278885,11.608328613632919,240859429
2008-04-03,11.243206977844238,11.445036428371735,11.070526644804382,11.406499168650681,272152284
2008-04-04,11.637725830078125,11.80423031654089,11.26988566911777,11.289895417147228,236772166
2008-04-07,11.779278755187988,11.99222544929916,11.698002517448751,11.784466117132986,238631108
2008-04-08,11.556697845458984,11.713072603775597,11.41341540692715,11.685899489805701,182561731
2008-04-09,11.467269897460938,11.660206859959654,11.30299017973283,11.589307232136303,242830791
2008-04-10,11.588069915771484,11.706154278736504,11.409460659956753,11.486290175349687,203656504
2008-04-11,11.300765037536621,11.543109612069617,11.240487969479101,11.464304089911435,167413162
2008-04-14,11.157731056213379,11.300765659675841,11.120428209769626,11.29360134892006,154280120
2008-04-15,11.038657188415527,11.35684185039674,10.961580789709073,11.317563950687756,183790319
2008-04-16,11.240983009338379,11.321270779099608,10.894388882766547,10.9783808303148,306372069
2008-04-17,11.105358123779297,11.348196457985448,11.03075243638809,11.25580390902481,536122013
2008-04-18,13.325493812561035,13.530288711202592,12.963829423047557,13.221738038415774,732158060
2008-04-21,13.285470962524414,13.404050049728536,13.100192084676456,13.324997640228615,298703433
2008-04-22,13.71062183380127,13.854645839356872,13.279787065257848,13.280033947337515,318730218
2008-04-23,13.500394821166992,13.817098228296608,13.363536050444894,13.783253622315085,197597880
2008-04-24,13.415165901184082,13.69802468814851,13.340560210040406,13.618973227297266,166023975
2008-04-25,13.440363883972168,13.661215533228237,13.40750775419326,13.56289497190366,167200368
2008-04-28,13.639476776123047,13.755337318652883,13.31536219129453,13.485324913588066,160945009
2008-04-29,13.796344757080078,13.918135195004837,13.587351022411244,13.607608597018807,174491595
2008-04-30,14.187159538269043,14.448280401634168,13.7963451683092,13.88873772136985,317304895
2008-05-01,14.651346206665039,14.697048722164487,14.253367498500221,14.286470512665687,265101957
2008-05-02,14.360088348388672,14.8828210258563,14.310927592517425,14.78499327834387,281001329
2008-05-05,14.696308135986328,14.797594134199537,14.50435963874679,14.794135892455506,252181709
2008-05-06,14.485337257385254,14.624665795963143,14.402330948688308,14.599961503639937,185866070
2008-05-07,14.30351448059082,14.809695583449686,14.240026057388881,14.581926525858128,265511486
2008-05-08,14.40257740020752,14.557965568671367,14.301292358663494,14.481383872803478,205684075
2008-05-09,14.160234451293945,14.451739809184298,14.113297524664993,14.303516890141351,180068420
2008-05-12,14.450257301330566,14.494971345033461,14.054255518967478,14.198526438973595,195285244
2008-05-13,14.40233039855957,14.524614607185239,14.292398808577918,14.482124398938877,207314163
2008-05-14,14.236815452575684,14.604655609918662,14.21087675043577,14.488548182613286,175688063
2008-05-15,14.352924346923828,14.40109662946494,14.219769752287789,14.303516707872443,174359100
2008-05-16,14.329948425292969,14.443832965862653,14.286716625146813,14.363546147798468,171604815
2008-05-19,14.266953468322754,14.547588421516636,14.168138197409517,14.292398405312456,225020282
2008-05-20,14.293633460998535,14.389484252849531,14.153068632302432,14.195559784364352,133040807
2008-05-21,13.586858749389648,14.363053307357339,13.534980396695962,14.291658970111257,259693761
2008-05-22,13.57376480102539,13.691108538647418,13.346243528855998,13.635278179080899,203813089
2008-05-23,13.454197883605957,13.661215623242436,13.285965228126706,13.512005186683798,177924414
2008-05-27,13.856375694274902,13.898373084253398,13.435175897118102,13.462597783545197,155199554
2008-05-28,14.037703514099121,14.117991284214723,13.861318058697947,14.030292320766781,162623276
2008-05-29,14.40233039855957,14.473477849660604,14.160233640127194,14.199512489134989,194526410
2008-05-30,14.471502304077148,14.573282058123246,14.360335354128138,14.413941880348402,129491554
2008-06-02,14.204699516296387,14.42431675488156,14.112554791262205,14.38997838659578,147518872
2008-06-03,14.014479637145996,14.340571155453198,13.849212412098648,14.241754941903242,172857493
2008-06-04,14.13602352142334,14.278811236506868,13.946544820375715,13.965813920982967,135032244
2008-06-05,14.483853340148926,14.526838257989857,14.234591328182926,14.25608426005762,157255230
2008-06-06,14.007068634033203,14.346004624289423,14.007068634033203,14.322041927910337,190089843
2008-06-09,13.781522750854492,14.08118086938927,13.473466857183974,14.033255472337297,212324874
2008-06-10,13.690119743347168,13.804992757241575,13.507558466732531,13.576234257873782,146844353
2008-06-11,13.468525886535645,13.768430897305963,13.450245259394778,13.741256838706006,153087667
2008-06-12,13.659982681274414,13.78473666828179,13.510029690461712,13.556473800328131,220487355
2008-06-13,14.118485450744629,14.221994332311818,13.867247408482568,13.870952532300043,248303226
2008-06-16,14.150599479675293,14.305985754124,13.9947184951023,13.9947184951023,142243171
2008-06-17,14.067841529846191,14.28054229764014,14.041161234839448,14.238051142141387,139035192
2008-06-18,13.892937660217285,14.056229835939261,13.813391489115277,13.945556655473393,135754943
2008-06-19,13.839082717895508,13.92752326237828,13.607113814970434,13.719270175099233,228176066
2008-06-20,13.49891185760498,13.75953706556143,13.45148117044479,13.75953706556143,240221045
2008-06-23,13.468774795532227,13.664923121688938,13.389969262540797,13.472479919316644,145981130
2008-06-24,13.396885871887207,13.616503121600157,13.219018185223755,13.46704485054331,187604562
2008-06-25,13.611808776855469,13.77979454830108,13.430728794892934,13.462844278203676,165506041
2008-06-26,13.063878059387207,13.461856766622343,13.050044147481874,13.441353253838756,227228528
2008-06-27,13.045348167419434,13.093027626341417,12.724692786336208,13.03571503625129,218716743
2008-06-30,13.004589080810547,13.290659256940607,12.921584659853599,13.154048306776332,151176531
2008-07-01,13.209877014160156,13.25903776704296,12.771877899649047,12.83561415551752,199139637
2008-07-02,13.019905090332031,13.349453925322555,12.995695508988073,13.25385001049817,169553154
2008-07-03,13.265954971313477,13.32104467730005,13.031268472631972,13.114766645993113,96379907
2008-07-07,13.43665885925293,13.562400361364274,13.231369294199196,13.39688530073596,170845981
2008-07-08,13.699012756347656,13.715317379789672,13.340066050342438,13.488041125900747,198035514
2008-07-09,13.37835693359375,13.72742269355685,13.358099358090142,13.605879132352118,166782808
2008-07-10,13.354146957397461,13.574752666994247,13.110814851898196,13.463585724846444,173917451
2008-07-11,13.18690299987793,13.327714724622757,12.831909210738951,13.25360373860846,200002860
2008-07-14,12.886011123657227,13.34154930262418,12.733588375124132,13.31536277192466,177655409
2008-07-15,12.749398231506348,13.031269501826928,12.379087355289046,12.754091829423494,243750224
2008-07-16,13.23137092590332,13.25360450676879,12.613774925749452,12.69875629731017,190398997
2008-07-17,13.178008079528809,13.267189269884401,12.957156439162098,13.195795887089579,352813493
2008-07-18,11.890445709228516,12.32671476758874,11.813122422845627,12.311151735833187,453389067
2008-07-21,11.581154823303223,11.958875944133537,11.504572180805924,11.879576652476727,236944811
2008-07-22,11.786442756652832,11.864012923046696,11.502100791938934,11.529769559311895,188363396
2008-07-23,12.085603713989258,12.283481110809047,11.810896806612739,11.897608221270353,196497772
2008-07-24,11.749635696411133,12.274592261377382,11.749635696411133,12.270392427243202,142166886
2008-07-25,12.153788566589355,12.182197981150166,11.894892476334697,12.018164212200029,127817302
2008-07-28,11.786689758300781,12.156505903968279,11.73752900507892,12.156505903968279,126873778
2008-07-29,11.93466567993164,12.037186073043335,11.808429470722437,11.840543061840435,112532223
2008-07-30,11.924537658691406,12.006554545995755,11.680216117495167,11.99370910872318,140151360
2008-07-31,11.703436851501465,11.879822279267021,11.646371144737618,11.723447543317825,115033564
2008-08-01,11.557931900024414,11.69034489970752,11.425520792158283,11.672804918615803,120766974
2008-08-04,11.437871932983398,11.685156993843101,11.410697875206523,11.564355026470336,99852875
2008-08-05,11.854131698608398,11.85981377085058,11.520135197788392,11.551263154063696,143917423
2008-08-06,12.014460563659668,12.09919505353009,11.672805954759497,11.817570640328139,135538133
2008-08-07,11.836098670959473,11.956653768195208,11.769151048287217,11.907245181631081,111367875
2008-08-08,12.22864055633545,12.246922128187059,11.751362603692073,11.86154201535842,150132633
2008-08-11,12.372664451599121,12.571283475200108,12.148847372164846,12.165893588771013,170207597
2008-08-12,12.416389465332031,12.503347773374442,12.302505873778866,12.401320198105267,110641162
2008-08-13,12.352654457092285,12.439363993336283,12.200725478791218,12.39143954146865,145563571
2008-08-14,12.48753833770752,12.539910455821373,12.260263001072852,12.295096083044832,117181585
2008-08-15,12.602656364440918,12.615255864309033,12.487783356709414,12.52459243612892,142359606
2008-08-18,12.309917449951172,12.598951131191251,12.24099288401287,12.5949991256401,133855851
2008-08-19,12.117227554321289,12.30942291364519,12.02162363888309,12.115497487721212,122316761
2008-08-20,11.981356620788574,12.27014437727424,11.921326429732341,12.221477385013504,159881036
2008-08-21,12.019152641296387,12.10240488190134,11.839802723305377,11.929971446512939,141090868
2008-08-22,12.119449615478516,12.225429193771385,12.09202867657159,12.141930074758312,92232419
2008-08-25,11.932194709777832,12.2778012645269,11.89489186583037,12.008777346243864,80874004
2008-08-26,11.713566780090332,11.943311867971554,11.62537311170357,11.943311867971554,132823998
2008-08-27,11.575719833374023,11.730118585699177,11.483327274915231,11.70294358045774,176141757
2008-08-28,11.704179763793945,11.770137962694283,11.618951517166694,11.67231116090923,121642242
2008-08-29,11.445035934448242,11.635750005522604,11.421321062531243,11.604622994626641,154504960
2008-09-02,11.49345588684082,11.91169216057951,11.398840444862621,11.778043805026536,245376296
2008-09-03,11.472702026367188,11.716776650710088,11.353383254804504,11.57942319047421,173230887
2008-09-04,11.12314510345459,11.44380146065445,11.101899998739423,11.36376057593548,194666935
2008-09-05,10.974676132202148,11.177494045053804,10.871660077267183,11.005308432449276,182051827
2008-09-08,10.374373435974121,11.189352188726028,10.315083886130996,11.16662484325569,362068052
2008-09-09,10.342503547668457,10.681441468309536,10.252087941276411,10.453918321950189,290267933
2008-09-10,10.23133659362793,10.486279710763405,10.120663421897664,10.486031882769069,250005583
2008-09-11,10.71528434753418,10.748387357714082,10.039140513847867,10.08780655484529,259826256
2008-09-12,10.811877250671387,10.91884341482543,10.597941138729537,10.627832791351345,242023777
2008-09-15,10.718001365661621,10.918349500096562,10.467258067947766,10.474422378375802,263680649
2008-09-16,10.94206714630127,11.098935666645218,10.511232308307195,10.522842389281521,280676114
2008-09-17,10.239489555358887,10.84843894876784,10.21355085304493,10.832134324313545,366444394
2008-09-18,10.846956253051758,10.84942696589505,10.140920734919503,10.44082478921393,344863807
2008-09-19,11.095724105834961,11.41489727689907,10.950712551217453,11.388464810151747,401740198
2008-09-22,10.626102447509766,11.21874712392923,10.597939918758719,11.21874712392923,176952786
2008-09-23,10.60461139678955,10.889199294218182,10.516912444039791,10.702931955126676,208948265
2008-09-24,10.748881340026855,10.993201916061272,10.625362727527333,10.631043853461016,170316002
2008-09-25,10.859803199768066,11.11672235020597,10.770375119459462,10.841027862182173,201564693
2008-09-26,10.648338317871094,10.799525716790573,10.40105323312687,10.573238855621039,212493504
2008-09-29,9.412158012390137,10.462317873803578,9.40499370176655,10.363502601344676,432129680
2008-09-30,9.894377708435059,10.501103330481682,9.691805712327952,9.782222274982699,123914728
2008-10-01,10.171060562133789,10.301002858670218,9.958113843597634,10.156979767317914,250326782
2008-10-02,9.646595001220703,10.128073670300338,9.53567590364812,10.123380073379296,240293315
2008-10-03,9.558158874511719,10.190329413223559,9.463295599249781,9.816066512313038,320914374
2008-10-06,9.170307159423828,9.288391532545392,8.823218350656333,9.238737014392575,450506303
2008-10-07,8.547770500183105,9.263440082179072,8.531960586829884,9.222678996489408,443833384
2008-10-08,8.35261058807373,8.8684268000702,8.056165696073984,8.156216331902014,474829130
2008-10-09,8.127066612243652,8.611015243009994,7.946481296499709,8.510964591312518,324210683
2008-10-10,8.201669692993164,8.44599025655012,7.665596936796664,7.736250143299542,425500926
2008-10-13,9.412652015686035,9.435627186686341,8.54134828608247,8.789374947863124,357555200
2008-10-14,8.96032428741455,9.745659044803661,8.819265700185193,9.721696347802611,312559174
2008-10-15,8.37879753112793,8.868675063793933,8.370398808978788,8.761213229443488,269863738
2008-10-16,8.720945358276367,8.806915198761885,7.644352497743437,8.220446249528075,652022815
2008-10-17,9.203163146972656,9.535677393202159,8.98107519734764,9.36176266835227,572104380
2008-10-20,9.37065601348877,9.41166398563243,8.88324921630719,9.381278566188083,271148536
2008-10-21,8.961313247680664,9.480834535631647,8.942784793320225,9.199457992174597,232146894
2008-10-22,8.786410331726074,9.132757552864051,8.49811635063502,8.819019580049892,263383540
2008-10-23,8.703653335571289,8.843970351381868,8.349647071847102,8.736509468024087,260127380
2008-10-24,8.38176155090332,8.657949810465185,8.0223219912594,8.065059083803682,295463334
2008-10-27,8.139663696289062,8.473413320964042,8.043566014314187,8.271088222915791,248957670
2008-10-28,9.109537124633789,9.123371036923134,8.115455362280604,8.375833712233632,325431241
2008-10-29,8.843971252441406,9.165121416432871,8.704888633079525,9.036414468687333,391726805
2008-10-30,8.885720252990723,9.189824178359636,8.853111001424073,9.102373040521273,320753774
2008-10-31,8.877568244934082,9.18883552990451,8.751825785213192,8.79851583066333,298044974
2008-11-03,8.5596284866333,8.967242184992497,8.434626687615454,8.833594782924909,239072757
2008-11-04,9.064821243286133,9.198715514819918,8.53517027290545,8.731319501882107,295097969
2008-11-05,8.454636573791504,9.11274662568791,8.431662352036865,8.946489992268837,278901487
2008-11-06,8.182402610778809,8.508492265686252,8.048754254404159,8.398560672866122,344277618
2008-11-07,8.180424690246582,8.427710679526584,8.036894444933859,8.229337612422443,187953866
2008-11-10,7.875086784362793,8.138429612424002,7.645093853532762,8.102855884226194,324415448
2008-11-11,7.694253444671631,7.813820056385901,7.423994157787268,7.6258245355814624,407385278
2008-11-12,7.188813209533691,7.719698671562456,7.108773744171465,7.461791520497707,403550960
2008-11-13,7.709569454193115,7.732298214970995,6.917070815783685,7.207835027809135,531372276
2008-11-14,7.6586809158325195,8.028496606208927,7.474390039450989,7.491435783231235,382110897
2008-11-17,7.414112091064453,7.662139213303288,7.3605055685509795,7.48525906653933,302883041
2008-11-18,7.347412109375,7.503293567862994,7.049237167502579,7.449933452474555,335095329
2008-11-19,6.921517848968506,7.415841578421097,6.881992117381011,7.297263910704376,314558640
2008-11-20,6.412125110626221,6.9897011061303465,6.399279673000153,6.790835191871941,392642224
2008-11-21,6.483025550842285,6.654470034210505,6.10925598467313,6.485001080590198,411315956
2008-11-24,6.359752178192139,6.66879700361928,6.15149909454743,6.651752207329566,403695499
2008-11-25,6.967714309692383,7.081599320712192,6.603826644734375,6.637423893546909,432462924
2008-11-26,7.2157416343688965,7.298993408432979,6.823197163726634,6.923988919571377,255217044
2008-11-28,7.2372331619262695,7.32345035937033,7.121619492241415,7.178438798581891,103004645
2008-12-01,6.57097053527832,7.099385258761686,6.57072365317556,7.082093106575632,229304279
2008-12-02,6.796270370483398,6.862229989944256,6.486731741706432,6.6633636030743135,234463545
2008-12-03,6.902989864349365,6.950668381077264,6.554913517478046,6.666327820266537,237077306
2008-12-04,6.777248859405518,7.003287895045202,6.639648489161049,6.831349625726501,196196647
2008-12-05,7.0156402587890625,7.021815622504816,6.522304512467517,6.695231722861824,261825722
2008-12-08,7.4632720947265625,7.644351110830421,6.966478672684048,7.16386231074943,326993073
2008-12-09,7.558629512786865,7.855816427860195,7.337282694249565,7.354082027156506,276629001
2008-12-10,7.629034996032715,7.779233889297763,7.522561188672291,7.639410664598503,210265182
2008-12-11,7.4165825843811035,7.7293330086943,7.356799754546904,7.514162495074616,248094446
2008-12-12,7.800480365753174,7.818020346104004,7.2629248513560745,7.305168649688486,229741913
2008-12-15,7.67473840713501,7.867922247684968,7.53738492446794,7.757248587447558,270526212
2008-12-16,8.035661697387695,8.13991217300957,7.689560844926284,7.7698490916285206,283442445
2008-12-17,7.787634372711182,7.957843985080472,7.717970103849523,7.871627736413852,232456049
2008-12-18,7.665102958679199,7.913870734172218,7.636200252855378,7.823702010614898,191254191
2008-12-19,7.662386417388916,7.850628824117602,7.633482765250021,7.682643047256684,225345496
2008-12-22,7.339754581451416,7.645834503179351,7.179673750401493,7.622613394534895,157291365
2008-12-23,7.362234115600586,7.492917038793121,7.3288837496051835,7.421770537244679,151674390
2008-12-24,7.484024524688721,7.567770058357884,7.371127510756122,7.447709679562135,77148090
2008-12-26,7.420041561126709,7.541089936499594,7.369398569428709,7.51169204825024,78657728
2008-12-29,7.347412109375,7.445238908761432,7.203141677298164,7.4165830847603855,148631025
2008-12-30,7.487976551055908,7.579380154199701,7.379280323214187,7.430910369303113,154316255
2008-12-31,7.600131988525391,7.682889516042893,7.475624428194952,7.514903748219276,115904817
2009-01-02,7.937833786010742,7.950185458440929,7.547019416561107,7.623600636945864,144961322
2009-01-05,8.104090690612793,8.18289717226758,7.781706600802754,7.929929529623268,196293007
2009-01-06,8.25256061553955,8.419064156821875,8.063081903036057,8.225880320777959,257971329
2009-01-07,7.954879283905029,8.174742464728224,7.874345109836915,8.110760269999087,180453860
2009-01-08,8.03343677520752,8.03343677520752,7.839511828455303,7.862734353716884,144567852
2009-01-09,7.7834343910217285,8.090503714103937,7.742179065737885,8.090503714103937,174270770
2009-01-12,7.724639415740967,7.879285999321701,7.663868577104183,7.81406749883406,132667413
2009-01-13,7.764907360076904,7.920047710816535,7.66782119980074,7.701912216377769,177964564
2009-01-14,7.4351115226745605,7.7520613481522105,7.355564872456607,7.658187021532412,219535801
2009-01-15,7.386196613311768,7.499587861883329,7.084809843648712,7.351117598389816,238269759
2009-01-16,7.40299654006958,7.614955249884567,7.304922379200815,7.535161244257712,209759293
2009-01-20,6.985008239746094,7.398796880621356,6.985008239746094,7.389902975484942,202684876
2009-01-21,7.487236022949219,7.497610746614162,7.12334836044274,7.12334836044274,197718329
2009-01-22,7.571722507476807,7.642128839591391,7.291334427295847,7.362728287852008,331919470
2009-01-23,8.021331787109375,8.200681699176508,7.51539753361687,7.6401524493506665,430921167
2009-01-26,8.00082778930664,8.102854411292716,7.919058267877234,8.025037367959829,185119281
2009-01-27,8.188823699951172,8.247866357021929,8.01070914626682,8.064563495706357,197830749
2009-01-28,8.613483428955078,8.703899984260554,8.308144166789646,8.349399019887798,308809170
2009-01-29,8.481317520141602,8.524054608141752,8.402018234260265,8.511456053991246,292444059
2009-01-30,8.362988471984863,8.616696309657291,8.300487557146802,8.515163419792701,187580472
2009-02-02,8.413382530212402,8.522819406015756,8.201670251328867,8.258242196799035,209056670
2009-02-03,8.410418510437012,8.47341317757135,8.246878501274587,8.462789679416993,263243015
2009-02-04,8.47341251373291,8.756024406298835,8.378796133478698,8.401029710591631,273718132
2009-02-05,8.738237380981445,8.7792462977416,8.32519035752554,8.421781803181384,291665150
2009-02-06,9.172037124633789,9.23453802474991,8.780727100171617,8.805926100990284,282579221
2009-02-09,9.35706901550293,9.412158727998484,9.073715495481801,9.17203795711213,199838246
2009-02-10,8.856569290161133,9.325694482817141,8.84125314037348,9.28814475467235,285213056
2009-02-11,8.844958305358887,9.016897032886598,8.720450265974069,8.867438765929736,210048373
2009-02-12,8.96872329711914,8.982804088238963,8.682899128646376,8.724401801706522,222844155
2009-02-13,8.836064338684082,8.967241970706377,8.77553944333166,8.947478160443296,166489714
2009-02-17,8.465012550354004,8.574450365605662,8.391642221407366,8.560121745554563,228067661
2009-02-18,8.723167419433594,8.72983796558864,8.41214611064139,8.578156821417824,241883252
2009-02-19,8.464519500732422,8.888436934926162,8.4341340800701,8.830877453161603,200295955
2009-02-20,8.558642387390137,8.619660112669893,8.275783558715627,8.351129907284914,249616129
2009-02-23,8.153745651245117,8.64139933085506,8.141146149727476,8.57222787834151,209626799
2009-02-24,8.533936500549316,8.636951602002885,8.174248205749858,8.177460510715024,244749957
2009-02-25,8.439814567565918,8.703158298841121,8.372621019741844,8.452413121305836,258529413
2009-02-26,8.329636573791504,8.707852429115361,8.329142809532245,8.546536240344777,225064447
2009-02-27,8.349647521972656,8.493670615130009,8.179684778064583,8.225140414458336,217612620
2009-03-02,8.082103729248047,8.416593980035707,8.053447433053813,8.234526469384784,232407869
2009-03-03,8.04060173034668,8.243420597505505,7.963279384277893,8.153992514196208,261970262
2009-03-04,7.878544330596924,8.127559460094622,7.791092256495954,7.983288557106574,313908211
2009-03-05,7.550478458404541,7.8824980320549205,7.476366997102682,7.818268004335788,262175027
2009-03-06,7.622859954833984,7.66288039738398,7.269101528296185,7.589510058996569,290452622
2009-03-09,7.186096668243408,7.573452820224923,7.1505229413871625,7.410654400160713,259822241
2009-03-10,7.612978458404541,7.670538885289795,7.269101919419922,7.367917674616273,270217058
2009-03-11,7.853592395782471,7.905223857712066,7.552206128167975,7.6606554675657845,237832124
2009-03-12,7.992428779602051,8.02874315056499,7.748355078632086,7.844453227844747,201717262
2009-03-13,8.01441478729248,8.089515190390694,7.881262562432921,8.055918413298404,156841686
2009-03-16,7.897566795349121,8.145593458233602,7.870392736498027,8.053200901413097,198613673
2009-03-17,8.284181594848633,8.284181594848633,7.882744644756363,7.909671349343388,189206544
2009-03-18,8.22884464263916,8.39930113226761,8.104089720658479,8.271087968926684,201239478
2009-03-19,8.150781631469727,8.30048679807075,8.087540075932775,8.193766554863572,165064391
2009-03-20,8.15621566772461,8.22612681473188,8.061846166143917,8.159672963078512,190226352
2009-03-23,8.611754417419434,8.632752640364771,8.227115857612471,8.240209123165396,171500425
2009-03-24,8.576428413391113,8.741202835556857,8.498116649060488,8.559875960630857,153372732
2009-03-25,8.499846458435059,8.67944328127372,8.306662604868285,8.656222171739856,174102141
2009-03-26,8.727616310119629,8.872627890185633,8.60928502950662,8.723664303769398,241032074
2009-03-27,8.589521408081055,8.695748832276994,8.534431692980954,8.646340244046591,133410187
2009-03-30,8.465754508972168,8.493422330112686,8.301720747082868,8.462295321898292,124227898
2009-03-31,8.598414421081543,8.733050310785062,8.551971258482371,8.619906408645766,146760038
2009-04-01,8.747377395629883,8.775786810305782,8.414370322424517,8.492681137887091,132542948
2009-04-02,8.9551362991333,9.134487155811161,8.901282895391663,8.975146991634212,180192885
2009-04-03,9.134982109069824,9.182907511018382,8.843970509857735,9.004546051325056,152160204
2009-04-06,9.096939086914062,9.135970112917555,8.927963868844316,9.06630489143266,131703815
2009-04-07,8.860028266906738,8.986017608812977,8.777517610982754,8.957608191761068,147755757
2009-04-08,8.942784309387207,9.01689623100158,8.799749719534038,8.979840270194392,111022586
2009-04-09,9.202177047729492,9.247878620861872,9.047777335821692,9.128065110341062,135811153
2009-04-13,9.340764045715332,9.3652214556354,9.147827090989294,9.17327202937303,122461301
2009-04-14,9.11348819732666,9.313095687255581,9.031719142598217,9.31186033083849,137658049
2009-04-15,9.375101089477539,9.413639287729469,8.996143716514162,9.068773397835105,197967259
2009-04-16,9.603364944458008,9.706132212862155,9.412650899912112,9.424509753083782,408931050
2009-04-17,9.68982982635498,9.877083763032166,9.506280067328193,9.536171721549385,430840867
2009-04-20,9.370162010192871,9.650550098875497,9.285921291211496,9.539382202692266,177820024
2009-04-21,9.42376708984375,9.493679176170295,9.29110817296016,9.292837293428363,148370051
2009-04-22,9.482810020446777,9.634491158730494,9.362996535487113,9.430684793255468,140597024
2009-04-23,9.503314971923828,9.628315824957518,9.414875371502403,9.572980181838986,104751167
2009-04-24,9.621892929077148,9.713050122733176,9.399805930769398,9.536911571442499,135923572
2009-04-27,9.534440994262695,9.621893065912943,9.455389535338112,9.494668382701382,91967429
2009-04-28,9.479104995727539,9.611024230668702,9.425498470107227,9.480094416002082,118185333
2009-04-29,9.670806884765625,9.757269535740432,9.531476466271556,9.534935653364611,144941247
2009-04-30,9.781973838806152,9.974169187346748,9.753070661077341,9.776785531113964,174881049
2009-05-01,9.725650787353516,9.82199535427701,9.672783959881308,9.758752856192125,97471985
2009-05-04,9.930444717407227,9.940819441128177,9.752823923199271,9.836322098529282,128600225
2009-05-05,9.955395698547363,10.005050219724756,9.813595500140272,9.88103688488721,96391952
2009-05-06,9.967251777648926,10.086077728417006,9.906233122868695,10.04926865152549,105710750
2009-05-07,9.797784805297852,10.00480254106967,9.69625194012618,9.982816791387028,120441759
2009-05-08,10.06260871887207,10.131780163546022,9.758011074662306,9.951935542483845,155183494
2009-05-11,10.078668594360352,10.17797669284958,9.911175625634831,9.950702305238682,102755715
2009-05-12,9.857072830200195,10.153024859634332,9.760728278345836,10.128815280627514,152200354
2009-05-13,9.623128890991211,9.792350024713683,9.593731001607535,9.735531194651628,114138220
2009-05-14,9.572733879089355,9.689089147617857,9.503316486122166,9.604849367200629,117920344
2009-05-15,9.634491920471191,9.7360247881055,9.612011460133411,9.6616659785619,120799094
2009-05-18,9.803466796875,9.815077822781376,9.520854899268041,9.751341567254087,134570520
2009-05-19,9.853862762451172,9.922044793124439,9.708604323468082,9.785186967540291,113925426
2009-05-20,9.811864852905273,10.021600167670433,9.758010506334282,9.933160573730992,91702440
2009-05-21,9.795068740844727,9.951690391653807,9.729356471813173,9.790128260332969,109199779
2009-05-22,9.720954895019531,9.848180519917971,9.683898933685443,9.79901882295775,69001669
2009-05-26,9.989239692687988,10.00505055391409,9.63449277565485,9.682666005719042,124645457
2009-05-27,10.01888370513916,10.174517808838836,10.00035525008872,10.020860653835067,121826932
2009-05-28,10.13845157623291,10.168590112732076,9.995416023012108,10.09596042068464,107152133
2009-05-29,10.307177543640137,10.307177543640137,10.145862315942558,10.18069444884238,106325044
2009-06-01,10.537664413452148,10.612763870613879,10.33929321841635,10.34423369836138,133394127
2009-06-02,10.58311939239502,10.621658542304706,10.459600768987151,10.530006630265845,105337356
2009-06-03,10.663408279418945,10.683418029874058,10.474424254970732,10.523831898703449,141841672
2009-06-04,10.87660026550293,10.90031702820963,10.733812546408108,10.753575411770493,146069460
2009-06-05,10.976405143737793,11.051010843134643,10.856344754732259,10.994933600475107,147783862
2009-06-08,10.839298248291016,10.892411007497097,10.724425234871514,10.857331992801505,124412588
2009-06-09,10.761480331420898,10.882036363666279,10.66612424625319,10.834604730234247,130684007
2009-06-10,10.686875343322754,10.817558268492363,10.540381558731838,10.776549354382203,134859599
2009-06-11,10.597942352294922,10.714792327122058,10.582379318944609,10.66637221442716,115037579
2009-06-12,10.495174407958984,10.565827150764447,10.405498499521391,10.54507581032202,117173555
2009-06-15,10.295812606811523,10.412661615012029,10.22738370272072,10.412661615012029,150036273
2009-06-16,10.276792526245117,10.402534979616174,10.262463904430634,10.358562531617105,122445241
2009-06-17,10.256040573120117,10.368690700344485,10.167106262153512,10.28148550999527,140127270
2009-06-18,10.228866577148438,10.343244879769681,10.202680047903517,10.26888701732411,123870563
2009-06-19,10.37783145904541,10.38697177346884,10.241713325322907,10.331388294616554,171002566
2009-06-22,10.063102722167969,10.31360006288795,9.928219975276447,10.300258971537856,165594371
2009-06-23,10.021849632263184,10.103619647427077,9.944526333445742,10.045813280831794,116418737
2009-06-24,10.111030578613281,10.183660277051471,10.043589188732108,10.097443547781376,98680498
2009-06-25,10.271109580993652,10.274320940046051,10.042352036995666,10.054456826920129,122236461
2009-06-26,10.50703239440918,10.578920494233026,10.205398255326726,10.2194790492053,130756276
2009-06-29,10.47788143157959,10.568297041514121,10.430943559964799,10.523830828811295,87097243
2009-06-30,10.414886474609375,10.55372124502397,10.331635177964674,10.474422899893588,104144903
2009-07-01,10.350656509399414,10.533711556105915,10.329905169172944,10.479363438499384,92778458
2009-07-02,10.091266632080078,10.262216887696331,10.049763951694198,10.262216887696331,101081463
2009-07-06,10.11893367767334,10.14437861377988,9.922538499083878,10.042105105166076,90843231
2009-07-07,9.79827880859375,10.108559483630554,9.782221066661986,10.085089603045557,130860666
2009-07-08,9.94304370880127,10.029753247080322,9.833605881634393,9.88153128053528,138163938
2009-07-09,10.138203620910645,10.238501125848481,10.024811906048967,10.032716862513139,131515110
2009-07-10,10.237264633178711,10.310634962447137,10.096452928356817,10.11819274061446,117502785
2009-07-13,10.481834411621094,10.487268655971544,10.256535086621385,10.280992496878172,162434571
2009-07-14,10.49146842956543,10.541863592053804,10.397098930892174,10.467257903749601,116266167
2009-07-15,10.82447624206543,10.837074797090217,10.585343011439505,10.61424713681622,151646285
2009-07-16,10.933915138244629,11.011731252741706,10.723931948672744,10.787668214091356,263162715
2009-07-17,10.628820419311523,10.758022054381707,10.541122409264947,10.696757455946788,275191634
2009-07-20,10.626846313476562,10.693052343574713,10.530007035511105,10.619682002241516,126612804
2009-07-21,10.570767402648926,10.669582676779171,10.516913049870688,10.645866859642556,119173022
2009-07-22,10.565579414367676,10.627586554116943,10.462071485190625,10.573238435473495,103855823
2009-07-23,10.803971290588379,10.89957520205019,10.511478430140672,10.59003612569037,139649486
2009-07-24,11.03569507598877,11.128828289456287,10.746165700538905,10.766175450766836,145619780
2009-07-27,10.988263130187988,11.036435415406428,10.810642312669813,11.018895432984422,100551484
2009-07-28,10.86597728729248,10.939100737582404,10.773337854512658,10.894387646641265,101679697
2009-07-29,10.776799201965332,10.815337410476234,10.669337362725773,10.801255669027562,79777911
2009-07-30,11.009014129638672,11.153037216544746,10.934161549915054,10.934161549915054,128423566
2009-07-31,10.94503116607666,11.183422800847215,10.929714070316574,11.116228301278936,114844859
2009-08-03,11.171317100524902,11.213067608451135,11.058421033145054,11.0855950915914,104000363
2009-08-04,11.208867073059082,11.215537619715203,11.077937257900214,11.101159311276245,95950302
2009-08-05,11.144885063171387,11.287425907398928,11.064350413173159,11.264946391810392,94031136
2009-08-06,11.125616073608398,11.23727678995649,11.080408268037482,11.222949113707191,84752487
2009-08-07,11.292120933532715,11.349433537015514,11.23999663884845,11.256794084180147,102105287
2009-08-10,11.280014991760254,11.324481201971999,11.210349780505288,11.243699674641208,69941178
2009-08-11,11.214056015014648,11.295332260516597,11.175518755133883,11.207386413890001,68756755
2009-08-12,11.328681945800781,11.406992766559227,11.238265387757593,11.250371125042337,94007046
2009-08-13,11.420083045959473,11.480360109945957,11.336831759857242,11.416871687095714,80107140
2009-08-14,11.363759994506836,11.44231769069199,11.28693047304691,11.432436731097166,67255147
2009-08-17,10.990485191345215,11.165882149594331,10.946758683398789,11.153777359705513,105200846
2009-08-18,11.00011920928955,11.059902512129035,10.92699670616143,10.995672493890538,94396500
2009-08-19,10.967759132385254,10.993203125609375,10.83411077197672,10.869437617396297,90538092
2009-08-20,11.373888969421387,11.41761453382425,11.147107416494757,11.166129635595297,160555554
2009-08-21,11.493207931518555,11.5142061519847,11.429224795847082,11.500619123795335,142953825
2009-08-24,11.579423904418945,11.613020679400003,11.47295150764427,11.545332419338356,98503838
2009-08-25,11.644644737243652,11.718261966023437,11.579179348797226,11.589308138109082,93990986
2009-08-26,11.561389923095703,11.684909478736461,11.529275387255975,11.67898052493117,79810030
2009-08-27,11.513465881347656,11.575719903618289,11.381794471706938,11.575719903618289,80255695
2009-08-28,11.481103897094727,11.669346301492112,11.447259292486152,11.592517724758808,71129616
2009-08-31,11.405014038085938,11.40970763544753,11.314351557973756,11.358571828642264,78609548
2009-09-01,11.259016036987305,11.532239805413692,11.225913024330648,11.355855307954002,104185053
2009-09-02,11.191082000732422,11.322505590044923,11.1807063297461,11.260499392169502,72462593
2009-09-03,11.302495002746582,11.320528746582784,11.240240986652385,11.260497615252033,66094814
2009-09-04,11.395875930786133,11.427990469608073,11.259509980601269,11.303730256156832,60192775
2009-09-08,11.329668998718262,11.536440809658595,11.260993205063752,11.469740072918409,106666319
2009-09-09,11.461834907531738,11.518653737308892,11.334115508633813,11.340539173031107,88145156
2009-09-10,11.63401985168457,11.63401985168457,11.41316726370495,11.528040273142171,101764012
2009-09-11,11.663665771484375,11.692322069668446,11.552250992216871,11.620680851254015,76401301
2009-09-14,11.737281799316406,11.778784476698126,11.612033120886494,11.623397264520007,79324216
2009-09-15,11.797065734863281,11.830910339574324,11.67774600395034,11.736293954011677,96283547
2009-09-16,12.062631607055664,12.089311901486498,11.820287018171625,11.852896266920423,103799614
2009-09-17,12.147366523742676,12.28694289142269,12.034470451450119,12.118957107601894,179996150
2009-09-18,12.14094352722168,12.277309488928946,12.135262400407678,12.272121180474933,131832295
2009-09-21,12.277801513671875,12.324739381607845,12.011494238930409,12.049043965734128,84973311
2009-09-22,12.328692436218262,12.401074301076477,12.29781230710127,12.374641833759036,122103967
2009-09-23,12.313870429992676,12.524841140345922,12.295342919495718,12.37118302819611,108573440
2009-09-24,12.272119522094727,12.386744705959085,12.178985377819394,12.363523599846804,101482963
2009-09-25,12.16614055633545,12.350184077556495,12.154283593533211,12.210854596114036,82291296
2009-09-28,12.315597534179688,12.388967863678253,12.186395908387343,12.224441289388835,73847766
2009-09-29,12.315597534179688,12.34573606702247,12.17923254421628,12.340301823372299,84282733
2009-09-30,12.24939250946045,12.35537209309954,12.036692695859617,12.351913851776937,126139035
2009-10-01,12.035704612731934,12.264709057867652,12.03076413269499,12.178986101071185,112949783
2009-10-02,11.970979690551758,12.14785984563603,11.92206676336436,11.950229296358954,104421937
2009-10-05,12.068313598632812,12.164905987766215,11.940347317427879,12.046821612328023,86105539
2009-10-06,12.32078742980957,12.336350462412051,12.146872692418693,12.146872692418693,109701653
2009-10-07,12.785218238830566,12.821038845675872,12.297811481994035,12.327209370508262,195698788
2009-10-08,12.702213287353516,12.926277248880696,12.681462893165723,12.835367877289304,172797268
2009-10-09,12.753350257873535,12.883292535160226,12.710118459477117,12.763232163130128,109934523
2009-10-12,12.945793151855469,12.988283357125209,12.829190077638952,12.930476057155271,133386097
2009-10-13,12.996929168701172,13.03027906165005,12.880080156423668,12.954438962748776,121951397
2009-10-14,13.224453926086426,13.23087664500503,13.093029394930207,13.1538011802562,130824531
2009-10-15,13.090805053710938,13.263484420285726,13.02558655964015,13.185667371905478,244930632
2009-10-16,13.58339786529541,13.704447655097056,13.451974298067807,13.521143849838861,355001664
2009-10-19,13.638733863830566,13.676036705893942,13.555729459380238,13.65355624782319,129198459
2009-10-20,13.629595756530762,13.659981173568836,13.357358575985883,13.62761880787685,162354271
2009-10-21,13.614277839660645,13.818084207230552,13.562399494023282,13.58487995281474,147374332
2009-10-22,13.688143730163574,13.710624191904925,13.53769792693627,13.587105566342816,93810311
2009-10-23,13.678260803222656,13.78201749319465,13.616748381407737,13.716799002355112,96066737
2009-10-26,13.691107749938965,13.874657507293664,13.609091809073414,13.729152189096721,119261352
2009-10-27,13.544861793518066,13.6997543075861,13.442834212740014,13.611067820050279,129142249
2009-10-28,13.347477912902832,13.587104905066656,13.296834919441896,13.534485908816352,103096990
2009-10-29,13.613042831420898,13.632311931721818,13.364769304098603,13.414424766289793,101282213
2009-10-30,13.24421501159668,13.591302857270646,13.19777090902132,13.587103969870808,139260032
2009-11-02,13.191596031188965,13.326725668006777,13.049548966215383,13.26792989345375,128564090
2009-11-03,13.273118019104004,13.278306326626813,13.0510310257845,13.093274348603291,95564863
2009-11-04,13.348217010498047,13.475935448827283,13.25162557850926,13.359828035593894,93657741
2009-11-05,13.553753852844238,13.58142356691448,13.405777826257317,13.426283229703738,74185025
2009-11-06,13.614277839660645,13.631076226754708,13.475935899930475,13.5307787224614,73341877
2009-11-09,13.896148681640625,13.897878748153607,13.69160165975252,13.721740194053583,106393299
2009-11-10,14.001139640808105,14.05104198526008,13.883549981846041,13.901583725817853,89566463
2009-11-11,14.095015525817871,14.167644266672086,13.978906212292381,14.093038577205107,93135792
2009-11-12,14.028069496154785,14.152823480893344,13.970015305786106,14.070312825376847,75734813
2009-11-13,14.13182544708252,14.143189592363152,13.997436436211812,14.063642467215814,66921903
2009-11-16,14.236321449279785,14.25386048388709,14.149857849054106,14.204699729566583,88297726
2009-11-17,14.266214370727539,14.26646125285673,14.173081161692686,14.201489632903481,76955370
2009-11-18,14.245462417602539,14.298081415660413,14.132319464149308,14.245462417602539,62216331
2009-11-19,14.155046463012695,14.179997636827558,14.08118141592691,14.174314618695794,87045048
2009-11-20,14.080193519592285,14.12070772452602,14.066358662564411,14.068829375442629,80548789
2009-11-23,14.386273384094238,14.491264492570409,14.225945685348556,14.241508717086548,102281946
2009-11-24,14.404553413391113,14.434198183003934,14.24274348281428,14.39047262077923,64448667
2009-11-25,14.470019340515137,14.502627642424496,14.394672057224103,14.486570846528828,58667077
2009-11-27,14.322291374206543,14.38899211386212,14.105144829523951,14.13058976885225,55591593
2009-11-30,14.40233039855957,14.418882850788044,14.256825083027401,14.343783394120376,69262644
2009-12-01,14.572047233581543,14.605397130601986,14.402331379331189,14.52906231228081,93159882
2009-12-02,14.51374626159668,14.649617509603974,14.48187860302172,14.599962041011143,66777363
2009-12-03,14.470019340515137,14.61107793774291,14.451738713859486,14.551541514151204,57362205
2009-12-04,14.451985359191895,14.694576819287327,14.30796228724936,14.649862781799916,100920864
2009-12-07,14.482619285583496,14.542896361276686,14.352924819991742,14.432223170481151,65693315
2009-12-08,14.502381324768066,14.591562522574261,14.37762829250212,14.414683311465218,61188493
2009-12-09,14.551048278808594,14.558706353877582,14.416659277159422,14.513498549804925,71507025
2009-12-10,14.612314224243164,14.691613518075064,14.58538704675536,14.586128639025372,66982128
2009-12-11,14.587857246398926,14.69260148219278,14.519181448980417,14.690873307298029,69057879
2009-12-14,14.71681022644043,14.75584219152472,14.639733824663377,14.70742208536197,76822876
2009-12-15,14.65282917022705,14.732869114455502,14.599715458935327,14.656782122079878,91557900
2009-12-16,14.76695728302002,14.83143512519213,14.739289463999492,14.787708620239586,112797213
2009-12-17,14.672590255737305,14.76399528015751,14.66814448606706,14.73435050963295,105947635
2009-12-18,14.733856201171875,14.795863338860835,14.698777185700498,14.724222123442983,141789477
2009-12-21,14.789688110351562,14.8183434626063,14.715329296853934,14.763253751266896,103233500
2009-12-22,14.84996509552002,14.859352291469147,14.793887856035118,14.855399339849699,75513988
2009-12-23,15.110835075378418,15.140232961500079,14.8927000928941,14.908758779231736,83218760
2009-12-24,15.27882194519043,15.304514710109185,15.125411677433323,15.141716301132043,34476745
2009-12-28,15.387271881103516,15.464347336341202,15.278821589706398,15.357380229336078,68170566
2009-12-29,15.301549911499023,15.435938912014665,15.274129916658676,15.43346914498941,57205620
2009-12-30,15.383813858032227,15.383813858032227,15.26721266501557,15.279317455895955,58843737
2009-12-31,15.315879821777344,15.449775069335908,15.315879821777344,15.433717325732468,48974884
2010-01-04,15.483122825622559,15.55130485063335,15.421115690794622,15.488063305313897,78541293
2010-01-05,15.414941787719727,15.510050993887603,15.354416887514274,15.493746369362842,120638494
2010-01-06,15.026350021362305,15.46113684800329,14.979413097344569,15.46113684800329,159744526
2010-01-07,14.676544189453125,15.069335533377304,14.640723580323113,15.05451314712292,257533695
2010-01-08,14.872198104858398,14.90258352242368,14.55327182375201,14.624665210924974,189680313
2010-01-11,14.84971809387207,14.932475627827987,14.675061766294561,14.932475627827987,289597429
2010-01-12,14.587116241455078,14.776841841342522,14.525851638919816,14.764243285865016,194859654
2010-01-13,14.503369331359863,14.53523698716736,14.177526570839124,14.241508764560553,260838034
2010-01-14,14.571552276611328,14.679014098112878,14.397636602725946,14.424563778627824,170239717
2010-01-15,14.32822036743164,14.663204413453677,14.279800255803973,14.65776922305315,218194794
2010-01-19,14.516464233398438,14.585635688698664,14.236569890360473,14.357865636884448,173315202
2010-01-20,14.338349342346191,14.475949711760178,14.21186529009499,14.475949711760178,130515377
2010-01-21,14.401836395263672,14.496699661823609,14.136764470526003,14.413200539373147,253253712
2010-01-22,13.587350845336914,14.096002683678861,13.213087051434286,13.945309070200773,273035583
2010-01-25,13.340065956115723,13.58413965000968,13.229145897800686,13.50286341547141,177458675
2010-01-26,13.399849891662598,13.577222862130439,13.248415622938442,13.289917356546649,174873019
2010-01-27,13.391944885253906,13.529050532145648,13.2242050471445,13.371440427678863,159170382
2010-01-28,13.199007034301758,13.512991865302233,13.107848896842135,13.450984732607848,129648138
2010-01-29,13.091547012329102,13.364523914270862,12.984578947391721,13.302764601118573,166240784
2010-02-01,13.167634963989258,13.236559539213744,13.100440455573512,13.206667881902117,90369462
2010-02-02,13.120697021484375,13.215558396052554,13.033985594100045,13.215558396052554,164462143
2010-02-03,13.360323905944824,13.391945627341572,13.049302567407564,13.06017200206416,120413655
2010-02-04,13.013481140136719,13.2906568888068,12.983342607364452,13.265954491488749,135614418
2010-02-05,13.124895095825195,13.179490090307947,12.90676010816692,13.053501714263781,126713179
2010-02-08,13.178749084472656,13.389472874154466,13.130823691347702,13.154786387910178,108175956
2010-02-09,13.252120018005371,13.37786246018239,13.218276361135732,13.328702654397658,113206742
2010-02-10,13.202960968017578,13.285471623026904,13.035963655083446,13.193573771783385,107380987
2010-02-11,13.251133918762207,13.352172081988382,13.080677421926437,13.175045038351843,96761331
2010-02-12,13.17010498046875,13.269661854162837,13.105381188710862,13.166399856722814,91529795
2010-02-16,13.372182846069336,13.44209494922947,13.19925656898613,13.26274500697835,146723904
2010-02-17,13.29584789276123,13.424060114967784,13.281025506510442,13.389474862352115,81492313
2010-02-18,13.419612884521484,13.463833159458803,13.24470967937731,13.279294930666818,93826371
2010-02-19,13.358841896057129,13.439622478238016,13.33265536634875,13.353158878050774,102506786
2010-02-22,13.409236907958984,13.52534433193873,13.364769751928387,13.521639208557069,86105539
2010-02-23,13.218276023864746,13.429740464060272,13.149598345776402,13.414177433448225,115334688
2010-02-24,13.129343032836914,13.301528644708824,13.105628161411888,13.191350171224887,93412827
2010-02-25,13.00483512878418,13.055725951287219,12.845990608398122,13.02188134562638,132864148
2010-02-26,13.013978004455566,13.136262231099984,12.931961107098283,13.029294156577185,82279251
2010-03-01,13.1594820022583,13.174304388580055,13.037197788058092,13.07326622538003,89851528
2010-03-02,13.366253852844238,13.479890571755549,13.216794632731029,13.228406605606171,174925214
2010-03-03,13.471491813659668,13.54066231921289,13.321539775617993,13.398367410543166,124039193
2010-03-04,13.700494766235352,13.738538256359647,13.493229208437917,13.500640400787896,127829347
2010-03-05,13.938146591186523,14.02362172337306,13.831673235618638,13.867493845611355,157074555
2010-03-08,13.89540958404541,13.962110324209371,13.859094263668542,13.952228417771126,95813793
2010-03-09,13.838835716247559,13.949261063032791,13.747678523599856,13.830436995551088,127540267
2010-03-10,14.240522384643555,14.291164435525792,13.888739002315047,13.927030325520318,227043838
2010-03-11,14.356382369995117,14.481631059423167,14.184938347508655,14.186419640208237,169966698
2010-03-12,14.316855430603027,14.532766607392483,14.307468234892655,14.529308366006235,110548817
2010-03-15,13.912702560424805,14.06759508123548,13.735328631723398,13.99916522088124,186853758
2010-03-16,13.962604522705078,14.042150703213288,13.85291980359942,13.87935321836013,137774484
2010-03-17,13.971495628356934,14.117001890319889,13.93913420783728,14.039184838353027,133362007
2010-03-18,13.992246627807617,14.042642734551707,13.907265272914492,13.950743951665423,71354455
2010-03-19,13.83414363861084,14.031774194454673,13.766949136114917,13.83414363861084,192486794
2010-03-22,13.772383689880371,14.003364131222988,13.692837517797651,13.73804532090544,160792439
2010-03-23,13.562400817871094,13.79239373575359,13.38947455871426,13.761019843218985,220876809
2010-03-24,13.768184661865234,13.830438685002857,13.332656219750358,13.476185540393892,263592319
2010-03-25,13.905289649963379,14.130588006212722,13.801039192586446,13.809932623431163,157825359
2010-03-26,13.900595664978027,14.01670403481243,13.834637469092531,13.964331921925691,108252241
2010-03-29,13.894667625427246,13.950744861567506,13.848223520871434,13.908253708395375,124645457
2010-03-30,13.999905586242676,14.022632928357881,13.84105918172249,13.904053846176911,79412546
2010-03-31,14.010035514831543,14.074759305187579,13.903561214300359,13.958897808522037,121686407
2010-04-01,14.051536560058594,14.166409576673571,13.971248794892814,14.11453122654554,84423257
2010-04-05,14.106133460998535,14.201736436706573,14.05647799241445,14.10341586577533,76345092
2010-04-06,14.037208557128906,14.103167699228036,13.967543345724238,14.067840856360787,82712870
2010-04-07,13.921594619750977,14.050302496854322,13.880092884531019,14.01448094214709,103626969
2010-04-08,14.019173622131348,14.077475634314158,13.835377938128605,13.916159464224135,78191988
2010-04-09,13.987800598144531,14.050795261708254,13.932957773411268,14.019173542968142,82572346
2010-04-12,14.148621559143066,14.179996394679048,13.987800105733067,14.015714808362098,94448695
2010-04-13,14.495464324951172,14.547588610118291,14.10909572151742,14.14368191810304,157078570
2010-04-14,14.550552368164062,14.633062061046774,14.427279701177996,14.576737948804134,136618166
2010-04-15,14.706188201904297,14.768935985168707,14.53301411970612,14.628864915258296,271485795
2010-04-16,13.59080982208252,14.051783172357771,13.577964385284066,13.908253861349888,491254466
2010-04-19,13.589576721191406,13.685674407968293,13.463587378494955,13.556226823632592,156343827
2010-04-20,13.711612701416016,13.825743177396545,13.613290247469738,13.690119769590845,119542401
2010-04-21,13.693330764770508,13.840318312799948,13.640463942845676,13.746691350893672,96018557
2010-04-22,13.514474868774414,13.648862909678396,13.422822968361883,13.636511238086158,131719875
2010-04-23,13.463336944580078,13.57030499164807,13.396143398207688,13.519168239713307,83889263
2010-04-26,13.13354206085205,13.463337760644963,13.073511874863158,13.462843996450296,175407013
2010-04-27,13.069807052612305,13.298812448585766,13.024599247234551,13.06708945746552,154364435
2010-04-28,13.073019027709961,13.212347563954387,12.87143552450834,13.144906180772528,136754676
2010-04-29,13.142435073852539,13.253602965250018,13.010764616651697,13.176280624348971,122814620
2010-04-30,12.986801147460938,13.282752238361368,12.980378429419503,13.120943255503647,97781139
2010-05-03,13.10784912109375,13.16516265733713,12.971485073431257,13.006564086677214,74590540
2010-05-04,12.509276390075684,13.012494024815469,12.455916746934397,13.007058834702018,243963019
2010-05-05,12.593023300170898,12.740257737873165,12.36352414834289,12.37612270331582,183975008
2010-05-06,12.319056510925293,12.7847234511818,11.363759931959484,12.568071636697647,200753664
2010-05-07,12.182445526123047,12.483338076369334,11.890693289782272,12.35117290201147,204322993
2010-05-10,12.886751174926758,12.915655299389796,12.663181929472785,12.69702558785427,165738910
2010-05-11,12.575483322143555,12.843025966970622,12.554979810043967,12.739022384258787,133402157
2010-05-12,12.485068321228027,12.649348037660141,12.401321364435221,12.649348037660141,154649500
2010-05-13,12.620691299438477,12.895398258831374,12.608092744289468,12.759527017735307,133530637
2010-05-14,12.537933349609375,12.623408475454854,12.259274393805306,12.593269940217105,165257111
2010-05-17,12.548803329467773,12.558437407515202,12.31115233263775,12.51940543927278,112170874
2010-05-18,12.3116455078125,12.622914656296004,12.279530969949123,12.598951011565928,113443627
2010-05-19,12.214313507080078,12.338079007585304,12.04904438111787,12.259521310062631,138344613
2010-05-20,11.734565734863281,11.995684731309867,11.704674079311559,11.983086175558675,197268650
2010-05-21,11.661441802978516,11.981356569051137,11.472456853012131,11.587576754538514,389084940
2010-05-24,11.787678718566895,12.09968854581004,11.778786232282402,11.875871448193642,174475535
2010-05-25,11.785455703735352,11.79484290008849,11.462824272928774,11.565096850205839,121148398
2010-05-26,11.745928764343262,12.098946524876279,11.734317738203359,11.90897405678392,139545096
2010-05-27,12.116239547729492,12.161942063353584,11.883776855666527,11.980121421159867,112785168
2010-05-28,11.996919631958008,12.190103470222452,11.931948960928478,12.17256443486984,116226017
2010-06-01,11.916385650634766,12.131060524948126,11.8608012309174,11.868460251839604,107071833
2010-06-02,12.188127517700195,12.200479190905897,11.893905516198142,12.022858384410247,102012942
2010-06-03,12.490253448486328,12.549542038048791,12.220981718070297,12.231109558789601,146575349
2010-06-04,12.320291519165039,12.580422953546002,12.270390120943294,12.344995809134849,157399770
2010-06-07,11.994202613830566,12.37439444208797,11.935653717388503,12.328691928549434,145852650
2010-06-08,11.975921630859375,12.076219148384974,11.797066411198584,12.051762683740717,107806577
2010-06-09,11.710107803344727,12.077207321421765,11.66020640090367,12.036198404704306,109569158
2010-06-10,12.031011581420898,12.067819720178639,11.755069252258783,11.866977799020809,103502504
2010-06-11,12.06782054901123,12.073008857672923,11.897858746159534,11.919598563474334,71535130
2010-06-14,11.936643600463867,12.216043238981937,11.936643600463867,12.215549474703383,81921917
2010-06-15,12.30225944519043,12.361795869990157,11.911691947491677,11.933924580091935,171022641
2010-06-16,12.383286476135254,12.450727855625999,12.255814909730134,12.257297148245407,91915234
2010-06-17,12.353888511657715,12.496924054544323,12.270143454924433,12.437141696008618,79388456
2010-06-18,12.352654457092285,12.437635818589175,12.305716587743115,12.413920001807861,115346733
2010-06-21,12.069302558898926,12.375876235310862,11.978640066302221,12.34944376801275,119787316
2010-06-22,12.012236595153809,12.267920388620432,11.999390211997484,12.102405321637617,89120799
2010-06-23,11.908480644226074,12.028046312698704,11.812382019012999,12.028046312698704,81468223
2010-06-24,11.736786842346191,11.925770825443095,11.691332160585057,11.849436964298514,76027907
2010-06-25,11.677003860473633,11.799781826921528,11.624631749222232,11.785206324144191,90144622
2010-06-28,11.66218376159668,11.797314372533066,11.586343647686038,11.674783264163374,70756221
2010-06-29,11.22196102142334,11.476163538005354,11.14439084524934,11.448742595182779,140609069
2010-06-30,10.991966247558594,11.310152802597022,10.986285121786226,11.23925223944886,144668227
2010-07-01,10.857085227966309,11.077196233758487,10.712320560201857,11.00036671127244,141070793
2010-07-02,10.784455299377441,10.926007658881318,10.770868270623684,10.909703981103556,77730264
2010-07-06,10.772598266601562,11.05916219604004,10.712321192620829,10.968499702947462,102787835
2010-07-07,11.121661186218262,11.14858835917661,10.755551143542986,10.827932996282854,125657235
2010-07-08,11.278779983520508,11.297802204583675,11.108323478077102,11.204421166016948,107156148
2010-07-09,11.548791885375977,11.691332719255776,11.432436634700956,11.659218181980718,173909421
2010-07-12,11.75482177734375,11.84400297527794,11.637478991975224,11.66934664885628,133875926
2010-07-13,12.085112571716309,12.178739542331119,11.864754670225564,11.91342071735745,159648166
2010-07-14,12.137978553771973,12.199491930852187,12.017424404487492,12.101912007744826,125187481
2010-07-15,12.204184532165527,12.22098292023191,11.92404334132552,12.14761258582361,195056389
2010-07-16,11.354125022888184,11.624631168552341,11.351901192313985,11.58905839254048,314165171
2010-07-19,11.516429901123047,11.602151909968338,11.302495675128586,11.38871144819326,182694226
2010-07-20,11.897116661071777,11.931701912969322,11.378582872905948,11.389205425180364,162787890
2010-07-21,11.796076774597168,11.998647792577078,11.744940019429126,11.95665229639322,131675710
2010-07-22,11.976661682128906,12.079676781562185,11.919101264606327,11.93762877229736,86230004
2010-07-23,12.106359481811523,12.1194518024814,11.858084964734456,11.876860304159091,90915501
2010-07-26,12.079431533813477,12.123403037313492,11.978391477433824,12.082395065209285,80107140
2010-07-27,12.169846534729004,12.290153795730017,12.109075698949631,12.119203540973878,98415508
2010-07-28,11.965298652648926,12.234570419914414,11.923796918048254,12.22691234485283,100214225
2010-07-29,11.981108665466309,12.077207292467396,11.841286364483507,12.004825429003509,107421137
2010-07-30,11.97765064239502,12.03965778268528,11.836592036445861,11.849191537745057,86085465
2010-08-02,12.115004539489746,12.185904168071689,12.029282524112181,12.0799255213458,74626675
2010-08-03,12.100674629211426,12.165646242069455,12.024834528404604,12.11722708096216,72362219
2010-08-04,12.508042335510254,12.524840724645648,12.130814023826328,12.158729675617742,153071607
2010-08-05,12.552014350891113,12.564366023719437,12.439859875174417,12.497419351608503,97178890
2010-08-06,12.357348442077637,12.493713446934896,12.254334278568415,12.485314725500633,133277692
2010-08-09,12.484078407287598,12.487784476725341,12.385510959689151,12.407497656476014,75168699
2010-08-10,12.443564414978027,12.500136360313688,12.316585667643112,12.409967639442854,83270954
2010-08-11,12.147858619689941,12.30250518048754,12.141929665973631,12.295834634602503,89253294
2010-08-12,12.154529571533203,12.222217831449584,11.919843073635343,11.955168969117912,88514535
2010-08-13,12.014705657958984,12.134272267288889,12.006306936998886,12.080171034569798,77678069
2010-08-16,11.995931625366211,12.101665281291474,11.870189166222241,11.948747815875569,52395658
2010-08-17,12.117721557617188,12.220983550103169,12.006801489969604,12.068560801404399,75911472
2010-08-18,11.910950660705566,12.126368093899371,11.896129219384415,12.115745540702836,107858771
2010-08-19,11.560648918151855,11.91984248459205,11.542861111379462,11.882786524458655,157588475
2010-08-20,11.413662910461426,11.650077603045618,11.388958618423443,11.560650468475682,157291365
2010-08-23,11.46430492401123,11.56756691584148,11.307683288505364,11.400816492253883,119895720
2010-08-24,11.151061058044434,11.323493559341994,11.139450030997715,11.306942052110752,110922211
2010-08-25,11.230853080749512,11.30965860385091,11.116721661429745,11.116721661429745,104072633
2010-08-26,11.140932083129883,11.2960724282301,11.127592881445839,11.266427655802223,71346425
2010-08-27,11.334856986999512,11.36351423200995,11.058668720804716,11.179965410117608,92842698
2010-08-30,11.183176040649414,11.357832365009093,11.176505494087465,11.342762151193869,49440624
2010-08-31,11.117216110229492,11.237028652762305,11.067313766281243,11.119438049078807,78163883
2010-09-01,11.371912002563477,11.485797488968528,11.178481290376052,11.239746835227036,129616018
2010-09-02,11.4423189163208,11.47319999256485,11.37141928729527,11.433920194356427,67620512
2010-09-03,11.618210792541504,11.657241814237866,11.547557104380484,11.623645036771094,101996882
2010-09-07,11.472456932067871,11.55126340702706,11.438366389685179,11.474927645072965,68652365
2010-09-08,11.625126838684082,11.67255847568757,11.475174798175711,11.491974133553462,96432101
2010-09-09,11.763469696044922,11.867719219906855,11.625126791408334,11.804230785974768,97588419
2010-09-10,11.76247787475586,11.852647531896839,11.736292294550735,11.833626261357344,79268006
2010-09-13,11.91391372680664,11.965297361763996,11.846225469122583,11.880069125010422,89996068
2010-09-14,11.86845874786377,11.975178966216873,11.859812199589342,11.90748976432233,88992319
2010-09-15,11.873647689819336,11.904527818092111,11.820780864812738,11.856602418990585,96472251
2010-09-16,11.884023666381836,11.918361091038298,11.843261631156334,11.856602724717249,79075287
2010-09-17,12.108579635620117,12.134519282812503,11.886987340470899,11.950475769158706,226509844
2010-09-20,12.556461334228516,12.609080331834411,12.155765037834012,12.166635418226745,176800216
2010-09-21,12.684426307678223,12.845496547007821,12.57202400478162,12.59104622401288,179321632
2010-09-22,12.747173309326172,12.791146699348726,12.640453085128216,12.669603144505368,101864387
2010-09-23,12.684922218322754,12.83833345133024,12.631067860679286,12.712837871583968,93043447
2010-09-24,13.026080131530762,13.039420277848297,12.803004659194588,12.888973545110295,134779299
2010-09-27,13.103157997131348,13.262250350527223,13.064619792350715,13.064619792350715,124761892
2010-09-28,13.023116111755371,13.181714688745355,12.807698706350694,13.17899709378572,146735949
2010-09-29,13.035962104797363,13.165657499496717,12.962343944616917,13.039914110158337,87213678
2010-09-30,12.989025115966797,13.139224977553706,12.819310216534701,13.072277358992753,130250387
2010-10-01,12.984827041625977,13.108346625369409,12.920103245131454,13.093030473190536,89333594
2010-10-04,12.904044151306152,13.049797301637392,12.817581492226097,12.968275122699724,77910939
2010-10-05,13.296340942382812,13.340066506518333,13.007799136147622,13.053007884737012,140809819
2010-10-06,13.200489044189453,13.338830991480505,13.091545931259448,13.321785721365124,110906151
2010-10-07,13.09327507019043,13.270895865761984,13.071782138553194,13.246438457065024,96191202
2010-10-08,13.249896049499512,13.280777120919298,13.034231772827935,13.161457398062494,114796679
2010-10-11,13.311408042907715,13.453701974194331,13.270152252458502,13.302514613083034,105445761
2010-10-12,13.374405860900879,13.488042581243972,13.285471541621254,13.343031021120131,150706777
2010-10-13,13.421588897705078,13.52509681634045,13.39762525426508,13.512992026528275,122682126
2010-10-14,13.363040924072266,13.469762100883948,13.268672365923136,13.443327742882289,266358649
2010-10-15,14.85811710357666,14.862810701604488,14.614784031133622,14.804262748454475,595214680
2010-10-18,15.259800910949707,15.30871383690185,14.835883525883249,14.835883525883249,284992232
2010-10-19,15.015726089477539,15.188406404595309,14.892948119978094,15.040924144389333,184203863
2010-10-20,15.019433975219727,15.251650741493764,15.007576065591826,15.02338598115666,141532518
2010-10-21,15.11849594116211,15.217559050858375,14.970519900803614,15.10663897759895,117257870
2010-10-22,15.131836891174316,15.188407896847052,15.070570395548074,15.116766676440376,90582257
2010-10-25,15.229909896850586,15.433469403840055,15.192113285418033,15.207429435683709,126809538
2010-10-26,15.281787872314453,15.346757595334344,15.094779876675256,15.145915688372938,100892759
2010-10-27,15.229169845581055,15.316373152656539,15.126895377949829,15.21187674589612,90012128
2010-10-28,15.281293869018555,15.341077178682019,15.15085781500059,15.317608242634739,87699492
2010-10-29,15.160737037658691,15.291668732729349,15.14319800407226,15.243989273827525,91473585
2010-11-01,15.192853927612305,15.332678120525678,15.09922695941613,15.21088767296404,123946848
2010-11-02,15.20767593383789,15.316372167465166,15.182477878216224,15.283516036904011,80203500
2010-11-03,15.320819854736328,15.36158094493143,15.155798545136932,15.254614771104901,135726838
2010-11-04,15.421858787536621,15.561434201708874,15.368250371651245,15.430998155047021,143367369
2010-11-05,15.44186782836914,15.45199756219084,15.343794146223143,15.394930904102955,70892731
2010-11-08,15.483617782592773,15.55081228438665,15.393695937377842,15.41568263444693,84367048
2010-11-09,15.435444831848145,15.584408387079984,15.328971484392522,15.563411111206953,89823423
2010-11-10,15.387519836425781,15.390484313599702,15.25486090175559,15.367756970569143,100254375
2010-11-11,15.246955871582031,15.312668137396486,15.173338648154052,15.308962067762673,90803081
2010-11-12,14.903572082519531,15.239791464085759,14.852187496774235,15.167902420464412,136228712
2010-11-15,14.710387229919434,14.92111198797131,14.67530821453461,14.898383699400014,139677591
2010-11-16,14.42011833190918,14.770171649436914,14.413448730827527,14.643441661617244,132791878
2010-11-17,14.415918350219727,14.562906849985975,14.362063051854337,14.451738957821359,98066204
2010-11-18,14.73731517791748,14.821802780431591,14.539684620382372,14.550555001019104,103988318
2010-11-19,14.595763206481934,14.770171714789749,14.583658414903498,14.748185016700418,92244464
2010-11-22,14.60539722442627,14.66024005540365,14.396156580931512,14.512757780189016,87791837
2010-11-23,14.40257740020752,14.550801257898236,14.283752377852014,14.501393620637488,86828238
2010-11-24,14.698036193847656,14.73830446480983,14.502381640968261,14.50880530562505,96215292
2010-11-26,14.575258255004883,14.648876422322296,14.50114726935509,14.586622399813324,52640573
2010-11-29,14.380343437194824,14.570315893668287,14.326982853362338,14.554751917096286,114816754
2010-11-30,13.72816276550293,14.187901687453982,13.668873225932469,14.187901687453982,285763111
2010-12-01,13.941604614257812,14.119967015049683,13.893432331480117,13.90825471785918,150726852
2010-12-02,14.126142501831055,14.163445348976316,13.966308560926208,14.048078566107243,102298006
2010-12-03,14.155294418334961,14.24126331681448,14.031774842275643,14.067595453119248,105642495
2010-12-06,14.287704467773438,14.377627251319382,14.244472669538716,14.342299463806901,84065923
2010-12-07,14.50460433959961,14.649369003614618,14.476441807881603,14.60663096888238,122144116
2010-12-08,14.588597297668457,14.637511168791942,14.419376170321295,14.623924140020158,70539412
2010-12-09,14.612314224243164,14.713105505277804,14.550554911868966,14.671110005262836,75036204
2010-12-10,14.629854202270508,14.673826651056192,14.582422566073088,14.652828428099378,68443585
2010-12-13,14.6893892288208,14.896406961384875,14.676295964509327,14.751148535290996,96299607
2010-12-14,14.696554183959961,14.780053312621252,14.636523991579061,14.750408539616235,65978380
2010-12-15,14.582669258117676,14.73459824287798,14.554259842375313,14.67901476788788,87033003
2010-12-16,14.617500305175781,14.668391124335939,14.527578466685025,14.64566378261439,64115423
2010-12-17,14.595020294189453,14.63849992217819,14.517697007631146,14.599960774043806,123946848
2010-12-20,14.7002592086792,14.769924424772052,14.542155330230889,14.690131366227758,79227857
2010-12-21,14.8981351852417,14.938897214212442,14.763251490786887,14.786968251104884,75461793
2010-12-22,14.957921028137207,14.995223876575443,14.90332508011616,14.92111288985551,48481040
2010-12-23,14.926793098449707,14.970518663057153,14.872444981803545,14.954214984790076,44598542
2010-12-27,14.881091117858887,14.915675422120264,14.809943668886627,14.889983603071983,48505130
2010-12-28,14.795616149902344,14.91790036397723,14.773135688322142,14.872939440816827,42751645
2010-12-29,14.847000122070312,14.881832255492087,14.795615536368839,14.871704413526333,40920808
2010-12-30,14.794134140014648,14.85515185712549,14.757818822369751,14.77288809006617,39728356
2010-12-31,14.673331260681152,14.783263789325137,14.625404919645653,14.741761112251824,61802787
2011-01-03,14.929756164550781,14.960388461319258,14.735336995180031,14.735336995180031,94962614
2011-01-04,14.87466812133789,14.97496563510489,14.825260483747785,14.961132669506176,73253547
2011-01-05,15.046361923217773,15.077487989716914,14.823533301955113,14.824027066214292,101671667
2011-01-06,15.155797004699707,15.27758744456426,15.070568763367907,15.086131794761574,82620526
2011-01-07,15.228425979614258,15.273140963589194,15.072545943458277,15.215333660837878,84363033
2011-01-10,15.17333698272705,15.20248798870938,15.033760626677319,15.187912485718217,63404769
2011-01-11,15.217803955078125,15.286727571969886,15.180501110698197,15.259800397029137,57787794
2011-01-12,15.239047050476074,15.300313534453863,15.18716965280311,15.300313534453863,65552790
2011-01-13,15.234603881835938,15.308221103736363,15.172102976789224,15.241520364888553,53560006
2011-01-14,15.419635772705078,15.421859603604887,15.24423879598931,15.25214375338178,94978674
2011-01-18,15.801310539245605,15.859610666685787,15.446562672899095,15.466078658059002,145222296
2011-01-19,15.606642723083496,15.883572571120473,15.555012199404509,15.862822176346533,136754676
2011-01-20,15.483617782592773,15.664203065283097,15.39764888898048,15.618006786180526,220254485
2011-01-21,15.114542961120605,15.853187758751508,15.10293193452649,15.800074051681351,357511035
2011-01-24,15.096013069152832,15.130845199711793,14.852680027602988,15.009303538844371,184657557
2011-01-25,15.314149856567383,15.333418011548726,14.983364728185906,15.024867407025447,146418764
2011-01-26,15.229909896850586,15.377885929166657,15.199771360550871,15.32452533944412,81829572
2011-01-27,15.23707389831543,15.308961050257887,15.149621822490593,15.264247956856481,81070738
2011-01-28,14.846753120422363,15.32526645458309,14.81636770295281,15.29339785264782,169878368
2011-01-31,14.831189155578613,14.932721071501273,14.712363196364537,14.911229086727205,112616538
2011-02-01,15.095026016235352,15.152091725302212,14.899124598831067,14.933215138285885,110223602
2011-02-02,15.118741035461426,15.176549283208539,15.008314739518665,15.094037690922308,70691981
2011-02-03,15.073040962219238,15.105155502481729,14.973731918212335,15.056489454884755,60028160
2011-02-04,15.09354305267334,15.104907196596832,14.985587469033891,15.073039541462615,62264511
2011-02-07,15.175314903259277,15.276599952971976,15.049819324232192,15.073288261244079,72253814
2011-02-08,15.276351928710938,15.307233002804814,15.180748958800438,15.191123682991378,68050116
2011-02-09,15.229909896850586,15.302785524624701,15.127141668984084,15.239049264678338,73976246
2011-02-10,15.228425979614258,15.254613454892354,15.107871840215934,15.165679142967251,93725996
2011-02-11,15.42754077911377,15.439892452436593,15.14344661723775,15.162962601614876,103984303
2011-02-14,15.517708778381348,15.554516914498482,15.317360635850841,15.398882811039572,85439051
2011-02-15,15.41889476776123,15.565635451848893,15.392956063695971,15.497206536033524,83993653
2011-02-16,15.420621871948242,15.476945988773474,15.368249760498705,15.455454949487736,67612482
2011-02-17,15.446314811706543,15.49547556764104,15.32328995376687,15.347252653491504,59373716
2011-02-18,15.565385818481445,15.592559874300708,15.419633634583406,15.464594551500742,129198459
2011-02-22,15.074522972106934,15.438163309606596,15.014245898305566,15.317114451853868,146141730
2011-02-23,15.101943016052246,15.185442138775468,14.921111805398557,15.077486553016596,116017237
2011-02-24,15.040184020996094,15.145668896077606,14.855645791268545,15.103672451733972,108874565
2011-02-25,15.070322036743164,15.185935695754598,15.05698189002164,15.115282956686968,77585724
2011-02-28,15.153326034545898,15.229661789433855,15.020172398976728,15.069334096958062,91602065
2011-03-01,14.841071128845215,15.297104005013873,14.805003639059024,15.26152933353816,133426247
2011-03-02,14.841812133789062,14.97051810995101,14.70347018847125,14.81735472547513,81371863
2011-03-03,15.058464050292969,15.106142564935537,14.945813923007725,14.979906354805115,78103658
2011-03-04,14.837611198425293,15.044136112877128,14.827236474896276,15.028078371572553,120891439
2011-03-07,14.616267204284668,14.913453685709733,14.501147300952274,14.835884458387705,139027162
2011-03-08,14.632325172424316,14.772396261631933,14.580199933927313,14.64764132423616,91738575
2011-03-09,14.61898422241211,14.686672486772142,14.470267546509026,14.599961057128294,86362499
2011-03-10,14.335631370544434,14.491759246431432,14.31463314741522,14.462609183718113,125592995
2011-03-11,14.246944427490234,14.328219722261567,14.163445301870263,14.284247274511431,121734587
2011-03-14,14.080936431884766,14.285978202427998,14.032270380074856,14.150354772576046,113066217
2011-03-15,14.070311546325684,14.105885271240368,13.722975856014516,13.772383491982096,160824559
2011-03-16,13.76250171661377,14.075993751527283,13.618725522965294,14.0320213050863,152509508
2011-03-17,13.867741584777832,14.056477765966557,13.847484007902603,13.944817048754501,116406692
2011-03-18,13.860329627990723,14.031526763961365,13.827720379451039,13.94876828615242,132438559
2011-03-21,14.2417573928833,14.323280522967181,14.056972261965548,14.086617036541504,121288923
2011-03-22,14.262014389038086,14.309198198389625,14.143189359353224,14.260779032496385,75758903
2011-03-23,14.381580352783203,14.388744663670339,14.13058921097751,14.209393793010547,72920303
2011-03-24,14.498429298400879,14.535485263219504,14.298574916402826,14.462360862038427,84262658
2011-03-25,14.321795463562012,14.498921537905536,14.309442845982497,14.498180891641292,114764559
2011-03-28,14.213593482971191,14.451491341250188,14.1975357417121,14.379355419586684,89068604
2011-03-29,14.370957374572754,14.374909380117959,14.15553996556294,14.22940406537482,64432607
2011-03-30,14.373674392700195,14.464089995113563,14.342546438353125,14.43642122786529,57105245
2011-03-31,14.495216369628906,14.529802565910764,14.371203989218216,14.40233005241838,81480268
2011-04-01,14.61972427368164,14.703470276856537,14.544624819498914,14.544624819498914,104919797
2011-04-04,14.5179443359375,14.692352822468374,14.404800446035535,14.649368851988955,82488031
2011-04-05,14.058700561523438,14.365027337879381,13.974459846707948,14.354899496096166,242806701
2011-04-06,14.184442520141602,14.208652100197142,14.031772901443311,14.1350348857335,107132058
2011-04-07,14.32822036743164,14.344031228473202,14.184691045154446,14.22273548614108,101639547
2011-04-08,14.282764434814453,14.449021086804985,14.280294667863615,14.449021086804985,76357137
2011-04-11,14.263249397277832,14.281283142984103,14.155293805160804,14.234345270996869,74606600
2011-04-12,14.0962495803833,14.251883673607901,14.03300803635708,14.204698924727289,83736694
2011-04-13,14.236321449279785,14.268929751513506,14.124412911564272,14.217300176120563,83086265
2011-04-14,14.291411399841309,14.314633454387778,14.13306063554778,14.209394508453908,219070062
2011-04-15,13.110321044921875,13.482114161978448,13.094511130359287,13.470750017335936,563853569
2011-04-18,13.014961242675781,13.035218814668639,12.821283682055045,13.004585574615001,202347616
2011-04-19,12.883787155151367,13.114767601498421,12.868224122894597,13.091793376284029,107766427
2011-04-20,12.987542152404785,13.014469327593996,12.880328161755223,12.991741985820322,122858785
2011-04-21,12.971980094909668,13.050538741571712,12.905032475059784,13.031022757442306,99174342
2011-04-25,12.970743179321289,13.018915455605319,12.89564372906319,12.975684604720543,65476506
2011-04-26,13.16269302368164,13.276825395428709,12.97469655025144,13.00705891720776,140524754
2011-04-27,13.28472900390625,13.293375552478851,13.200488294708281,13.290657011772401,92280599
2011-04-28,13.2899169921875,13.321538711081747,13.19381931681738,13.29214082291201,80299860
2011-04-29,13.441351890563965,13.441351890563965,13.303256829911422,13.340065909794108,169773978
2011-05-02,13.30449390411377,13.481620952283334,13.268921121930486,13.480879359993823,85667905
2011-05-03,13.189126968383789,13.389722005002861,13.083888969864029,13.269167855695441,83572079
2011-05-04,13.236064910888672,13.315363260428926,13.16763410441461,13.22074876002021,84997401
2011-05-05,13.198514938354492,13.32573868699128,13.130084133133785,13.188386150033368,80211530
2011-05-06,13.223957061767578,13.376132909465467,13.220993530825886,13.294362914002496,82552271
2011-05-09,13.282753944396973,13.302764639186076,13.12020334847504,13.216547915104654,78240168
2011-05-10,13.405777931213379,13.44950444161743,13.279294835507665,13.340066616370127,82022292
2011-05-11,13.227663040161133,13.427764294570634,13.184185304760089,13.343525472799785,93902656
2011-05-12,13.21778392791748,13.264473974896084,13.115509455683533,13.22247752623814,58149143
2011-05-13,13.081911087036133,13.239275255240406,13.06955941443819,13.206912889289006,84664157
2011-05-16,12.806957244873047,13.025586957585501,12.757055844399959,13.001871140835217,118771522
2011-05-17,13.104391098022461,13.12316643429064,12.72321175985219,12.733092719228349,132639308
2011-05-18,13.088335990905762,13.101181428933467,12.986803113699878,13.081665443853376,78420843
2011-05-19,13.123908996582031,13.254591930190946,13.086111439153626,13.16046930570301,99118132
2011-05-20,12.945549011230469,13.142190166245758,12.92331542961057,13.137496567777434,93047462
2011-05-23,12.806217193603516,12.84599075411132,12.682945452285557,12.761996917248414,92344839
2011-05-24,12.80300521850586,12.943816934322927,12.800287623522905,12.855130449668634,76284867
2011-05-25,12.837838172912598,12.914418920454867,12.77805392159202,12.780030870237812,52259149
2011-05-26,12.79979419708252,12.898363543130042,12.722472794726007,12.789171644099834,85057626
2011-05-27,12.868224143981934,12.890210840776994,12.754585536475988,12.808440835995295,70093747
2011-05-31,13.068819046020508,13.069559692356076,12.932453096696362,12.969509061186619,107894906
2011-06-01,12.984331130981445,13.172079769982028,12.97716682036961,13.04460820114631,118679178
2011-06-02,13.045101165771484,13.100437752702241,12.907253935580217,13.032997321967686,88510520
2011-06-03,12.922078132629395,13.033739796424449,12.883047109111851,12.895398782647272,70202152
2011-06-06,12.872175216674805,13.014469165472669,12.827461179982741,12.93344075881498,77975179
2011-06-07,12.822026252746582,12.96036914492683,12.821038724340957,12.917383282029137,76590006
2011-06-08,12.825486183166504,12.876622942007863,12.741740175064182,12.760268630553066,66383894
2011-06-09,12.765209197998047,12.84599072944795,12.738282020848079,12.84599072944795,67817246
2011-06-10,12.586845397949219,12.764219301595633,12.581411154246256,12.699741456162643,97961814
2011-06-13,12.468762397766113,12.603892993403962,12.405520847673326,12.598951567431234,97455925
2011-06-14,12.558685302734375,12.69974296227598,12.524593814392196,12.55325011247844,94011061
2011-06-15,12.424789428710938,12.558189952120584,12.366983071248216,12.47617306776857,83242849
2011-06-16,12.361052513122559,12.514216839624046,12.269649384043683,12.421330526167694,110693357
2011-06-17,11.981849670410156,12.517181823807789,11.976415426408938,12.504583269264321,210602442
2011-06-20,11.970979690551758,12.011741724419222,11.838815466756017,11.981356306510872,121598077
2011-06-21,12.178985595703125,12.202208594047734,11.974685451046552,12.035457231204022,111030616
2011-06-22,12.031011581420898,12.162929877297133,12.024095098225139,12.140696297221048,96644896
2011-06-23,11.86327075958252,11.92848925580752,11.702943059922594,11.910455511093682,192787918
2011-06-24,11.731352806091309,11.876364348438043,11.685403413429816,11.874635227871002,152794573
2011-06-27,11.927007675170898,12.06534867533888,11.699731418207838,11.709613323609165,138304463
2011-06-28,12.19504451751709,12.258286065850132,11.95714664607527,11.95714664607527,109011074
2011-06-29,12.291884422302246,12.358090451185646,12.163670306531452,12.266438537301212,94071286
2011-06-30,12.509522438049316,12.51668674838247,12.388968302409,12.401073092392279,97500090
2011-07-01,12.871435165405273,12.875141234747115,12.509523021775104,12.518417399013831,146013250
2011-07-05,13.153304100036621,13.226427545771253,12.976918676415533,12.976918676415533,154545110
2011-07-06,13.22544002532959,13.303257073956305,13.168126487783049,13.179490631634184,108228151
2011-07-07,13.503110885620117,13.603904052847627,13.23828678732201,13.364769882275825,158010049
2011-07-08,13.142189025878906,13.282013222852878,13.02558782890431,13.165905790124127,191523195
2011-07-11,13.025833129882812,13.240756761562102,12.98185974008506,13.048066706874643,113997696
2011-07-12,13.19209098815918,13.325738398592438,12.994213553586565,13.047573197368507,114073981
2011-07-13,13.297082901000977,13.438883105234437,13.253109504511071,13.265956834383854,112026334
2011-07-14,13.066842079162598,13.389474433028935,13.012246133904691,13.318326981306445,266976958
2011-07-15,14.763501167297363,14.828472782976842,14.529803126721951,14.760536690124981,551342851
2011-07-18,14.697295188903809,14.872939043076649,14.624665497943957,14.63677028878585,179401931
2011-07-19,14.885290145874023,14.937909140885411,14.71187012918454,14.726939396631265,119144917
2011-07-20,14.707422256469727,14.89220736047942,14.707422256469727,14.876150564846078,89446014
2011-07-21,14.994976043701172,15.021409455647408,14.674319696737836,14.674814406863007,139300182
2011-07-22,15.272647857666016,15.304021752239162,14.927782845399825,14.955450670299262,141656982
2011-07-25,15.291173934936523,15.450020341768285,15.143445736083684,15.152339167376677,125733520
2011-07-26,15.378626823425293,15.501651683582542,15.247697005891956,15.268200518645827,94067271
2011-07-27,15.000657081604004,15.339840935598556,14.939639364861222,15.246707734972615,157965884
2011-07-28,15.092556953430176,15.217064054633962,14.89640863248445,14.950509870477799,124802042
2011-07-29,14.913453102111816,15.191866126453773,14.913453102111816,14.926793249299346,166116320
2011-08-01,14.989542007446289,15.20520631545814,14.802040234215319,15.09947455135182,159238637
2011-08-02,14.634547233581543,15.061182222991485,14.614042775659623,14.97051878788053,128503865
2011-08-03,14.851200103759766,14.896407907616684,14.41789551074011,14.680743612511424,153601587
2011-08-04,14.266953468322754,14.793886898400995,14.2657190578108,14.686425078453452,197320845
2011-08-05,14.304503440856934,14.575257439146805,13.883550530894386,14.3909670408656,238052949
2011-08-08,13.488784790039062,14.056477451368382,13.447528990840391,13.907760771193798,300987964
2011-08-09,14.165422439575195,14.19506721189592,13.36501737054964,13.858846874082124,259758001
2011-08-10,13.562649726867676,13.935924161828526,13.531028003790434,13.868235891362346,215589063
2011-08-11,13.886763572692871,14.044125857439457,13.547826583205477,13.6814730499228,193948251
2011-08-12,13.927277565002441,14.093533278945198,13.844024375156128,14.068829932818145,126644924
2011-08-15,13.76571273803711,13.957415270772799,13.489524501719874,13.671838893250118,286867234
2011-08-16,13.315362930297852,13.647382490478522,13.10043927558286,13.647135608359108,278616423
2011-08-17,13.170845031738281,13.431223352893486,13.112049255671447,13.340806803987466,163775579
2011-08-18,12.472468376159668,12.966791638344905,12.364018076295986,12.931712622100576,252571164
2011-08-19,12.127602577209473,12.719258837426016,12.126119392800419,12.335608785586711,217211120
2011-08-22,12.306707382202148,12.524841463527999,12.216785530804277,12.450729527810763,196971541
2011-08-23,12.816839218139648,12.880822358100165,12.328691807147889,12.438376514288448,174523715
2011-08-24,12.927265167236328,13.093028052856916,12.777560023174814,12.829437425275769,144318923
2011-08-25,12.846979141235352,13.272626642710044,12.803994218505158,13.102417018547042,132213719
2011-08-26,13.015460014343262,13.10414651171013,12.676522995102244,12.845745095535653,144391193
2011-08-29,13.317338943481445,13.326479256708659,13.180973945471012,13.205678236121445,93782206
2011-08-30,13.3573579788208,13.413930868680648,13.113038351098927,13.295351791085169,120008140
2011-08-31,13.36378288269043,13.495700226937906,13.241251788412246,13.457162969052286,108135806
2011-09-01,13.15478801727295,13.434682336582934,13.123167242686218,13.358595350247494,96982155
2011-09-02,12.965558052062988,13.041645043786104,12.864025174510495,12.956416791862434,96408011
2011-09-06,12.899845123291016,12.91417374628001,12.61130517368958,12.61871636732034,109039179
2011-09-07,13.192584991455078,13.239769745474833,13.028799041772253,13.104145383841564,110645177
2011-09-08,13.215559005737305,13.317833469527029,13.13996578275774,13.186902707997604,95576908
2011-09-09,12.965803146362305,13.207899892469884,12.875387544432801,13.127613077867615,131242091
2011-09-12,13.095993995666504,13.142189330980717,12.784231054422236,12.795595199608568,107216373
2011-09-13,13.081171989440918,13.188880706081912,12.92998363963591,13.142436595470741,94520965
2011-09-14,13.144165992736816,13.264720141569319,12.98976629121321,13.1570114304145,108179971
2011-09-15,13.40330696105957,13.46309026221428,13.205677378236956,13.228898482949576,118875912
2011-09-16,13.505086898803711,13.509039849962871,13.417635776390071,13.458644688702632,141901897
2011-09-19,13.504841804504395,13.584634863160849,13.225935949436007,13.348713928720812,99106087
2011-09-20,13.503853797912598,13.797582029005138,13.406025105072137,13.572282709252093,111580670
2011-09-21,13.320303916931152,13.710624562567626,13.311905195009176,13.530040217388391,100948969
2011-09-22,12.862293243408203,13.062888256311858,12.697766664091398,13.000388304020609,176671736
2011-09-23,12.982109069824219,13.004589533147467,12.710120624781148,12.761010506409978,111508400
2011-09-26,13.139719009399414,13.165410830140472,12.679239401189289,13.025092871583356,105762945
2011-09-27,13.323763847351074,13.514230109661977,13.242487597473731,13.295601310835105,120887424
2011-09-28,13.064371109008789,13.439375569929084,13.036209522498245,13.377122496806065,90871336
2011-09-29,13.031270027160645,13.27336774714018,12.831415636046891,13.242239789364252,116699786
2011-09-30,12.723459243774414,12.944804662716221,12.707153673624806,12.851177696770147,109352349
2011-10-03,12.241238594055176,12.64835850271007,12.228393158381158,12.595244801787253,179646846
2011-10-04,12.39885139465332,12.436895834735983,11.872659519515004,12.105616920288695,166975528
2011-10-05,12.46802043914795,12.544603074579937,11.876857961681258,12.26174430375203,182043797
2011-10-06,12.715307235717773,12.72815267252544,12.41614287709963,12.537192673797032,137485405
2011-10-07,12.725434303283691,12.858341054367713,12.606361462500253,12.767678572276784,114664185
2011-10-10,13.270153999328613,13.277565191824785,12.92504120292238,12.973955073397105,93236167
2011-10-11,13.418625831604004,13.508052967179097,13.17850412094784,13.17850412094784,114563810
2011-10-12,13.550049781799316,13.716306448063293,13.4544458611104,13.540909467707074,127588447
2011-10-13,13.809192657470703,13.80943953957715,13.538190831358383,13.587845349733456,228356741
2011-10-14,14.616759300231934,14.812413831732481,14.515226438318612,14.80920247270924,342474886
2011-10-17,14.387755393981934,14.620464949578947,14.27881133582201,14.420116813380126,160928949
2011-10-18,14.587857246398926,14.638501189401103,14.263990460581105,14.332915031944507,152601853
2011-10-19,14.345512390136719,14.626148294718657,14.308950190558022,14.509545213346826,117699519
2011-10-20,14.41888427734375,14.547837153405606,14.31611604199976,14.375158708316079,135666613
2011-10-21,14.587361335754395,14.643192632951397,14.493734376757097,14.56315270216191,136148412
2011-10-24,14.733856201171875,14.821555158713013,14.488794965274701,14.494229209413385,137589795
2011-10-25,14.406283378601074,14.698777194718472,14.398625303653509,14.651839324776756,102000897
2011-10-26,14.484101295471191,14.579705215833263,14.151834846204599,14.564142182898818,115354763
2011-10-27,14.789440155029297,14.888997024338478,14.656781217867623,14.783265264360885,151778780
2011-10-28,14.825754165649414,14.879115700385954,14.680248848747581,14.686919395305328,100696024
2011-10-31,14.640475273132324,14.814637832966985,14.61651351969856,14.701001118583386,102695490
2011-11-01,14.294868469238281,14.464337428561246,14.247932491555733,14.33069002254014,125472546
2011-11-02,14.44729232788086,14.524862502872047,14.340079271345958,14.449269276710599,85153986
2011-11-03,14.760536193847656,14.760536193847656,14.420116986511989,14.501146341802261,107192283
2011-11-04,14.726940155029297,14.815874471663728,14.63528824329073,14.661721656164048,113817021
2011-11-07,15.02807903289795,15.039196295024349,14.63034722741337,14.65727440353455,134799374
2011-11-08,15.127141952514648,15.177291183854514,14.91123076841945,15.044631299317652,121630197
2011-11-09,14.845766067504883,15.054267013916636,14.789194114804415,14.927536078091345,148996390
2011-11-10,14.700754165649414,14.969284337073953,14.613795854252484,14.968790572853514,115166059
2011-11-11,15.028572082519531,15.120964632832237,14.787709747437972,14.854410479299437,159676271
2011-11-14,15.14344596862793,15.268940591175394,15.014492158807768,15.01992640296463,128026081
2011-11-15,15.231390953063965,15.268940681797703,15.081686748261458,15.1385046326318,107441212
2011-11-16,15.105648040771484,15.274376351674945,15.084403882978826,15.120718254135953,104731092
2011-11-17,14.843790054321289,15.125907279416955,14.742750940715108,15.070570683321996,140255750
2011-11-18,14.69581127166748,14.933461291494977,14.6678956237406,14.871702933771138,132000924
2011-11-21,14.351442337036133,14.538203461563299,14.132813554396819,14.519921887555183,120501984
2011-11-22,14.32822036743164,14.450998348426769,14.210630694711295,14.32822036743164,96572626
2011-11-23,14.083898544311523,14.33439496488484,14.083898544311523,14.213347061052563,93380707
2011-11-25,13.90825366973877,14.18666573874552,13.866998819016423,13.962355848899483,62730250
2011-11-28,14.530543327331543,14.546106358041792,14.241754658703845,14.312655221937712,113580136
2011-11-29,14.400602340698242,14.58415115027301,14.361075663351746,14.522886550316615,73546641
2011-11-30,14.807226181030273,14.810190658092223,14.62688873627577,14.771653402195327,136389312
2011-12-01,15.162468910217285,15.21755862210098,14.797593213930737,14.822296560695067,145366836
2011-12-02,15.32526683807373,15.415188682191877,15.223979903520934,15.243496833270259,164040568
2011-12-05,15.455950736999512,15.610349496671693,15.375662965770218,15.505111495801204,128379401
2011-12-06,15.409505844116211,15.52931839037278,15.322301599406277,15.390236743347307,93408812
2011-12-07,15.400117874145508,15.456195107100312,15.269434954705117,15.3578736054767,90630437
2011-12-08,15.218792915344238,15.500417309281897,15.200265405413877,15.342065603818467,96885796
2011-12-09,15.499674797058105,15.541918122573502,15.242507828746056,15.26696523765638,111062736
2011-12-12,15.4495267868042,15.469041824401604,15.323536508447054,15.362816303477338,87683432
2011-12-13,15.455453872680664,15.725466249873376,15.386776196684698,15.532776205118022,161731947
2011-12-14,15.268693923950195,15.423093619679396,15.130846680760467,15.36207495527479,156733281
2011-12-15,15.305008888244629,15.415188305764532,15.28400972041374,15.378626106027266,96705121
2011-12-16,15.463607788085938,15.546612203151877,15.35268772194564,15.423093581960774,179040582
2011-12-19,15.361580848693848,15.526356221044239,15.316373042802034,15.514250483806496,86061375
2011-12-20,15.572551727294922,15.60886609947756,15.51375594843716,15.514002830548582,95886062
2011-12-21,15.460149765014648,15.608372680082313,15.290680799268072,15.563658639672587,100290510
2011-12-22,15.555999755859375,15.60614803795904,15.489546849899897,15.51276795630673,73165217
2011-12-23,15.64098072052002,15.679025159500188,15.57724540728074,15.612819133316698,58365953
2011-12-27,15.816624641418457,15.921367919081684,15.612818266186173,15.614052676681242,64496847
2011-12-28,15.803038597106934,15.933968411772396,15.763511919275267,15.87838493742046,85406931
2011-12-29,15.869739532470703,15.884561918604506,15.691870898865057,15.84725812524402,63252199
2011-12-30,15.95620059967041,15.977447595451093,15.860350749725956,15.860350749725956,71559220
2012-01-03,16.438173294067383,16.505862504030002,16.116034706240807,16.130117391510836,147611217
2012-01-04,16.509071350097656,16.557738336150738,16.31984048724262,16.42878453878155,114989399
2012-01-05,16.280067443847656,16.402598527183766,16.211390709804093,16.35714384455293,131808205
2012-01-06,16.0579833984375,16.304526888475735,16.052300380013186,16.283527719198148,108119746
2012-01-09,15.377143859863281,15.98337659212272,15.34675749648194,15.97102302763012,233776981
2012-01-10,15.393941879272461,15.657285626057032,15.24003784691439,15.557234998783267,176483032
2012-01-11,15.463607788085938,15.548342269762578,15.344041172526058,15.402836005943952,96359832
2012-01-12,15.554516792297363,15.634805502216338,15.476946623286814,15.593549704818647,75289148
2012-01-13,15.439643859863281,15.488063019306173,15.34255771297535,15.471017749845343,92637933
2012-01-17,15.52833080291748,15.612324634073051,15.456689589992937,15.612324634073051,76658261
2012-01-18,15.635298728942871,15.662224958183987,15.368743626445585,15.480158396254971,110882061
2012-01-19,15.799826622009277,15.834906584789396,15.59947847131514,15.834906584789396,253157352
2012-01-20,14.476195335388184,14.59996083573559,14.37021669768175,14.588350755324226,424637703
2012-01-23,14.464585304260254,14.542155478589763,14.406284232450883,14.476443213503416,137027695
2012-01-24,14.351195335388184,14.517945763739917,14.278812524056987,14.484348039220528,122690156
2012-01-25,14.068582534790039,14.29635161539892,13.991753012317323,14.266706844406777,200255805
2012-01-26,14.034244537353516,14.191855602618585,13.946546518497167,14.130096287860678,129531704
2012-01-27,14.327725410461426,14.33612507748873,14.064630434450862,14.10045009559837,145242371
2012-01-30,14.271153450012207,14.328219160777829,14.165174813395165,14.280046881241274,93569411
2012-01-31,14.330937385559082,14.427035066750497,14.208406291623739,14.40233077472569,86017210
2012-02-01,14.348724365234375,14.464091149205098,14.306974801886865,14.450256291522866,93175942
2012-02-02,14.454456329345703,14.486571815101176,14.379603751168046,14.448528320709112,96950036
2012-02-03,14.731633186340332,14.749913813198098,14.52708521185737,14.591562115983045,127215053
2012-02-06,15.046854972839355,15.089838946785651,14.674320261975819,14.699024554206693,147735682
2012-02-07,14.989542007446289,15.054266744789407,14.91518319168503,14.998930149645606,83997668
2012-02-08,15.065629005432129,15.102684969940526,14.939392789900078,15.035737351713435,73731331
2012-02-09,15.105401992797852,15.180502398029057,15.044631155409046,15.119236850495586,90927546
2012-02-10,14.968297004699707,15.023138890057366,14.921113194885454,15.01696399910537,93356617
2012-02-13,15.12368106842041,15.164196217066545,15.069827665407,15.081685573126181,72924318
2012-02-14,15.063404083251953,15.118740670939156,14.939885471717618,15.10737747325217,72418428
2012-02-15,14.959650039672852,15.141717564576796,14.885538107585589,15.141717564576796,97399715
2012-02-16,14.98336410522461,15.03993604911549,14.766217588472957,14.891960030281547,101615457
2012-02-17,14.936923027038574,15.010787132733102,14.881586431822464,14.945074866794688,98331193
2012-02-21,15.168149948120117,15.264000749149961,14.893442982582249,14.917900392989894,99603946
2012-02-22,15.018444061279297,15.236826894025205,14.988058643724486,15.117754044894216,78974912
2012-02-23,14.973235130310059,15.018442930073936,14.830942130948642,14.995221824966421,82508106
2012-02-24,15.066864013671875,15.110095813614409,14.958413717701907,15.003869348417783,77714204
2012-02-27,15.052289962768555,15.12763630787426,14.947298843880755,14.985095457498655,72827958
2012-02-28,15.276598930358887,15.310691364003647,15.012021705524655,15.069335246587018,114330940
2012-02-29,15.273139953613281,15.454712742924062,15.20520386773376,15.281786502130076,125946315
2012-03-01,15.375659942626953,15.457183054384554,15.27066884452943,15.372201701673355,89843498
2012-03-02,15.347249984741211,15.415186066439073,15.324275763381474,15.365777491072452,63167885
2012-03-05,15.174324989318848,15.377884477086909,15.103424425166176,15.326994605144893,63970883
2012-03-06,14.94482707977295,15.03993723131716,14.6701201232556,15.02116283984783,127451937
2012-03-07,14.99028205871582,15.098732359643208,14.967060951038095,15.04586553378032,50769586
2012-03-08,14.998682022094727,15.106390726093325,14.97916509293462,15.070322290780766,54021731
2012-03-09,14.828472137451172,15.116270455031179,14.822295355353868,15.018691486520334,107224403
2012-03-12,14.9495210647583,14.995223579959907,14.804015743469234,14.822296371186477,67010233
2012-03-13,15.261528968811035,15.26325903535293,14.959402028544678,15.038453488926953,90168712
2012-03-14,15.21731185913086,15.385050763226673,15.154810953546779,15.192854448388793,117916329
2012-03-15,15.344289779663086,15.402836788031866,15.188654719933588,15.23238123347852,97769094
2012-03-16,15.44088077545166,15.462372762495354,15.31760808782751,15.338359428515181,122477361
2012-03-19,15.661731719970703,15.743007958255465,15.347005274425117,15.393448433769928,87237768
2012-03-20,15.649627685546875,15.713117064268086,15.495969578777395,15.586139252734164,61850967
2012-03-21,15.809954643249512,15.993009685792215,15.625417362152918,15.677294765630604,99154267
2012-03-22,15.959906578063965,16.027841723121092,15.58811442309126,15.773393295312369,96769361
2012-03-23,15.874432563781738,16.020431643125445,15.83268300197988,15.973493773407707,77898894
2012-03-26,16.040935516357422,16.044889413819043,15.799085635260013,15.933968401393328,73040752
2012-03-27,15.983869552612305,16.14394941694736,15.929027674653868,15.984117380616462,80588939
2012-03-28,16.19978141784668,16.269693511670916,16.084168702983018,16.107636691723098,101936657
2012-03-29,16.018207550048828,16.220283851431486,15.916675635177404,16.14246775173881,77260510
2012-03-30,15.841081619262695,16.143704219813092,15.835153610968174,16.100718355933054,92774443
2012-04-02,15.98139762878418,15.995726248335759,15.682975843963165,15.829468668755409,91710470
2012-04-03,15.875170707702637,16.00684304456595,15.776850154042608,15.944095266960996,82102591
2012-04-04,15.69063663482666,15.7857458431803,15.590586000443269,15.772158813415494,65348026
2012-04-05,15.620722770690918,15.722254686310857,15.528083339920176,15.618745822139187,93095642
2012-04-09,15.584161758422852,15.69508276923548,15.447056109346859,15.525860689881473,87635252
2012-04-10,15.485840797424316,15.674576963674614,15.428774140898797,15.650368328825325,99652126
2012-04-11,15.710644721984863,15.711632250359582,15.595524831383036,15.66148397036528,88289696
2012-04-12,16.082439422607422,16.135058423745445,15.816873703769742,15.868505176375585,231127086
2012-04-13,15.430010795593262,16.03253746287369,15.403824265586149,15.996963737237673,327595322
2012-04-16,14.972249984741211,15.410495087805458,14.863304968390409,15.390485338503224,228537416
2012-04-17,15.05871295928955,15.259308950275493,14.995471404661352,15.03376272915362,121409373
2012-04-18,15.006340026855469,15.138504247442441,14.891713894858002,15.021162412282228,107180238
2012-04-19,14.805002212524414,15.22397813828167,14.797591020412009,14.962859185656079,132277959
2012-04-20,14.72496223449707,15.040924027997313,14.71928110845521,14.927287318533637,122794545
2012-04-23,14.763006210327148,14.784005378204158,14.580198048964688,14.646898784228082,88241516
2012-04-24,14.853670120239258,14.986081220412476,14.756089260385066,14.778817548212603,77453230
2012-04-25,15.06241512298584,15.102682440021523,14.893439953133349,14.921109663209174,73117037
2012-04-26,15.204463958740234,15.2669648580894,15.061923125978604,15.091814778197037,84013728
2012-04-27,15.19235897064209,15.235836705038665,15.084156507026561,15.193346499027566,65701345
2012-04-30,14.942111015319824,15.219535595312326,14.837366775198683,15.14320077332652,96652926
2012-05-01,14.93173599243164,15.10886115316525,14.826991754398405,14.915924185010581,80392204
2012-05-02,15.001646995544434,15.022644272131954,14.837365393210252,14.851940897081642,64701612
2012-05-03,15.094532012939453,15.188653688764944,15.043395255454307,15.059946761761536,75000069
2012-05-04,14.747443199157715,15.017209671805597,14.743491193594034,14.968542681319388,88626955
2012-05-07,15.008810997009277,15.083415748426763,14.698778126447246,14.698778126447246,80079035
2012-05-08,15.13825798034668,15.23979179759915,14.839589266634801,14.958909001213508,107493407
2012-05-09,15.048334121704102,15.226943376494246,14.867008218095979,14.990774651918986,93501157
2012-05-10,15.159749984741211,15.222250884351265,15.075015507449214,15.14245688679689,61666277
2012-05-11,14.951497077941895,15.1817368684681,14.940132933905257,15.077980171333191,84290763
2012-05-14,14.921112060546875,15.032279007402428,14.83662446204622,14.841564941977353,73249532
2012-05-15,15.096756935119629,15.192854620674044,14.914936288796568,14.95446296864914,84399167
2012-05-16,15.53697681427002,15.565880939027211,15.216074532100572,15.265976878721329,194128926
2012-05-17,15.391718864440918,15.757336142709025,15.3467579421962,15.658027102386118,134654835
2012-05-18,14.832178115844727,15.623195038267978,14.740774032345058,15.442362874108628,239835606
2012-05-21,15.170866966247559,15.209899879385153,14.822295910319873,14.83489541117999,123477094
2012-05-22,14.842059135437012,15.163455174143717,14.723480999858369,15.154315806838929,122533571
2012-05-23,15.055994033813477,15.059453221118549,14.75114948715862,14.863057081498571,127600492
2012-05-24,14.912713050842285,15.116766326487207,14.794381788028904,15.048583349252445,75935562
2012-05-25,14.613056182861328,14.865034864719268,14.532767466717576,14.847001118568459,143813034
2012-05-29,14.68247127532959,14.800801576368375,14.533754613382312,14.718785644076883,104618672
2012-05-30,14.53153133392334,14.622193818186172,14.415423913181845,14.529802213332895,76553871
2012-05-31,14.34946346282959,14.575256526319208,14.303515016621628,14.543635754574192,119177037
2012-06-01,14.105390548706055,14.146646345631927,14.040419881099714,14.125401241907173,122774470
2012-06-04,14.293386459350586,14.340324326494706,14.081427302733466,14.08661466445646,97672734
2012-06-05,14.091309547424316,14.282022659829156,13.993976515550607,14.215816636768633,93946821
2012-06-06,14.342299461364746,14.376884710764951,14.170361688658042,14.2412613080422,84146223
2012-06-07,14.284493446350098,14.523132902573902,14.260283865784423,14.515968592063453,70603652
2012-06-08,14.339335441589355,14.352923416412937,14.19432389321802,14.225698730455983,56627461
2012-06-11,14.0441255569458,14.459644235989753,13.99941151697793,14.432222349025894,106842978
2012-06-12,13.96013355255127,14.08859360833615,13.799064245605702,14.07550034226415,129451404
2012-06-13,13.86107063293457,14.007070662901231,13.801534206484567,13.876633665367832,78460993
2012-06-14,13.810675621032715,13.959392312044391,13.748174712384401,13.866259100321285,94147570
2012-06-15,13.945557594299316,13.945805422329897,13.762255658886195,13.842543427618033,120497969
2012-06-18,14.102179527282715,14.185183935855921,13.815614683735975,13.898865974403261,100250360
2012-06-19,14.366016387939453,14.433951531128717,14.158257061149007,14.169868087083959,83359284
2012-06-20,14.266706466674805,14.328218891900644,14.167891196589574,14.323525294269235,94219840
2012-06-21,13.962849617004395,14.32426609767112,13.926287418044975,14.32426609767112,80753554
2012-06-22,14.117743492126465,14.117743492126465,13.977919302238213,14.031773655012518,89450029
2012-06-25,13.851434707641602,14.033995980794634,13.768677178985488,14.015221590249812,63501129
2012-06-26,13.949758529663086,13.997189220793308,13.821297530713641,13.90232689262434,54210435
2012-06-27,14.063887596130371,14.1797481359441,13.982860134208323,14.024361866523261,67945726
2012-06-28,13.940616607666016,13.988048242452304,13.76521963607386,13.979896403177651,77124000
2012-06-29,14.329948425292969,14.331430663846028,14.135530184551666,14.203712212083941,101157748
2012-07-02,14.339831352233887,14.402331312112613,14.241756718639646,14.373181249098678,66468209
2012-07-03,14.521651268005371,14.535979890555529,14.278812898307097,14.328467421158168,47758342
2012-07-05,14.721506118774414,14.82378059092085,14.539191701291507,14.544626891925818,94187720
2012-07-06,14.47594928741455,14.6622156998459,14.397885349708833,14.635783232377301,86796118
2012-07-09,14.476688385009766,14.54067246766417,14.359098726787932,14.450502802464316,68861145
2012-07-10,14.370217323303223,14.635288316071637,14.297092920878937,14.57995172297119,77212330
2012-07-11,14.110579490661621,14.275107029732554,13.956179793790303,14.2368157081595,140496649
2012-07-12,14.093038558959961,14.128859165141717,13.885772996485798,14.010034148675683,92738308
2012-07-13,14.24224853515625,14.307220145125365,14.04535959442727,14.134292955873923,79336261
2012-07-16,14.20272445678711,14.308209328568342,14.125154289052219,14.238544117687347,58723287
2012-07-17,14.247438430786133,14.344770517264415,14.041654158229587,14.289433927718788,67455897
2012-07-18,14.346994400024414,14.419377210570323,14.232617035533284,14.253614312505894,62160121
2012-07-19,14.650851249694824,14.78474553408924,14.476441815360236,14.479900056585985,187688877
2012-07-20,15.089591979980469,15.141964095471156,14.777335289876664,15.038701157188653,259517101
2012-07-23,15.205451965332031,15.275610941516915,14.779064810044128,14.834153572687631,143002005
2012-07-24,15.009305000305176,15.265235674715116,14.92951099846755,15.192853811744444,80677269
2012-07-25,15.019680976867676,15.152834633200063,14.954957183572724,15.027833762756009,73193322
2012-07-26,15.152339935302734,15.239049475941199,15.070076164627624,15.192854142387933,67660662
2012-07-27,15.685943603515625,15.686931132030448,15.254614985136127,15.288952411014087,142520206
2012-07-30,15.620231628417969,15.874680084270146,15.551060173389875,15.712871074738567,87795852
2012-07-31,15.636780738830566,15.72398593239725,15.519437955535619,15.52042642988564,74903709
2012-08-01,15.629616737365723,15.798345055665083,15.597503144210421,15.743749109575607,74060561
2012-08-02,15.532530784606934,15.761782100608428,15.40061250141698,15.45249084993882,79404516
2012-08-03,15.843305587768555,15.902348248204529,15.715092424968859,15.810449457259518,76168432
2012-08-06,15.88011360168457,16.042170422183464,15.791180234459398,15.800814312094646,71563235
2012-08-07,15.8237886428833,15.915686482336161,15.723244254683221,15.854667822825647,79569131
2012-08-08,15.865540504455566,15.955462354294857,15.773394823629022,15.786981853956924,53086237
2012-08-09,15.868502616882324,15.967811648313127,15.847998160427059,15.921863201721301,42972470
2012-08-10,15.859856605529785,15.86578650586377,15.714845050129991,15.775617778899795,57599089
2012-08-13,16.30477523803711,16.308233479718847,15.975472308707413,15.993752937465954,131205956
2012-08-14,16.51845932006836,16.62196818692451,16.27982175960909,16.285996649791098,147016998
2012-08-15,16.490793228149414,16.656556129307322,16.40581280656083,16.558482441961512,96789436
2012-08-16,16.622465133666992,16.666192596593906,16.479430510083223,16.490054955518783,68965534
2012-08-17,16.727949142456055,16.730665791361655,16.59356015338429,16.65334345565855,87434502
2012-08-20,16.68842315673828,16.770686925943778,16.617275704059587,16.687435628278955,70587592
2012-08-21,16.539457321166992,16.749191689084327,16.358130472991384,16.628391624780374,89221174
2012-08-22,16.72893714904785,16.813423797337133,16.470040122579807,16.486839456125313,76654246
2012-08-23,16.71955108642578,16.810460459047253,16.57626865283846,16.65704923740867,71635505
2012-08-24,16.764759063720703,16.8097199888036,16.65235675101346,16.689907428534728,57277890
2012-08-27,16.532297134399414,16.600973881792573,16.28575362723662,16.3783921310752,104939872
2012-08-28,16.730667114257812,16.73980648187667,16.421621791374623,16.428044509873075,82652646
2012-08-29,16.99648094177246,17.020690523540015,16.70349335578179,16.733631891933925,120060335
2012-08-30,16.840105056762695,16.98116460395255,16.803050038176966,16.903346605560486,65319921
2012-08-31,16.924346923828125,17.010562703517063,16.79959104662919,16.89741879954198,85402916
2012-09-04,16.82429313659668,16.922118979380883,16.638026753794712,16.91100266431223,75867307
2012-09-05,16.816389083862305,16.9591777504224,16.77735711692578,16.798602221069693,68584110
2012-09-06,17.277854919433594,17.289960655079753,16.915449035849157,16.945835397147583,122196311
2012-09-07,17.444610595703125,17.595303291369127,17.235120222787742,17.292680651616237,129804723
2012-09-10,17.31170082092285,17.609134170954082,17.252905042460558,17.533786886144522,102783820
2012-09-11,17.099740982055664,17.308735665915627,17.070344039884276,17.242281815110914,75232938
2012-09-12,17.0673828125,17.16693969365846,16.820343644570023,17.031067489160947,106088160
2012-09-13,17.441890716552734,17.515013227708387,17.058981277831915,17.121976892521243,106758663
2012-09-14,17.531810760498047,17.613826694996785,17.465850675331325,17.529833811923528,105132591
2012-09-17,17.539226531982422,17.610865866075798,17.416199767024505,17.493030247541043,60558139
2012-09-18,17.7442626953125,17.753649889840613,17.460168579575516,17.484871922209155,82981875
2012-09-19,17.972034454345703,17.99822098521947,17.698069084094655,17.72499720723128,124396528
2012-09-20,17.987348556518555,18.06788319691426,17.816892080856498,17.897178893253802,116731906
2012-09-21,18.132360458374023,18.155336573645993,18.036757495404157,18.088388960040025,255317419
2012-09-24,18.512554168701172,18.528857846896095,18.039970735444612,18.058497298517587,143086320
2012-09-25,18.507118225097656,18.895708755028323,18.470061316826808,18.60321495332545,243248350
2012-09-26,18.613346099853516,18.805543364302988,18.305538001813755,18.5241658426912,227766537
2012-09-27,18.68844223022461,18.845065738370405,18.568629692262423,18.77367235812634,157833389
2012-09-28,18.639036178588867,18.757615256070785,18.55627865235328,18.630388683962675,111757330
2012-10-01,18.818880081176758,18.898425303444107,18.68128067583527,18.751438702990235,127194978
2012-10-02,18.70054817199707,18.922882045345553,18.53453935915712,18.90336606361022,112026334
2012-10-03,18.836669921875,18.871749886908493,18.582220517948727,18.669177892309108,88663090
2012-10-04,18.973773956298828,19.019230534386708,18.76008566258573,18.842845087632856,98535958
2012-10-05,18.96389389038086,19.13015055693092,18.898675389178717,19.03948711632027,109846193
2012-10-08,18.7215518951416,18.863351163371007,18.63039279037198,18.79961584108469,78637653
2012-10-09,18.38187026977539,18.80751581103339,18.343332069382637,18.766754725879878,120578269
2012-10-10,18.393482208251953,18.466852547305738,18.2385896906533,18.326782415971334,81901842
2012-10-11,18.564434051513672,18.737855039683588,18.535037104506806,18.599514017299647,95713418
2012-10-12,18.398174285888672,18.648175991130387,18.382116544444607,18.573572193551843,96528461
2012-10-15,18.305038452148438,18.37544430163075,18.051084764949202,18.32875426602178,121216653
2012-10-16,18.396940231323242,18.453513126483877,18.193380723589012,18.28404416084417,82636586
2012-10-17,18.66349220275879,18.684491369891795,18.287253341325368,18.37841242848492,92059774
2012-10-18,17.169158935546875,18.7605779444099,16.69978594035425,18.664729045340408,499561487
2012-10-19,16.842823028564453,17.458195185971228,16.600973130774904,17.430527360915125,461009524
2012-10-22,16.7657470703125,16.912981506959962,16.544152877194083,16.8235534285969,162832055
2012-10-23,16.807247161865234,16.9796805929486,16.600971019023383,16.601218847031678,117101285
2012-10-24,16.731901168823242,16.971528142403795,16.68175099756325,16.966586716950886,100234300
2012-10-25,16.743268966674805,16.84801320969375,16.638276895602406,16.798604619831092,96403996
2012-10-26,16.678791046142578,16.873457132654227,16.581209228939713,16.71213999776531,78324483
2012-10-31,16.806013107299805,16.823304312767622,16.67508235902605,16.79514272801993,61710442
2012-11-01,16.98610496520996,17.06787497319119,16.766981472753585,16.786251521137473,82311371
2012-11-02,16.99425506591797,17.18274623755249,16.98066992913363,17.163971847154528,93324497
2012-11-05,16.871723175048828,16.968067727059307,16.68891502995243,16.909767610042657,65681270
2012-11-06,16.84109115600586,16.95917646814234,16.7380760564085,16.933977468516296,63549309
2012-11-07,16.480419158935547,16.754878311053506,16.464855179500663,16.675085248624374,89626688
2012-11-08,16.114059448242188,16.588372000830123,16.08787291854379,16.55650434494445,104269368
2012-11-09,16.379375457763672,16.510554027611366,16.064896876218352,16.172357740121708,125030896
2012-11-12,16.450279235839844,16.546623798130696,16.326019022496233,16.39716458288801,56446786
2012-11-13,16.28105926513672,16.492274968308863,16.260801687686655,16.378639190881426,64007018
2012-11-14,16.1204833984375,16.358381285139004,16.069841347645756,16.320830608379868,66986143
2012-11-15,15.98979663848877,16.304523032466808,15.906791293144398,16.057483944785524,74233205
2012-11-16,15.987823486328125,16.13209534666946,15.711634276915431,15.958426541128825,138043489
2012-11-19,16.507343292236328,16.52488232651207,16.19409814539749,16.198297978866602,95083064
2012-11-20,16.550823211669922,16.74919345754543,16.417421742164677,16.539459067483325,83861158
2012-11-21,16.449535369873047,16.546621510992356,16.314404794959053,16.526611765778714,84804682
2012-11-23,16.501413345336914,16.551561624121213,16.45521707177294,16.550821923766428,37038310
2012-11-26,16.33293342590332,16.477451196849074,16.280314435693935,16.463616341186412,88514535
2012-11-27,16.569103240966797,16.675082820519883,16.255118399509715,16.308724921577124,100724129
2012-11-28,16.889266967773438,16.91989926991256,16.40062575086892,16.502403617888593,122136087
2012-11-29,17.092330932617188,17.141985450287205,16.848010349731073,16.99079712062535,111476280
2012-11-30,17.252408981323242,17.273406254667684,16.939165758886475,17.078000509668385,127018318
2012-12-03,17.175336837768555,17.438185912518986,17.147175247681215,17.348018123539894,88028721
2012-12-04,17.071086883544922,17.18176006972424,16.939414528691728,17.169160568519914,79966615
2012-12-05,16.99178695678711,17.156808255520748,16.85616260128361,17.098754069478957,74775229
2012-12-06,17.073558807373047,17.184230109583996,16.910018783596502,16.986105776820814,58711242
2012-12-07,16.902603149414062,17.215600445524892,16.858383824917578,17.169158236358115,77059760
2012-12-10,16.932497024536133,17.08640200346354,16.89222970216978,16.931755432317782,54872909
2012-12-11,17.215600967407227,17.340108998152264,16.989315084745392,17.04563825445611,107906951
2012-12-12,17.232398986816406,17.37938746536629,17.131606779135534,17.27365572440236,97403730
2012-12-13,17.359378814697266,17.69955017228875,17.281560823555584,17.6859612524081,138312493
2012-12-14,17.341096878051758,17.48586248600464,17.253893580979177,17.272174207069042,85523366
2012-12-17,17.806026458740234,17.83418804788386,17.391989046728508,17.4285503037344,121871097
2012-12-18,17.813190460205078,18.01156072095143,17.664472829836754,17.70276320699332,120646524
2012-12-19,17.789470672607422,17.860865948041234,17.704738088505962,17.80429305748842,77031655
2012-12-20,17.845056533813477,17.901627534131478,17.71190100234899,17.867289165848295,66528434
2012-12-21,17.67879867553711,17.75760609457745,17.55256340534711,17.63779165114461,141568653
2012-12-24,17.527366638183594,17.667684596557876,17.47721646144951,17.651131197847125,33762076
2012-12-26,17.511804580688477,17.610865804890935,17.35221844870936,17.492040766368383,47473277
2012-12-27,17.44806480407715,17.51106041586654,17.258340160108173,17.46906397194592,66142994
2012-12-28,17.292924880981445,17.46338135501769,17.292924880981445,17.334427557141876,56290202
2012-12-31,17.474990844726562,17.55379636117254,17.193861207689363,17.2926764693689,80195470
2013-01-02,17.86703872680664,17.959679094319622,17.701523691708704,17.77242519457075,102033017
2013-01-03,17.877418518066406,18.081471785565004,17.80454194571328,17.90854458226157,93075567
2013-01-04,18.230684280395508,18.317147887305744,17.976482713860374,18.017491632269994,110954331
2013-01-07,18.15113639831543,18.265513749246292,18.04812129898798,18.168427603719223,66476239
2013-01-08,18.115314483642578,18.189426404658715,17.89619102542851,18.170652015273543,67295297
2013-01-09,18.23438835144043,18.24006947744893,17.999207139403516,18.08987057024981,81291563
2013-01-10,18.317394256591797,18.404353521627684,18.12025934701081,18.350745100331032,73703226
2013-01-11,18.28058624267578,18.340863316561713,18.18942903957511,18.33024076399535,51600690
2013-01-14,17.86703872680664,18.335176313903734,17.844806098020825,18.206716290721026,114985384
2013-01-15,17.908544540405273,18.15731279263314,17.591595205640985,17.770203534812637,157696879
2013-01-16,17.66792869567871,17.893968642250385,17.63037802403922,17.846043247286246,81239368
2013-01-17,17.57232666015625,17.777861215281362,17.564914521547767,17.730183645804328,88791570
2013-01-18,17.404094696044922,17.608147977734028,17.325535100125897,17.54861060251928,129555794
2013-01-22,17.36357879638672,17.42459746175379,17.182005984809834,17.40780001865234,152264594
2013-01-23,18.317886352539062,18.503165227450296,18.176828698423343,18.181770124250846,237249950
2013-01-24,18.631874084472656,18.696598820599565,18.293431801023914,18.31146649279306,135815168
2013-01-25,18.618532180786133,18.73735719134336,18.53404364438292,18.546890971985118,89369729
2013-01-28,18.54590606689453,18.666212386990043,18.475746140690983,18.571351005886,65327951
2013-01-29,18.6187801361084,18.699562612243675,18.442394689750035,18.447582051862465,70145942
2013-01-30,18.622486114501953,18.79837779577313,18.59975782562008,18.620263229581344,69579828
2013-01-31,18.66843032836914,18.716107888417383,18.53404135792446,18.54046407502484,65613015
2013-02-01,19.16028594970703,19.184991184591652,18.727969878752216,18.730438699605607,150405652
2013-02-04,18.750696182250977,19.033554945272915,18.732169620948422,18.964878214097045,122075862
2013-02-05,18.916706085205078,19.04936594462751,18.76181359643233,18.802820614284396,75108474
2013-02-06,19.026145935058594,19.09506860688747,18.73785196382445,18.75193275671044,83435569
2013-02-07,19.11952781677246,19.239588201445734,18.910780941181667,19.014537646622724,114033831
2013-02-08,19.401641845703125,19.433757326462555,19.258113494250697,19.27219428615058,121256803
2013-02-11,19.328767776489258,19.343096398229775,19.114587609902102,19.229460628215552,87037018
2013-02-12,19.286277770996094,19.464146404514853,19.25342258530879,19.31221836558032,74638720
2013-02-13,19.33963966369629,19.401152097310522,19.26824626927113,19.27219827523208,48107646
2013-02-14,19.462167739868164,19.484896027197376,19.213893267091706,19.262314318714076,69672173
2013-02-15,19.587417602539062,19.596558862428875,19.44364140006271,19.45179323964574,109601278
2013-02-19,19.932283401489258,19.935989470847822,19.646460133000517,19.663999167723976,117711564
2013-02-20,19.57679557800293,19.984656206174783,19.56024407035944,19.893992764374957,110982436
2013-02-21,19.652633666992188,19.897695831072916,19.546160325913682,19.71365232592053,140781714
2013-02-22,19.755897521972656,19.79394006770235,19.60989655391411,19.744779314142658,82463941
2013-02-25,19.535045623779297,19.970821875023848,19.52812914100302,19.81987947587973,92501423
2013-02-26,19.51923179626465,19.663009869721986,19.37768039112914,19.63953999104683,88430220
2013-02-27,19.75762939453125,19.880406435617015,19.543447316124418,19.634602633581952,81347773
2013-02-28,19.792705535888672,19.935742032848506,19.788507594047147,19.790234822934625,90971711
2013-03-01,19.91597557067871,19.939443556985182,19.667948940714197,19.70871002358072,87342157
2013-03-04,20.2941951751709,20.327298190226532,19.88658237788539,19.893992625340694,111440145
2013-03-05,20.716629028320312,20.75492129513349,20.477002034797717,20.477743627040727,162370331
2013-03-06,20.53826904296875,20.850031024497756,20.474779664649542,20.7766606860188,115350748
2013-03-07,20.56840705871582,20.667716097485272,20.493801365628762,20.604474548793537,82415761
2013-03-08,20.54172706604004,20.625719956047412,20.381893125365846,20.61534333994555,116912581
2013-03-11,20.623249053955078,20.743803197694575,20.541231221620603,20.54592671130677,64027093
2013-03-12,20.44513511657715,20.550866877715325,20.347801131167508,20.521717761151834,80633104
2013-03-13,20.38831901550293,20.521224854044785,20.314207074021752,20.45230216733024,65898080
2013-03-14,20.295181274414062,20.429818102026896,20.19266182290261,20.429818102026896,66295564
2013-03-15,20.11632537841797,20.264547331420463,20.092609563246885,20.22008017797468,124452737
2013-03-18,19.955503463745117,20.078282381652862,19.799375597226003,19.88658078982809,73807616
2013-03-19,20.042705535888672,20.23860693076901,19.922397349605255,20.04073047933491,84242583
2013-03-20,20.126453399658203,20.195622002186305,20.045670934351257,20.17882456162378,58771467
2013-03-21,20.04122543334961,20.18104771639429,20.006391411813645,20.041965133692877,59325536
2013-03-22,20.017757415771484,20.13954691302248,20.001205909621014,20.127195240413446,59751126
2013-03-25,20.001205444335938,20.238115778717,19.93154118004214,20.06963435221588,68736680
2013-03-26,20.069881439208984,20.108913403358493,19.955502195680523,20.09656173149284,47854701
2013-03-27,19.82877540588379,19.935990351281283,19.795918328057244,19.92808255618024,86852328
2013-03-28,19.61953353881836,19.895723697027897,19.59754873260601,19.861631261544485,91855009
2013-04-01,19.79245948791504,19.818646018172917,19.596310230818716,19.6397898598403,72562968
2013-04-02,20.0851993560791,20.129420577594715,19.86187793083709,19.875217132244856,81966082
2013-04-03,19.916223526000977,20.11385405185071,19.779609764938176,20.09557153503364,69800653
2013-04-04,19.641271591186523,19.90510817292247,19.54813933234699,19.86805315344432,98270968
2013-04-05,19.344331741333008,19.441665724438344,19.180052031111078,19.41868960733797,137870844
2013-04-08,19.141756057739258,19.257864409974626,18.98241780429278,19.238102493732395,113708616
2013-04-09,19.210933685302734,19.36162637801476,19.098777307329826,19.15781902783512,86615444
2013-04-10,19.520471572875977,19.574078099418053,19.17017138605744,19.341121645724353,79440651
2013-04-11,19.52565574645996,19.59260335556066,19.36928007050612,19.5871681662042,81452163
2013-04-12,19.51725959777832,19.56790353975347,19.341367909129108,19.565184998676955,65713390
2013-04-15,19.316661834716797,19.688948672451104,19.195366110952275,19.415970864027653,98491793
2013-04-16,19.59927749633789,19.664248175184262,19.365827251174622,19.431785458610744,69941178
2013-04-17,19.332229614257812,19.53677666686215,19.222050184135576,19.435738497151153,81785407
2013-04-18,18.920909881591797,19.412269632963394,18.806036858313554,19.40115142414262,133398142
2013-04-19,19.759851455688477,19.848044183814636,18.929555645876096,19.001196866464912,232998073
2013-04-22,19.765777587890625,19.86088678564002,19.14546410223913,19.777883323586977,115768308
2013-04-23,19.958223342895508,20.14597294176985,19.771955036766432,19.78776684361822,92035684
2013-04-24,20.095327377319336,20.20772967790098,19.960692444634095,19.96340909368964,73438237
2013-04-25,19.987863540649414,20.16993198849742,19.95155011736967,20.164496798860394,79986690
2013-04-26,19.798141479492188,19.954269355779772,19.67857485922842,19.95081300605632,99880980
2013-04-29,20.233919143676758,20.323840997191635,19.83717481497765,19.843351598023308,92376959
2013-04-30,20.370033264160156,20.445874307557816,20.199822723698325,20.232431969751993,92613843
2013-05-01,20.267759323120117,20.373737005757263,20.167214938195066,20.3376714111948,58418148
2013-05-02,20.49454116821289,20.61657659329946,20.233669093208434,20.25960779309158,81034603
2013-05-03,20.892518997192383,20.919199289402307,20.65239825911986,20.67611407441757,100880714
2013-05-06,21.28358268737793,21.290994826422732,20.95526919621128,20.95526919621128,85973045
2013-05-07,21.176860809326172,21.340894581405824,21.014803985956814,21.319649477083743,78653713
2013-05-08,21.582006454467773,21.588181345469827,21.070143178195504,21.171181345670284,99102072
2013-05-09,21.528892517089844,21.73096884103491,21.448603803898667,21.513080710660724,88353936
2013-05-10,21.745052337646484,21.752710413786772,21.545692638124873,21.623510647995076,76192522
2013-05-13,21.6783504486084,21.80038778261359,21.575830991067082,21.711947227528814,58157173
2013-05-14,21.914766311645508,21.954044215847535,21.668716594830386,21.677608134650708,63408784
2013-05-15,22.62598991394043,22.638093759363322,22.085717236345648,22.122278492463625,160033605
2013-05-16,22.32904624938965,22.72702586963062,22.283097801584066,22.70281628932067,128865215
2013-05-17,22.46022605895996,22.566699409273795,22.246289938062326,22.480977399191875,112098604
2013-05-20,22.444169998168945,22.74234496699191,22.35696479705696,22.35696479705696,91248746
2013-05-21,22.40563201904297,22.521492574965865,22.174404671465677,22.43157072358486,79617311
2013-05-22,21.972074508666992,22.46343225167743,21.909326735534446,22.296681860721627,102807910
2013-05-23,21.808292388916016,21.985419440131576,21.59114773063459,21.665257773616585,91345105
2013-05-24,21.574344635009766,21.71021491528218,21.517277982205293,21.622270029191625,92216359
2013-05-28,21.770742416381836,22.03927259603041,21.74924948350746,21.825832127261318,90638467
2013-05-29,21.450580596923828,21.68971383039547,21.351271556404065,21.633388763466012,80837869
2013-05-30,21.511106491088867,21.71219529439133,21.40364371442421,21.490355149682724,85145956
2013-05-31,21.522464752197266,21.665253402465165,21.43106162756733,21.445884011536606,79071272
2013-06-03,21.433780670166016,21.59040230175278,21.122266527663964,21.56644054855274,99399181
2013-06-04,21.223058700561523,21.506905019843103,21.09879659780363,21.43921581034494,75024159
2013-06-05,21.237882614135742,21.478743086626203,21.1743932336384,21.307299057478676,84587872
2013-06-06,21.359914779663086,21.401665283930132,20.92957376021743,21.351515113210336,103550684
2013-06-07,21.732696533203125,21.73936707948265,21.376715244810555,21.502704572824626,107385002
2013-06-10,21.991838455200195,22.01110850091095,21.741588931675896,21.79124344667395,93862506
2013-06-11,21.73467445373535,21.91229525567641,21.727510142932694,21.837441734279846,70567517
2013-06-12,21.541240692138672,21.88758692374131,21.48368027765102,21.87424772428846,88522565
2013-06-13,21.665254592895508,21.730966850133836,21.38116046105501,21.467130292800547,83106340
2013-06-14,21.616840362548828,21.855479866075765,21.59435989815199,21.741842187426485,90136592
2013-06-17,21.893766403198242,21.972324100764293,21.696877449158766,21.72034543804033,86173794
2013-06-18,22.248760223388672,22.258147418962718,21.94564385683255,21.953055995538538,87000883
2013-06-19,22.250242233276367,22.501231463074767,22.171682647861253,22.267287502856632,117073180
2013-06-20,21.856464385986328,22.258148212202126,21.821138487316222,22.084975068493875,135385563
2013-06-21,21.76234245300293,21.983440993959217,21.56817014296304,21.945398446534366,159889066
2013-06-24,21.487140655517578,21.648457772191353,21.325577602650164,21.538772121646282,121128323
2013-06-25,21.398454666137695,21.731461739091678,21.356706050395907,21.671678432672596,102510801
2013-06-26,21.582496643066406,21.68995751177935,21.506409663879285,21.584967355784734,73530581
2013-06-27,21.66698455810547,21.85522790628845,21.656609834260845,21.709722593549287,77348840
2013-06-28,21.748506546020508,21.78482186280046,21.595838815825402,21.613377850096445,94324230
2013-07-01,21.934032440185547,22.037789133030213,21.862884993663492,21.898704653109583,69250599
2013-07-02,21.796432495117188,22.011108293910542,21.671924466795904,21.991344484206337,75943592
2013-07-03,21.898212432861328,21.965901643030474,21.702312896745475,21.736897202254198,42036977
2013-07-05,22.072622299194336,22.12005393243334,21.92069237602143,21.986652463948644,68331166
2013-07-08,22.35918617248535,22.38833718023454,22.161309684294427,22.213928681603527,79075287
2013-07-09,22.362892150878906,22.553358391207933,22.183542227042626,22.50518705580037,79472771
2013-07-10,22.381420135498047,22.508644823791727,22.24283130292808,22.318672351686526,68592140
2013-07-11,22.733448028564453,22.747528821079403,22.443918708550253,22.554591883737295,103755449
2013-07-12,22.801631927490234,22.801631927490234,22.60993033871205,22.727520000947926,103113050
2013-07-15,22.843379974365234,22.925149973631644,22.637597597616665,22.833746843017003,78713937
2013-07-16,22.71788787841797,22.924409969860797,22.57682832961842,22.90366052132421,79617311
2013-07-17,22.691699981689453,22.89698859610729,22.636116510614656,22.752222986577813,60469809
2013-07-18,22.49728012084961,22.727519910513653,22.312249079150707,22.702568737692285,145924920
2013-07-19,22.149452209472656,22.306321676013145,21.63091840951509,21.902660896771987,295475379
2013-07-22,22.497772216796875,22.546439202408656,22.159329985816264,22.282850484341605,116563276
2013-07-23,22.327322006225586,22.554595454647213,22.22282370456108,22.49777661958753,82134711
2013-07-24,22.305082321166992,22.48789045797377,22.250734211821285,22.41279101155576,83451629
2013-07-25,21.92959213256836,22.155630244741452,21.88957073802339,22.08201395894952,120493954
2013-07-26,21.871532440185547,21.986157620341082,21.788774914093718,21.91204569704362,71374530
2013-07-29,21.795446395874023,22.105479265754415,21.761355852642993,21.860417068803176,75959652
2013-07-30,22.00913429260254,22.124994842023096,21.76085979488433,21.87425152310093,70487217
2013-07-31,21.93082046508789,22.14722728484727,21.892036328120064,22.060269923951395,87265872
2013-08-01,22.337696075439453,22.345847915123947,22.10992697762228,22.10992697762228,85856610
2013-08-02,22.395751953125,22.40637450668218,22.253704858941397,22.31842770886095,68812965
2013-08-05,22.356962203979492,22.36980953242586,22.213679776962692,22.36659722736005,52584363
2013-08-06,22.14870834350586,22.47331762380813,22.12795700484399,22.349303356026056,60469809
2013-08-07,22.00246238708496,22.195153397200105,21.96392418506193,22.11091268256246,55374783
2013-08-08,22.052120208740234,22.13067791044627,21.870051738850076,22.122030414853295,59743096
2013-08-09,21.996538162231445,22.122773444648185,21.98640748143744,22.00024234019497,53146462
2013-08-12,21.875484466552734,21.91229354614398,21.78012744045432,21.909822833395555,55286453
2013-08-13,21.770248413085938,21.94935050962135,21.645492542754393,21.908095656875577,57004870
2013-08-14,21.487632751464844,21.745046578091735,21.42216832543504,21.699098133420257,83600184
2013-08-15,21.236892700195312,21.366834043683976,21.1958837827623,21.35497613463429,75048249
2013-08-16,21.168956756591797,21.30556864174731,21.1598154971187,21.276911398680568,67255147
2013-08-19,21.384868621826172,21.541738087873295,21.182296640574435,21.188719359306106,72707508
2013-08-20,21.37918472290039,21.5444519432004,21.332740621452743,21.45156563212186,49504863
2013-08-21,21.475780487060547,21.663034431246945,21.405868387693918,21.50838784586675,70555472
2013-08-22,21.583982467651367,21.60967334270428,21.498506391315523,21.559031293051007,34926424
2013-08-23,21.497512817382812,21.689955974153044,21.486150566590847,21.685756141192975,43245489
2013-08-26,21.40315055847168,21.61338062781608,21.39475089045619,21.49233081753702,42257801
2013-08-27,21.0019588470459,21.337436642951893,20.94637537251796,21.235904717747168,69623993
2013-08-28,20.962432861328125,21.13189993203659,20.943162813859004,21.004429305836965,53395392
2013-08-29,21.13239288330078,21.254678034531743,20.96341958331707,20.9752774915136,59361671
2013-08-30,20.921669006347656,21.196869690085766,20.888565997706298,21.140544631434544,74743109
2013-09-03,21.25467872619629,21.398208985647287,21.095832316795835,21.105961104694725,82210996
2013-09-04,21.532594680786133,21.578790955622143,21.125971357934983,21.25393573920295,81954037
2013-09-05,21.72849464416504,21.73640054611199,21.5320994781399,21.578789514045813,51845604
2013-09-06,21.728992462158203,21.83274726702079,21.58472061521732,21.799644255287774,62698130
2013-09-09,21.938234329223633,21.980230774483715,21.799151728087068,21.831513149440234,49569103
2013-09-10,21.95354652404785,22.0358102790214,21.838179761427188,21.986897359675407,51697050
2013-09-11,22.13932228088379,22.158590436146966,21.88956650379108,21.950337338500848,64665477
2013-09-12,22.06199836730957,22.181563079531422,21.986651088653034,22.169211407784193,43984248
2013-09-13,21.96342658996582,22.12672062882569,21.858930210030888,22.097569627333595,53214717
2013-09-16,21.93107032775879,22.159333184810542,21.859676937354347,22.139571264301644,53660381
2013-09-17,21.89030647277832,21.946631533564855,21.7640693231406,21.922421954319052,50564822
2013-09-18,22.315460205078125,22.331517947262636,21.815208943519664,21.896237354865658,77678069
2013-09-19,22.19367027282715,22.381419857713716,22.119806173673446,22.381419857713716,64155573
2013-09-20,22.310272216796875,22.33547121772689,22.125241174382364,22.193670082988945,174463490
2013-09-23,21.899944305419922,22.27272495657797,21.867828819758696,22.138335951222377,71362485
2013-09-24,21.908342361450195,21.988877012845688,21.77395524619226,21.899944585609354,59694916
2013-09-25,21.67093849182129,21.901178303711944,21.630671165657656,21.901178303711944,66207234
2013-09-26,21.69416046142578,21.80730436400747,21.615848694452534,21.697372766784415,50584897
2013-09-27,21.650188446044922,21.678102206025272,21.52469287287944,21.611402413708955,50540732
2013-09-30,21.638328552246094,21.76011994718304,21.450580849361067,21.469603069313397,69154239
2013-10-01,21.912296295166016,21.928845910659756,21.7406044394122,21.74554397371194,67644602
2013-10-02,21.936750411987305,21.970593121991104,21.68551147092663,21.806807194254013,60036190
2013-10-03,21.64277458190918,22.087690179005843,21.544207139918484,21.93699750709749,84997401
2013-10-04,21.550382614135742,21.677855129370354,21.492328428608598,21.61584704650063,54523605
2013-10-07,21.3870906829834,21.59089801288875,21.346823359584977,21.4293349550758,51937949
2013-10-08,21.08891487121582,21.393018755049535,21.038518762041488,21.376715077401563,78039419
2013-10-09,21.14301872253418,21.310756677168325,20.824834020679816,21.153393446982538,106449509
2013-10-10,21.448850631713867,21.463425189149792,21.25047849469204,21.340152507804742,90550137
2013-10-11,21.541488647460938,21.578297728170302,21.376221418099306,21.394254216440345,56567236
2013-10-14,21.64327049255371,21.646730625932086,21.37844637509158,21.409820268993684,49930453
2013-10-15,21.78902244567871,21.87845052436947,21.591145960756904,21.634623697730337,63914673
2013-10-16,22.184778213500977,22.192190352584603,21.8384300289648,21.884380372559022,80604999
2013-10-17,21.95651626586914,22.15686537202505,21.880923038257293,22.06027297462263,170902191
2013-10-18,24.985694885253906,25.085745505916965,24.061525376319796,24.125260682641667,464390148
2013-10-21,24.78535270690918,25.173201704409536,24.69271231377215,24.986935281409703,145675990
2013-10-22,24.876752853393555,25.024976707821402,24.599823019536355,24.827346163128876,88675135
2013-10-23,25.479774475097656,25.562286073251038,24.71939079561621,24.728530163509802,106927293
2013-10-24,25.335010528564453,25.706062051304368,25.316482073093912,25.491138400023804,83997668
2013-10-25,25.079328536987305,25.415793898628916,24.969149104186016,25.415793898628916,81524432
2013-10-28,25.074386596679688,25.282639719853773,25.024732072066445,25.079328023063265,46521724
2013-10-29,25.599092483520508,25.616383689031817,25.037326945166555,25.175667940157787,64440637
2013-10-30,25.455320358276367,25.63047046059004,25.34612845905793,25.628493511723427,53162522
2013-10-31,25.459266662597656,25.729525917133444,25.295974506418705,25.418505580548977,65845885
2013-11-01,25.37181854248047,25.593166811392557,25.323895033270613,25.489162277904434,51524405
2013-11-04,25.34884262084961,25.503489194287464,25.248052291250875,25.4819962623549,45722740
2013-11-05,25.23545265197754,25.48570219166769,25.13416855872133,25.206549473361072,47433127
2013-11-06,25.265840530395508,25.37083069925808,25.08352612469275,25.336246392413084,36652871
2013-11-07,24.900222778320312,25.294990104197588,24.892564703479287,25.262380856165294,67435822
2013-11-08,25.09982681274414,25.160845471463784,24.913806359676496,24.919983141493315,51825529
2013-11-11,24.965438842773438,25.09735901650565,24.90145759634965,24.938758549505707,44670812
2013-11-12,24.99483871459961,25.137625490340927,24.82734670137345,24.894046491403547,48906630
2013-11-13,25.505958557128906,25.51534575214734,24.86439996457813,24.870576746467528,63412799
2013-11-14,25.574142456054688,25.685803163774285,25.453586425364424,25.541779144685236,46842923
2013-11-15,25.532888412475586,25.642572175022625,25.45259970154219,25.56524983305114,51243355
2013-11-18,25.483232498168945,25.90789243860127,25.42616773087859,25.586989200265467,70651832
2013-11-19,25.32636260986328,25.562285425642884,25.273249849128018,25.48743379639083,45433661
2013-11-20,25.25497055053711,25.52794839918162,25.206797321311473,25.44370767799923,38692487
2013-11-21,25.545488357543945,25.65023259563923,25.346128670176356,25.370832018037866,43835693
2013-11-22,25.49163246154785,25.597364221795956,25.425674261883334,25.529429073367652,50356042
2013-11-25,25.838472366333008,26.01782227911286,25.568952787057096,25.621819608915402,64761837
2013-11-26,26.14677619934082,26.223111009556863,25.764608384060693,25.904432568027676,91794785
2013-11-27,26.26288604736328,26.38368801963258,26.18605746861724,26.236205752712685,45112461
2013-11-29,26.175928115844727,26.34959501762366,26.1724698745082,26.239417491804172,47890836
2013-12-02,26.049694061279297,26.342929503040594,25.957795259622294,26.272769572245124,55133884
2013-12-03,26.019554138183594,26.271039053901493,25.914809903655275,25.962487476913402,67295297
2013-12-04,26.141096115112305,26.284378546005726,25.939017905749207,25.97286251068574,47842656
2013-12-05,26.120344161987305,26.177656754635855,25.965945418418443,26.116885920714438,45517975
2013-12-06,26.429882049560547,26.433092462676207,26.188030297575196,26.427905101000814,57366220
2013-12-09,26.634183883666992,26.73720088612172,26.38418216005826,26.457552498439313,59526286
2013-12-10,26.79525375366211,26.984238707873853,26.57267202078209,26.585025585999944,74433955
2013-12-11,26.613187789916992,26.959781920884524,26.56081472599637,26.86294358841925,68728650
2013-12-12,26.432106018066406,26.75276141215194,26.408390201644448,26.669510118480538,64099363
2013-12-13,26.2055721282959,26.58848153801741,26.133930915286484,26.56649484236674,86820208
2013-12-16,26.506711959838867,26.54895433937822,26.235711080863865,26.284871834803123,64320188
2013-12-17,26.42963409423828,26.69890583767742,26.393072842868595,26.502758488794456,61658247
2013-12-18,26.79747772216797,26.802417256289083,26.162341792863916,26.47879736913478,88743390
2013-12-19,26.833791732788086,26.976332577669847,26.657406281491458,26.699154899398852,66877738
2013-12-20,27.189525604248047,27.203112633302638,26.87776363640462,26.885173883244892,130953011
2013-12-23,27.547239303588867,27.56453240403259,27.300695802557602,27.367889363607844,69122119
2013-12-24,27.466705322265625,27.550696323946397,27.374312761054604,27.54402766883626,29478078
2013-12-26,27.605539321899414,27.643583761752865,27.388886547336668,27.520311074269493,53712576
2013-12-27,27.628759384155273,27.675201596320637,27.49387662546995,27.668285113870166,63023345
2013-12-30,27.407909393310547,27.680639413592555,27.397039012584976,27.676687407791004,49629328
2013-12-31,27.685823440551758,27.692987750828188,27.328854634011034,27.476582825420014,54519590
2014-01-02,27.49832534790039,27.612704607708654,27.378264961443037,27.556133601985096,73129082
2014-01-03,27.297727584838867,27.592444277049783,27.295998464213127,27.544766708111183,66917888
2014-01-06,27.602079391479492,27.640121937188155,27.333301399584695,27.495606045463816,71037271
2014-01-07,28.134199142456055,28.15470454627415,27.69694349299797,27.79180486984553,102486711
2014-01-08,28.192747116088867,28.343193848309333,27.99659787324933,28.310584601867532,90036218
2014-01-09,27.92125129699707,28.26661192438292,27.80563858487851,28.24734376963545,83692529
2014-01-10,27.91977310180664,28.13963819017452,27.72387166029819,28.13963819017452,86061375
2014-01-13,27.741905212402344,28.33306775424278,27.598374948814794,27.828120988311813,97118665
2014-01-14,28.394577026367188,28.434104648897147,27.868139242839156,28.111720129162748,99676216
2014-01-15,28.375308990478516,28.53292004159687,28.255990205608562,28.483265522935653,78300393
2014-01-16,28.563060760498047,28.605305035518764,28.359995008753813,28.38716906904927,67608467
2014-01-17,28.422494888305664,28.672002839817424,28.266119192533413,28.57862275605984,108457005
2014-01-21,28.74784278869629,28.755253035334892,28.441514127357898,28.679411989254998,79492846
2014-01-22,28.780452728271484,28.85135235042003,28.628276868250495,28.819730630853016,63091600
2014-01-23,28.658910751342773,28.7179524683936,28.51735743542073,28.656440038328313,78256228
2014-01-24,27.76289939880371,28.497096466451932,27.742395888495118,28.434348687349207,156283602
2014-01-27,27.204593658447266,27.828861072041846,26.736210064966993,27.818980112413005,174796734
2014-01-28,27.742643356323242,27.8103325646037,27.419765076098685,27.429152271500797,88739375
2014-01-29,27.34515953063965,27.71151744036654,27.159880659018498,27.646546772609867,95552818
2014-01-30,28.048477172851562,28.47091422081117,27.84738838269398,28.28588128105029,204419353
2014-01-31,29.17447853088379,29.31207794197937,28.437316937561786,28.936826598895472,223486554
2014-02-03,28.000057220458984,29.193004790296694,27.964979151687814,29.13075077190316,183449044
2014-02-04,28.116907119750977,28.53291954471273,28.088497705579822,28.11270728626493,112897588
2014-02-05,28.24141502380371,28.42842302641287,27.866411490109588,28.24586268557885,96139007
2014-02-06,28.65545082092285,28.660392246660535,28.348876217144614,28.43731676531113,78155853
2014-02-07,29.08727264404297,29.09863678794697,28.67027269535784,28.844927120089196,105843245
2014-02-10,28.975858688354492,29.20980264491905,28.87926630648573,28.947941147925228,78099643
2014-02-11,29.402000427246094,29.443750935536215,28.958074228808133,29.154715358138883,82339476
2014-02-12,29.315784454345703,29.397554457860792,29.18460775967544,29.372849220466268,69238554
2014-02-13,29.642120361328125,29.642120361328125,29.1421131870114,29.1690413070236,73731331
2014-02-14,29.713762283325195,29.75304207852095,29.466725043222507,29.536141482326578,87795852
2014-02-18,29.913368225097656,29.96252897763201,29.644592130476973,29.67942426222724,84672187
2014-02-19,29.70240020751953,29.872362934542707,29.582833592351413,29.775522716450865,84459392
2014-02-20,29.746126174926758,29.814802914943083,29.650027547781992,29.72216252923818,68287001
2014-02-21,29.738222122192383,29.88842104886675,29.714754131092356,29.83753116893199,74771214
2014-02-24,29.953636169433594,30.142621108911754,29.77058018407096,29.777004794210182,67223027
2014-02-25,30.138669967651367,30.249836921574683,29.902007437412454,30.038373394539516,57763704
2014-02-26,30.14286994934082,30.35803953354211,29.984517303535277,30.23748349853831,79585191
2014-02-27,30.119152069091797,30.243166344771527,30.064803952121906,30.098896385145938,50588912
2014-02-28,30.031204223632812,30.242173952276463,29.798247800706708,30.1470647569266,92890878
2014-03-03,29.711044311523438,29.838268995303128,29.450418161918837,29.811340874129595,84507572
2014-03-04,30.012924194335938,30.039852314507243,29.87927679729351,30.015147079062736,58928052
2014-03-05,30.095685958862305,30.214758816135976,29.926464815088412,30.016386663357935,49597208
2014-03-06,30.12903594970703,30.290599013472466,30.104084775271108,30.19499414947263,50914126
2014-03-07,30.009960174560547,30.311347403586705,29.927202647875326,30.30665380606228,60831159
2014-03-10,29.9304141998291,30.080367173763616,29.745630985140796,30.032193948487723,48766105
2014-03-11,29.64434814453125,29.998354417534237,29.56158871410352,29.984765495375356,68776830
2014-03-12,29.82493019104004,29.838517219903242,29.254025258956815,29.555658434810034,78866507
2014-03-13,29.374330520629883,29.903980582993974,29.268103114553476,29.840984974813562,94175675
2014-03-14,28.972646713256836,29.419045484504462,28.965976167165206,29.199674190206913,92099924
2014-03-17,29.449434280395508,29.572213209760488,29.10382767467838,29.13199115574859,86808163
2014-03-18,29.922758102416992,29.929428649210404,29.473148870731777,29.512922431646317,72872123
2014-03-19,29.626066207885742,29.94079266874862,29.506497697613465,29.936099070755084,64757822
2014-03-20,29.574434280395508,29.88199642549379,29.529967122342086,29.64335695651558,67640587
2014-03-21,29.225614547729492,29.882491219671294,29.21103999015608,29.80047338879933,128821050
2014-03-24,28.605300903320312,29.27156283220133,28.309346976526367,29.25402379874224,121939352
2014-03-25,28.62481689453125,28.899523845201674,28.335289450144558,28.804662469606207,96769361
2014-03-26,27.9639892578125,28.942259039692008,27.952377286724992,28.706090314594075,103586819
2014-03-27,27.619789123535156,28.09161015349409,27.345799171819152,28.09161015349409,262719
2014-03-28,27.695459365844727,28.013961871472773,27.630176549083938,27.755301317269822,824257
2014-03-31,27.546098709106445,28.042153907203502,27.544121760458175,28.036713041832762,216593
2014-04-01,28.050065994262695,28.11386751997786,27.632154176972623,27.632154176972623,158434
2014-04-02,28.042156219482422,29.91311598085943,27.804267793431094,29.673744370245377,2942055
2014-04-03,28.177663803100586,29.045141273514417,27.900209947595762,28.183104668288312,101983228
2014-04-04,26.86210823059082,28.574805985027634,26.855184180856707,28.420499942250846,127386783
2014-04-07,26.615318298339844,27.126209144928406,26.071290385809245,26.743411333157695,88033033
2014-04-08,27.443723678588867,27.448668888050268,26.786438370849165,26.835402376694613,63024560
2014-04-09,27.900705337524414,27.96153670694127,27.347280816183122,27.6771588045702,66616395
2014-04-10,26.753795623779297,27.943237624239828,26.701865251580355,27.943237624239828,80737057
2014-04-11,26.241914749145508,26.706809807506392,26.04062355070546,26.338355785546263,78496923
2014-04-14,26.33687400817871,26.909585627904093,26.19048143339255,26.6202625032453,51501009
2014-04-15,26.53074836730957,26.630157680267548,25.641509200290862,26.549541678343967,77101101
2014-04-16,27.52483367919922,27.547582778011382,26.706812030435852,26.855185341931833,97865955
2014-04-17,26.513931274414062,27.176657486779643,26.269118798000523,27.142530999120464,136190888
2014-04-21,26.14398765563965,26.54360177698022,25.994628725549,26.51392673990103,51334553
2014-04-22,26.450132369995117,26.569818170051434,26.0890942374677,26.144982294138273,47307527
2014-04-23,26.060903549194336,26.403642126737008,26.026778955794168,26.39968444576389,41046384
2014-04-24,25.97287368774414,26.29385074415789,25.822523407891804,26.21570923486805,37663121
2014-04-25,25.528745651245117,25.950121394438593,25.491159031813286,25.841809197824414,42007014
2014-04-28,25.576719284057617,25.648430495204398,24.867009852092185,25.578202468501743,66710653
2014-04-29,26.098491668701172,26.185536061496734,25.5356704305221,25.56435605195956,53981801
2014-04-30,26.047054290771484,26.11332652595418,25.842301064027794,26.093543797419297,35023895
2014-05-01,26.279008865356445,26.357150361691996,25.90956351362217,26.0693104230053,38110345
2014-05-02,26.109867095947266,26.41007197041051,25.995126502315372,26.398202710473385,33770463
2014-05-05,26.103931427001953,26.157840642447656,25.782956306332554,25.95605566427986,20482080
2014-05-06,25.477312088012695,26.054475200717132,25.473356298562365,25.97633369749095,33780490
2014-05-07,25.22112274169922,25.553475251027102,24.891740384977197,25.509458346135045,64486563
2014-05-08,25.272560119628906,25.58067657140711,25.04752848702448,25.146937795124227,40426688
2014-05-09,25.654861450195312,25.712726455011868,24.936251000998663,25.260194383310036,48789585
2014-05-12,26.208288192749023,26.22164063783975,25.668711686798677,25.891268834059037,38250730
2014-05-13,26.36506462097168,26.512446619622175,26.188009473629403,26.256260553345903,33068541
2014-05-14,26.046560287475586,26.36061133656098,25.979298632711078,26.36061133656098,23835261
2014-05-15,25.71668243408203,26.007986300836972,25.590072584278648,25.99957717446602,34087331
2014-05-16,25.748828887939453,25.806693890505123,25.49214717518207,25.786415505488566,29705333
2014-05-19,26.15586280822754,26.201362899137408,25.5981343436635,25.70283695608738,25555972
2014-05-20,26.200868606567383,26.520360548607332,26.029252429956905,26.199383530244404,35695734
2014-05-21,26.654388427734375,26.666405248383747,26.306704651064994,26.355666763033895,23925508
2014-05-22,26.95706558227539,27.082686003544804,26.74538830514133,26.76269842915288,32316482
2014-05-23,27.334917068481445,27.38140657667199,26.88980282395051,27.06587043802544,38643806
2014-05-27,27.99022674560547,27.992699350562212,27.416523749310564,27.498129171968646,42083223
2014-05-28,27.779041290283203,28.083695691585906,27.745410462205616,27.921971836658727,33040464
2014-05-29,27.69991111755371,27.893782621346425,27.632153803568993,27.861634976814866,27082150
2014-05-30,27.690515518188477,27.76272238826654,27.493675746183605,27.735519952067303,35422988
2014-06-02,27.395751953125,27.740467519641296,26.990205006795236,27.730577099685927,28700582
2014-06-03,26.951129913330078,27.31711324192856,26.832927302120492,27.2503453483702,37332215
2014-06-04,26.937286376953125,27.132641084013475,26.64499496274915,26.7810014762146,36329469
2014-06-05,27.394264221191406,27.446194592788302,26.926894660452966,27.023335698094737,33782496
2014-06-06,27.514448165893555,27.600009372794474,27.148464818728716,27.600009372794474,34735104
2014-06-09,27.800800323486328,27.839378251723247,27.50010360999354,27.555000349968964,29350361
2014-06-10,27.723159790039062,27.87400383164493,27.592098480521642,27.721180949285067,27034019
2014-06-11,27.638586044311523,27.69002076574691,27.44965973652335,27.597041742313543,22002242
2014-06-12,27.268152236938477,27.59654706905963,27.12521978951298,27.562420582763803,29169867
2014-06-13,27.288429260253906,27.315136040916816,26.981795992777318,27.31315720032934,24410836
2014-06-16,26.918487548828125,27.1825889611636,26.78198539767231,27.16478507302812,34051232
2014-06-17,26.855680465698242,26.969925405217147,26.673678206902505,26.91453300214517,28891103
2014-06-18,27.368051528930664,27.377448182516176,26.90463778374325,26.947171498775067,34835379
2014-06-19,27.443723678588867,27.448668888050268,27.12769187639067,27.411082269236523,49136535
2014-06-20,27.515932083129883,27.576269695741047,27.22077268067233,27.540166259387142,90166875
2014-06-23,27.940763473510742,27.943236077980988,27.411573146009836,27.45608381010771,30736155
2014-06-24,27.9244441986084,28.321387097677146,27.74590398528555,27.9526341611909,44142862
2014-06-25,28.618330001831055,28.683119060354063,27.95412249454179,27.956099443359395,39387843
2014-06-26,28.48726463317871,28.80626277866473,28.282017647055657,28.734551571792515,34839390
2014-06-27,28.54859161376953,28.678663476295373,28.37845863916679,28.545625245062666,44738493
2014-06-30,28.45166015625,28.66382932456957,28.42544713990386,28.618824889966632,26275943
2014-07-01,28.8171443939209,28.90270369928352,28.519412162048432,28.602005098711444,28959290
2014-07-02,28.800575256347656,28.954139696006244,28.704380159113846,28.850774613354798,21127848
2014-07-03,28.91902732849121,28.93287542866855,28.73059668341424,28.850778139693716,14283107
2014-07-07,28.796375274658203,29.003107371456068,28.66482020562056,28.871056646339273,21292298
2014-07-08,28.244434356689453,28.661752161195803,27.999374057573263,28.569367169671835,38190565
2014-07-09,28.49122428894043,28.522876277684986,28.15966445704928,28.268667163850058,22335153
2014-07-10,28.24492835998535,28.516447614003418,27.94373595602426,27.98824662684731,27134293
2014-07-11,28.644542694091797,28.72713564193907,28.260755448891995,28.284989625032075,32434806
2014-07-14,28.92595100402832,28.94276736480461,28.587665757970033,28.813684911380406,37081529
2014-07-15,28.92150115966797,28.97219618100512,28.514964811375883,28.96898198384679,32460877
2014-07-16,28.8166561126709,29.100540318418627,28.793905118339854,29.0807575853636,27942506
2014-07-17,28.375001907348633,28.734059315640536,28.121780309533733,28.6618524442283,60331186
2014-07-18,29.430910110473633,29.515975662066666,28.784010853161693,29.32803877723724,80283816
2014-07-21,29.153453826904297,29.39727687358958,28.94390482828429,29.26621746928322,41242922
2014-07-22,29.414093017578125,29.656926642195486,29.20933977649086,29.21527629810234,33983045
2014-07-23,29.475418090820312,29.567903340262912,29.30330627093897,29.339411595168556,24663528
2014-07-24,29.345348358154297,29.649509014990183,29.26720496642996,29.498664988961526,20702684
2014-07-25,29.131196975708008,29.27165491941558,29.032777094726896,29.199448053021474,18649061
2014-07-28,29.209339141845703,29.303307579881672,28.92016546714643,29.08421437101969,19736037
2014-07-29,28.962553024291992,29.16483178738887,28.858940091844783,29.117848508940728,26997920
2014-07-30,29.052066802978516,29.154938131693296,28.88292323570318,29.00903931892664,20329662
2014-07-31,28.269655227661133,28.86561351055851,28.19052430839267,28.714769486271653,42055146
2014-08-01,27.996158599853516,28.485289755768374,27.836907343529788,28.21030849131497,39105069
2014-08-04,28.346315383911133,28.45511945180455,27.898728521341443,28.143047220558923,28546159
2014-08-05,27.946701049804688,28.288450211423918,27.825036411047705,28.19299858808602,31024946
2014-08-06,28.01119041442871,28.225143538183147,27.695951313587177,27.783985114326285,26687069
2014-08-07,27.86212921142578,28.185085063007378,27.750356883627244,28.091610388546023,22218835
2014-08-08,28.12969207763672,28.202888364912212,27.713263452081183,27.872020941822594,29895854
2014-08-11,28.085676193237305,28.21475864793259,27.99269717337325,28.190030708471312,24294518
2014-08-12,27.83097267150879,27.987751322882385,27.739476838235397,27.919500244042666,30840441
2014-08-13,28.426929473876953,28.43781120493293,27.98033203178331,28.057486002168556,28784812
2014-08-14,28.420499801635742,28.581234237332165,28.23404611575638,28.496168692317397,19709966
2014-08-15,28.36263656616211,28.65443230831551,28.216242093129278,28.57925717715097,30383189
2014-08-18,28.79192352294922,28.90814729736879,28.48726721288568,28.492708078438387,25682318
2014-08-19,29.02437400817871,29.04811442150575,28.88292662403368,28.932384399602153,19573592
2014-08-20,28.90715980529785,29.016459536965307,28.81220193889688,28.97590654608649,20734771
2014-08-21,28.85176658630371,28.907652753019175,28.741477437419856,28.874023813594846,18296094
2014-08-22,28.81170654296875,28.944054274599385,28.71674868194545,28.862647498536635,15781209
2014-08-25,28.69498634338379,28.932380989588772,28.635638154786772,28.91853288973444,27228551
2014-08-26,28.579256057739258,28.77411698224084,28.515952080576948,28.747410203040545,32793789
2014-08-27,28.2399845123291,28.61041743705183,28.19562140109387,28.550079822137697,34067276
2014-08-28,28.150957107543945,28.35125888989285,28.047098255382284,28.168762887549878,25858801
2014-08-29,28.269655227661133,28.291416798005045,28.04556761844557,28.25630278364763,21675347
2014-09-02,28.55304718017578,28.57777512084175,28.249380274511452,28.282021685899302,31568434
2014-09-03,28.583219528198242,28.832977246139453,28.437816343504682,28.68509956443736,24302540
2014-09-04,28.783021926879883,28.981838654712707,28.646519760417327,28.685095801611688,29163850
2014-09-05,28.985794067382812,29.0090388214929,28.78153648973878,28.88193521201618,32647388
2014-09-08,29.16581916809082,29.267205424684594,28.99667559387198,29.011513114592702,28620362
2014-09-09,28.735050201416016,29.130211065567167,28.685096770875315,29.12526585566626,25744488
2014-09-10,28.838411331176758,28.858194059872073,28.533755039088724,28.759280416395505,19547521
2014-09-11,28.751861572265625,28.774612562264522,28.500125065098402,28.702899459163895,24420864
2014-09-12,28.468473434448242,28.76620568956576,28.41110408633675,28.734553700670347,32033708
2014-09-15,28.343843460083008,28.435339296954904,28.1019973598012,28.33592998961665,31951483
2014-09-16,28.6826229095459,28.759283118737496,28.322082314127968,28.32702752381226,29607064
2014-09-17,28.921003341674805,29.05700983356292,28.62450835695933,28.685587553491626,33856699
2014-09-18,29.14356231689453,29.1569147605767,28.9323806881333,29.031294334764382,28891103
2014-09-19,29.480361938476562,29.500144666170126,29.15493540578159,29.253849044249407,74732617
2014-09-22,29.04959487915039,29.374972262658417,28.856217132584135,29.368593055851186,33790518
2014-09-23,28.740982055664062,29.023876790291883,28.734553661777205,29.023876790291883,29428575
2014-09-24,29.080257415771484,29.161367176253428,28.71081394010519,28.757303450159846,34562632
2014-09-25,28.44077491760254,29.07976062403212,28.39725367289423,29.058494711762346,38519466
2014-09-26,28.541667938232422,28.648001285229096,28.420992728058888,28.490233223016425,28873054
2014-09-29,28.50507354736328,28.59557807208313,28.24838992657496,28.277075547568415,25648224
2014-09-30,28.554527282714844,28.677675100319632,28.331476401094786,28.53326136954647,32434806
2014-10-01,28.10496711730957,28.565412695228073,28.04265066236259,28.48776495458315,28909153
2014-10-02,28.19447898864746,28.284985393586783,27.860149566049742,28.057483078995045,23568530
2014-10-03,28.45166015625,28.547853375227497,28.314168572171734,28.341371008808654,22834521
2014-10-06,28.55403709411621,28.734556172004503,28.410117109517937,28.625750204286,24292512
2014-10-07,27.880922317504883,28.45116323116753,27.880922317504883,28.408135747248334,38226664
2014-10-08,28.31416893005371,28.382420012810126,27.57181803821958,27.971432223542244,39817018
2014-10-09,27.739477157592773,28.26421609677721,27.649464507744387,28.24888481232216,50496258
2014-10-10,26.928876876831055,27.949671089604088,26.907115305269393,27.583193965531184,61638766
2014-10-13,26.37099838256836,27.176655085052936,26.365559409047133,26.95360230799326,51633371
2014-10-14,26.60493278503418,27.062410081120905,26.369021312820205,26.6524117163832,44451708
2014-10-15,26.213726043701172,26.350721963229816,25.63359472130641,26.262192500407718,74387672
2014-10-16,25.940723419189453,26.18405270603539,25.470387442618655,25.66821474685494,74171079
2014-10-17,25.28096580505371,26.26070939403375,25.15039827890286,26.076234545662736,110787334
2014-10-20,25.759220123291016,25.80472211173526,25.12913714618828,25.195905052315123,52150788
2014-10-21,26.041122436523438,26.05348735260674,25.673655897352504,25.974354538217426,46725935
2014-10-22,26.34627342224121,26.696923611836414,26.15289566285474,26.206804882673918,58385859
2014-10-23,26.903654098510742,27.063892888331278,26.501567318089535,26.67318349521342,46976621
2014-10-24,26.695934295654297,26.948164576027896,26.498598868128216,26.922447216217815,39462046
2014-10-27,26.74489402770996,26.924917422158604,26.559923532340928,26.559923532340928,23706909
2014-10-28,27.146984100341797,27.150939890022354,26.78693724217626,26.855188329840264,25419598
2014-10-29,27.16824722290039,27.408610135565812,27.052023447658367,27.20138428885855,35410955
2014-10-30,27.216716766357422,27.33986459708833,26.8804084497581,27.149455103037557,29113713
2014-10-31,27.650453567504883,27.674687742148105,27.43630367669586,27.663806011270058,40701440
2014-11-03,27.459548950195312,27.59209342006065,27.36112907208344,27.47339704929917,27645693
2014-11-04,27.404651641845703,27.473398376496664,27.166763232824543,27.349754898784482,24884132
2014-11-05,26.999597549438477,27.537690797372186,26.907112299495658,27.537690797372186,40645286
2014-11-06,26.807708740234375,27.047328187627436,26.754788940122847,26.978829273587536,26665008
2014-11-07,26.756763458251953,27.01393892690998,26.641033456856597,27.01393892690998,32675465
2014-11-10,27.077247619628906,27.181108373215768,26.757260015914106,26.77902158692521,22692131
2014-11-11,27.215723037719727,27.297328444978163,27.018389524512184,27.12670170880761,19310873
2014-11-12,27.06834602355957,27.22413526957471,26.962508316139726,27.220675136106642,22593862
2014-11-13,26.972890853881836,27.191492182434366,26.87892241924663,27.191492182434366,26787343
2014-11-14,26.92442512512207,27.037186879289017,26.81314655550788,27.037186879289017,25790614
2014-11-17,26.534210205078125,26.89425704866259,26.41309039997925,26.883870972877435,34520517
2014-11-18,26.461013793945312,26.802761089383786,26.41848007065741,26.58317220608544,39253475
2014-11-19,26.557945251464844,26.61976414579209,26.216196131758636,26.459525379430058,27844237
2014-11-20,26.451120376586914,26.464968476993914,26.265657989250872,26.274065223978837,31267610
2014-11-21,26.583171844482422,26.812653036142216,26.536682332323945,26.786440019113325,44485801
2014-11-24,26.670711517333984,26.840350761736644,26.490194324282776,26.590591168948826,34127440
2014-11-25,26.76022720336914,26.903653412050062,26.637671519052688,26.657355874202462,35798014
2014-11-26,26.725112915039062,26.78347168307633,26.56051916842514,26.75033461808214,30459397
2014-11-28,26.797321319580078,26.805728554409892,26.538660745920932,26.73747747183671,22966883
2014-12-01,26.400178909301758,26.77654832600121,26.30423352041568,26.652411080794042,42307838
2014-12-02,26.397705078125,26.48425569997227,26.20235039257714,26.385835819076483,30533600
2014-12-03,26.27752685546875,26.508788236984582,26.175644944519625,26.283461485294712,25559983
2014-12-04,26.57377052307129,26.57525559919387,26.142504417073578,26.269609906816118,27842232
2014-12-05,25.977815628051758,26.355174464866046,25.929349169402318,26.261699788966563,51312493
2014-12-08,26.062885284423828,26.261702020897978,25.905117195795075,26.070303099346944,46587556
2014-12-09,26.3789119720459,26.419466850620722,25.742400721829334,25.823508587162095,37426473
2014-12-10,26.01738166809082,26.525304226661657,25.99265183806133,26.364569790554278,34245764
2014-12-11,26.130144119262695,26.40611480339665,26.068817090364384,26.103437339888988,32216207
2014-12-12,25.65140151977539,26.13806011703928,25.65140151977539,25.891268793120087,39891221
2014-12-15,25.41103744506836,25.870987313586106,25.384824430507262,25.853183425015484,56268061
2014-12-16,24.500532150268555,25.373944259919263,24.18450225432514,25.30025421013334,79285081
2014-12-17,24.970373153686523,25.074727657842512,24.570760916383403,24.5801575702175,57663883
2014-12-18,25.277503967285156,25.414499888235248,24.960978405979866,25.36899979992798,58534266
2014-12-19,25.53715705871582,25.604912489317545,25.070330371274448,25.297783545119085,73804074
2014-12-22,25.958528518676758,26.037165674066397,25.523800333202537,25.523800333202537,54475152
2014-12-23,26.241422653198242,26.437766763210433,26.028755946870703,26.06387185238827,43952341
2014-12-24,26.151411056518555,26.29923952777327,26.06486042932024,26.237466027666024,14118657
2014-12-26,26.41155242919922,26.422434159532735,26.07920183435723,26.151408698642623,20810980
2014-12-29,26.228561401367188,26.48326616468475,26.21278554054864,26.32055288813571,45570772
2014-12-30,26.23301124572754,26.26911467653343,26.070297979107135,26.117776904014672,17525986
2014-12-31,26.034198760986328,26.340833928093705,26.004523718686016,26.274066028826525,27364925
2015-01-02,25.95555877685547,26.27505258970549,25.920444764347867,26.163278374900965,28951268
2015-01-05,25.41450309753418,25.931824278315183,25.37444386957813,25.8789044774361,41196796
2015-01-06,24.825468063354492,25.528501344591838,24.780463626735827,25.470388507395985,57998800
2015-01-07,24.782934188842773,25.086797823877696,24.71122108453902,25.074729923691617,41301082
2015-01-08,24.86107635498047,24.90064181528337,24.28341760765092,24.62912256697824,67071641
2015-01-09,24.539108276367188,24.97185567264589,24.47085720502834,24.96394409517717,41427428
2015-01-12,24.360074996948242,24.52951557824538,24.113283697764697,24.478277609129634,46535413
2015-01-13,24.53960609436035,24.875912514105345,24.35216297224821,24.671161158081514,47409807
2015-01-14,24.77155876159668,24.888276299129583,24.382330670235294,24.46393608548133,44714427
2015-01-15,24.817060470581055,25.009448806197422,24.617748084535897,25.004007940341356,54316718
2015-01-16,25.128145217895508,25.133586083757184,24.72853102507239,24.729026681141846,45965854
2015-01-20,25.069782257080078,25.346740444614248,25.026062372150538,25.27255663467301,44640224
2015-01-21,25.62073516845703,25.682062194238306,25.035163000673105,25.08709337232057,45374234
2015-01-22,26.429359436035156,26.525306720883883,25.70283737066071,25.790869293011514,53538588
2015-01-23,26.704341888427734,26.81413727882458,26.360615743441027,26.488710680873538,45634948
2015-01-26,26.469911575317383,26.657354680096798,26.195921633531388,26.63410992652725,30874534
2015-01-27,25.649917602539062,26.24686533586505,25.628156031095486,26.2107600076028,38080263
2015-01-28,25.22310447692871,25.86555234293986,25.22310447692871,25.85516626671214,33676205
2015-01-29,25.2557430267334,25.277008941057364,24.787879668887562,25.27255938759326,83727244
2015-01-30,26.435787200927734,26.700382382443955,25.49610284830466,25.512919208374853,112127002
2015-02-02,26.137067794799805,26.36061244541352,25.64595780643306,26.297802232954346,56996054
2015-02-03,26.174657821655273,26.38039861034253,25.878904373770197,26.11333078564822,40773638
2015-02-04,25.85417366027832,26.34439261418195,25.78048360720586,26.174655015553707,33273101
2015-02-05,26.09255599975586,26.138057980850718,25.82103675675414,25.9051147771183,36995292
2015-02-06,26.261701583862305,26.568334864655522,26.03469299246043,26.09552626272268,35270570
2015-02-09,26.104921340942383,26.311157768263914,26.015404345409657,26.1133285755708,25355423
2015-02-10,26.55547332763672,26.59306183730318,26.059913786712677,26.17762074141284,34997823
2015-02-11,26.50750160217285,26.63015566249926,26.379308301808262,26.47436453642529,27555446
2015-02-12,26.851720809936523,26.94519548324695,26.44335510448995,26.57080680942667,32404724
2015-02-13,27.152421951293945,27.19693262048035,26.8616137416431,26.872495472736272,38006060
2015-02-17,26.84726905822754,27.20138120945665,26.76071844187902,27.044602571685406,32336537
2015-02-18,26.691978454589844,26.978335240919126,26.58366625047723,26.776056481721646,29061570
2015-02-19,26.848756790161133,26.86062605046597,26.608395755811376,26.609878940395213,19782163
2015-02-20,26.65488052368164,26.89227514660508,26.499089415599038,26.861610689156254,28887092
2015-02-23,26.306703567504883,26.530694673657557,26.18306009854525,26.51145489705644,29157834
2015-02-24,26.513437271118164,26.548057522713723,26.12569423688194,26.212242974053815,20101036
2015-02-25,26.898212432861328,27.014436205424,26.481535972301824,26.50403913458119,36519991
2015-02-26,27.4724063873291,27.50504968728688,26.780998403239334,26.86557018424846,46230579
2015-02-27,27.616823196411133,27.928897319398313,27.344808297200952,27.411082428362974,48203982
2015-03-02,28.256797790527344,28.296857013464496,27.634132742090873,27.722166549890513,42592618
2015-03-03,28.370546340942383,28.457095064490918,28.018411142218255,28.212778284802795,34095352
2015-03-04,28.357192993164062,28.542161596672305,28.09210405656614,28.28300728936064,37536775
2015-03-05,28.454133987426758,28.581733265913698,28.359176120857352,28.438800809984336,27792094
2015-03-06,28.07602882385254,28.520895211298544,28.030280910871546,28.43187198984678,33182854
2015-03-09,28.133649826049805,28.203877852793962,27.870785652243235,28.035228052132318,21242161
2015-03-10,27.44916534423828,27.935822021576488,27.435317243889134,27.906148872126167,35846146
2015-03-11,27.259742736816406,27.60396450497767,27.23501479755937,27.455593085801556,36415706
2015-03-12,27.473892211914062,27.51642403976922,27.224132651142522,27.374978564578107,27792094
2015-03-13,27.06884002685547,27.616823733341565,26.91552339514572,27.37448386999432,34071287
2015-03-16,27.4244327545166,27.540162755276434,27.003552704347527,27.248365148822742,32819860
2015-03-17,27.2429256439209,27.38931820847519,27.102467708544022,27.285953124319736,36110871
2015-03-18,27.671226501464844,27.685074601653458,27.05301287797633,27.325025888566454,42690887
2015-03-19,27.596546173095703,27.73551904309404,27.505296276396823,27.66578478008004,23945563
2015-03-20,27.71375846862793,27.78102202117717,27.64897130449908,27.777559996112757,52337299
2015-03-23,27.63709831237793,27.812672158691846,27.489716320749224,27.717220539570782,32876014
2015-03-24,28.199920654296875,28.417532571718596,27.755797712631164,27.822563715601287,51665459
2015-03-25,27.635866165161133,28.30230034761432,27.63364138828825,28.215255952462694,43045859
2015-03-26,27.45707893371582,27.64155190079219,27.233530486591427,27.57676284413741,31452115
2015-03-27,27.11928367614746,27.462516009976813,27.108897601558237,27.34975426573441,37949906
2015-03-30,27.301782608032227,27.373000056615886,27.11087746912863,27.281504222287285,25750504
2015-03-31,27.10247039794922,27.434327251541106,27.03916452741361,27.201384047082723,31760961
2015-04-01,26.833423614501953,27.257763829137872,26.682083934915724,27.132143400823253,39261497
2015-04-02,26.48573875427246,26.748850751578594,26.402502595992093,26.748850751578594,34327989
2015-04-06,26.54681968688965,26.62817727633875,26.19097647923895,26.322037776340565,26488525
2015-04-07,26.559431076049805,26.839853221622246,26.508985775118887,26.6118571094043,26057345
2015-04-08,26.78643798828125,26.89722278626277,26.626692968787403,26.626692968787403,23570536
2015-04-09,26.74538803100586,26.803253031848968,26.483761116741732,26.75775105387537,31157308
2015-04-10,26.707307815551758,26.82006956534405,26.573773915558657,26.82006956534405,28189181
2015-04-13,26.66576385498047,26.907609954362325,26.573774254216666,26.628177235176352,32906096
2015-04-14,26.231529235839844,26.586630822477808,26.117878339656087,26.521348007238373,52082601
2015-04-15,26.33736801147461,26.44617396922555,25.87692436924613,26.147947951562745,46376979
2015-04-16,26.400178909301758,26.48870837570906,26.19295495507796,26.207296819443155,25997180
2015-04-17,25.917972564697266,26.204327426302836,25.76762231020487,26.14596865927738,43037837
2015-04-20,26.478321075439453,26.513435088388302,25.940227819091845,25.99463079686083,33585958
2015-04-21,26.408588409423828,26.676645633570672,26.39399682501356,26.583664720543258,36895018
2015-04-22,26.67540740966797,26.760227021117224,26.2987920652078,26.42985335754596,31871263
2015-04-23,27.053010940551758,27.248861277895482,26.718187738863485,26.75627001165488,83697161
2015-04-24,27.94620704650879,28.246905669933557,27.559947219402087,27.99764176483422,98650102
2015-04-27,27.542377471923828,28.06707099344033,27.43476146836345,27.940113054037443,47960000
2015-04-28,27.458568572998047,27.574616414447306,27.294216966824393,27.506178040865283,29820000
2015-04-29,27.230440139770508,27.45856677556609,27.122574414121125,27.299374164907086,33976000
2015-04-30,26.648218154907227,27.206137624465963,26.534650501922332,27.170429582786003,41644000
2015-05-01,26.675994873046875,26.757325982919312,26.38835543061834,26.70227788831653,35364000
2015-05-04,26.818819046020508,26.981980691223402,26.535148660708806,26.70723589831097,26160000
2015-05-05,26.323881149291992,26.76723975947044,26.303597089919357,26.691362772591344,27662000
2015-05-06,25.997562408447266,26.402239082058415,25.842089107227068,26.3457040240936,31340000
2015-05-07,26.318923950195312,26.45580069325353,25.875067739177297,25.986155232990576,30926000
2015-05-08,26.691862106323242,26.837170680378605,26.036245348219598,26.61400248474475,30552000
2015-05-11,26.5668888092041,26.87833297256008,26.552011560024855,26.699302759077298,18106000
2015-05-12,26.23659896850586,26.443351858700787,26.049138827507623,26.363556911812456,32684000
2015-05-13,26.265361785888672,26.498547122369825,26.217504496768406,26.311978043200305,25046000
2015-05-14,26.700790405273438,26.730546796204557,26.403729719306863,26.471174890206818,28078000
2015-05-15,26.475141525268555,26.744133316009297,26.30305427922679,26.739471878800654,39426000
2015-05-18,26.398269653320312,26.52324307071351,26.227173742496205,26.383888062054446,40068000
2015-05-19,26.649215698242188,26.812873022319202,26.434974965333954,26.481591233454612,39338000
2015-05-20,26.743934631347656,26.92494936174653,26.431599420710512,26.705252648210987,28616000
2015-05-21,26.904613494873047,26.97057168976053,26.58077228446607,26.678469490844368,29254000
2015-05-22,26.785593032836914,26.987930423326837,26.755836643968653,26.787575657004627,23524000
2015-05-26,26.399263381958008,26.730545126482983,26.278257093304102,26.68690280087354,48130000
2015-05-27,26.76972198486328,26.80741265319779,26.36901246113346,26.423067345755353,30500000
2015-05-28,26.769227981567383,26.810390136476467,26.594164909188397,26.681447671438622,20596000
2015-05-29,26.38884925842285,26.71219483480133,26.356118932670597,26.64970811960585,51948000
2015-06-01,26.48208236694336,26.620943619001636,26.272306358500227,26.620943619001636,38086000
2015-06-02,26.739469528198242,26.92891417901061,26.35016577463448,26.429514250143754,38780000
2015-06-03,26.795509338378906,26.953710635797695,26.636812384929264,26.775673638060383,34340000
2015-06-04,26.61647605895996,26.8093921743994,26.498445615491367,26.669045861221626,26966000
2015-06-05,26.449352264404297,26.641277090215105,26.409181424076383,26.59912173394559,27764000
2015-06-08,26.126998901367188,26.488530801155548,26.097740059998255,26.448361851279273,30412000
2015-06-09,26.120054244995117,26.244532010414385,25.937552564818954,26.163200912005014,29106000
2015-06-10,26.615985870361328,26.698805838554723,26.25197567026092,26.25247132633627,36300000
2015-06-11,26.51283073425293,26.72955160797952,26.433977912183583,26.70202756325202,24350000
2015-06-12,26.399761199951172,26.438938837919608,26.292143298870847,26.363557498285136,19116000
2015-06-15,26.145349502563477,26.19990193686819,25.986652543759018,26.1850227963561,32654000
2015-06-16,26.192461013793945,26.26635538370791,26.0640161022397,26.204859982058565,21436000
2015-06-17,26.247509002685547,26.33280913664049,26.041202581872167,26.252965002737135,25884000
2015-06-18,26.617965698242188,26.688386684880218,26.32338334510028,26.333797796299567,36662000
2015-06-19,26.615985870361328,26.69335172990879,26.433484168327233,26.641775120816174,37870000
2015-06-22,26.690372467041016,26.96561289880797,26.657640252109186,26.759802144997213,25006000
2015-06-23,26.803939819335938,26.854474030140036,26.544569841968006,26.76228201303517,23950000
2015-06-24,26.673015594482422,26.780135941499466,26.564903935421917,26.780135941499466,25732000
2015-06-25,26.5435791015625,26.82477121200604,26.5435791015625,26.724098170769377,26714000
2015-06-26,26.368019104003906,26.6690487928995,26.35115733996671,26.64425274878018,42182000
2015-06-29,25.863662719726562,26.21527583612679,25.81506193978294,26.036741277744554,38756000
2015-06-30,25.813568115234375,26.098231663402558,25.813072459263324,26.086825900618326,44344000
2015-07-01,25.87952995300293,26.070463470514234,25.700501639558947,26.02285400514664,39220000
2015-07-02,25.95689582824707,26.01888688612005,25.841841196696137,25.841841196696137,24718000
2015-07-06,25.930112838745117,26.048640835117478,25.738685574784412,25.763481617247702,25610000
2015-07-07,26.0372371673584,26.09476543246397,25.549244847462443,25.943507090912107,31944000
2015-07-08,25.63106918334961,25.923865682645836,25.595363031461535,25.84035142625615,25934000
2015-07-09,25.82200050354004,25.97524144186029,25.805634397056142,25.94300677669105,36846000
2015-07-10,26.2906551361084,26.41116576447424,26.063519815424897,26.100219171473768,39134000
2015-07-13,27.104970932006836,27.132742806284927,26.40323355860118,26.427036400710644,44130000
2015-07-14,27.8265438079834,28.0620598623276,27.112903223849536,27.1153815038289,64882000
2015-07-15,27.78290557861328,28.094497306948266,27.61280284795398,27.778442782176363,35692000
2015-07-16,28.756410598754883,28.797572749656485,28.019956570278982,28.02590822607163,95366000
2015-07-17,33.37251281738281,33.448787091232155,31.987385019979076,32.1857571566747,223298000
2015-07-20,32.88105773925781,33.1716711612057,32.3846335022014,32.69359755294378,117218000
2015-07-21,32.84534454345703,33.37598786002899,32.44860025025217,32.4937314365169,67544000
2015-07-22,32.83542251586914,33.65568784658892,32.68168590574886,32.775414083192736,78586000
2015-07-23,31.951683044433594,32.911303509709825,31.78901703868037,32.794264349959995,60582000
2015-07-24,30.924114227294922,32.14459531988639,30.872537622593406,32.086569511303146,72514000
2015-07-27,31.107608795166016,31.456741712393672,30.772359922173404,30.797155966292326,53508000
2015-07-28,31.144306182861328,31.383840470985607,30.911716754562853,31.383840470985607,34546000
2015-07-29,31.339204788208008,31.41012143174596,30.878982521935868,31.18397933019882,31502000
2015-07-30,31.37194061279297,31.502370051240767,30.849233438656153,31.243495690487716,29484000
2015-07-31,31.025781631469727,31.387809190015716,31.020325631266726,31.311932194127426,34122000
2015-08-03,31.303499221801758,31.395048026300554,31.01239021744844,31.01239021744844,26090000
2015-08-04,31.206295013427734,31.48203109001274,31.102646156712634,31.165132864336563,29818000
2015-08-05,31.926877975463867,32.12921912528325,31.400203766021512,31.458225785028958,46686000
2015-08-06,31.872331619262695,32.00618524543857,31.355078558594695,31.987388150861822,31452000
2015-08-07,31.50633430480957,31.872328991930956,31.22911123536237,31.750828941349013,28078000
2015-08-10,31.42847442626953,31.910021287543653,31.305434437727182,31.713633665375188,36184000
2015-08-11,32.769962310791016,33.47021078564478,32.44711239825747,33.187531714117334,100584000
2015-08-12,32.70945739746094,32.97924183789792,32.348914933199396,32.88402290982986,58734000
2015-08-13,32.55522155761719,32.954444112710654,32.31772286282871,32.69765266908154,36214000
2015-08-14,32.58845138549805,32.72408709876406,32.367267706461426,32.483811202333435,21442000
2015-08-17,32.774417877197266,32.79971146562983,32.29684011816437,32.5725761765954,21034000
2015-08-18,32.53935623168945,32.92965323339929,32.406944169415205,32.82550870219291,29122000
2015-08-19,32.77590560913086,33.078422230923024,32.443138838612825,32.56266003287193,42682000
2015-08-20,32.07814407348633,32.87956702060289,31.883245283379388,32.50612987541109,57106000
2015-08-21,30.37462615966797,31.7418989852804,30.3671875356309,31.728510597103824,85304000
2015-08-24,29.24043846130371,29.72248100569566,28.022439367321095,28.41670160190713,115406000
2015-08-25,28.866010665893555,30.6211002041909,28.81889685993366,30.495135473383247,70760000
2015-08-26,31.1750545501709,31.328297397490736,29.708593733553663,30.26899342198032,84718000
2015-08-27,31.620895385742188,31.917460393507852,30.846750649564,31.709665112202607,69826000
2015-08-28,31.26233673095703,31.584690980109496,30.973707901711613,31.383344907258945,39574000
2015-08-31,30.66077995300293,31.531135001975645,30.632512421943595,31.121497954203686,43534000
2015-09-01,29.646106719970703,30.393470885046046,29.463109377724,29.87274638668722,74042000
2015-09-02,30.466869354248047,30.466869354248047,29.741327258064334,30.03293193350358,51512000
2015-09-03,30.065664291381836,30.733184362670706,29.895610750494072,30.598787789138818,35192000
2015-09-04,29.790424346923828,29.92779675101677,29.52014422700273,29.75570950384804,41780000
2015-09-08,30.482736587524414,30.56456523225783,29.960027600151157,30.37512058771722,45590000
2015-09-09,30.38652992248535,31.070911763912832,30.23180009840769,30.808070271315362,34042000
2015-09-10,30.814512252807617,30.9538691560456,30.322552853116807,30.40537281035385,38106000
2015-09-11,31.033714294433594,31.03420995045949,30.619614494784386,30.735164778775314,27470000
2015-09-14,30.90824317932129,31.038175046775372,30.719294195967645,31.0302407672497,34046000
2015-09-15,31.49839973449707,31.674949764330584,30.935024224876706,31.07983524234974,41688000
2015-09-16,31.540058135986328,31.637755346878578,31.35854775879224,31.51476643519204,25730000
2015-09-17,31.883241653442383,32.279982157558564,31.492449021880923,31.629821419364603,45494000
2015-09-18,31.206295013427734,31.739418435830427,31.095703189198865,31.58022583900517,102668000
2015-09-21,31.513277053833008,31.565349314499034,31.042146535859352,31.461700449199476,35770000
2015-09-22,30.880970001220703,31.121991264813992,30.52092507395674,31.09471504796898,51258000
2015-09-23,30.86460304260254,31.19042877582506,30.747563898140545,30.84923013845651,29418000
2015-09-24,31.03520393371582,31.11058337969957,30.370659721667902,30.58093328275832,44802000
2015-09-25,30.349332809448242,31.232086741275406,30.30122768902078,31.232086741275406,43480000
2015-09-28,29.50228500366211,30.480008080881095,29.229029094904103,30.268495396651684,62554000
2015-09-29,29.506258010864258,30.003673466103457,29.27069084442859,29.6208169919315,46190000
2015-09-30,30.17327880859375,30.1901405729349,29.791911216312375,29.918371611145606,48268000
2015-10-01,30.31561279296875,30.355286087541348,29.7482701135896,30.170801767917297,37352000
2015-10-02,31.09025001525879,31.11157457443202,29.910931139030197,30.112774750800014,53696000
2015-10-05,31.81232452392578,31.888697173869172,31.094714846083892,31.342679076289,36072000
2015-10-06,32.00920867919922,32.198159588048085,31.567336957900935,31.68189594271584,43326000
2015-10-07,31.85645866394043,32.26554891805332,31.350115782247414,32.197659179431334,41854000
2015-10-08,31.69776725769043,31.96011311008708,31.023304172230684,31.80687213675514,43642000
2015-10-09,31.9184513092041,32.036481766870644,31.50722706520705,31.739421106754744,32974000
2015-10-12,32.07020568847656,32.16095993089679,31.690325062560085,31.843070362589447,25504000
2015-10-13,32.34941482543945,32.62276723636879,31.895639834503406,31.895639834503406,36154000
2015-10-14,32.29287338256836,32.70102528368357,32.17831630980627,32.39453961585163,28310000
2015-10-15,32.81757736206055,32.886511399629136,32.456539171225025,32.46645986097226,37714000
2015-10-16,32.84038162231445,32.97775401090725,32.592417404427614,32.93510489188838,32222000
2015-10-19,33.03379440307617,33.06950055533715,32.710448841343535,32.78979542596417,29546000
2015-10-20,32.24923324584961,32.965354005641885,31.947461982673836,32.93163047957288,49964000
2015-10-21,31.86885643005371,32.52645571765553,31.825212217520487,32.44115748381513,35822000
2015-10-22,32.32412338256836,32.62217537507164,31.938291078971623,32.071694450029085,81420000
2015-10-23,34.81417465209961,36.20277578469196,34.78938050050949,36.078793675840274,133078000
2015-10-26,35.34878921508789,35.664696163184004,34.77747940914281,34.79186100172798,54332000
2015-10-27,35.13603210449219,35.39044362581668,34.940637699610576,35.08098401966545,44916000
2015-10-28,35.35722351074219,35.35871047906179,34.86774229555038,35.07851343349388,43578000
2015-10-29,35.554107666015625,35.62055963504877,35.21142012474699,35.23572240779088,29120000
2015-10-30,35.25109100341797,35.607664438928765,35.21339844323123,35.49508619803374,38176000
2015-11-02,35.76190185546875,35.787195451246774,35.00511444288278,35.26349505052458,37726000
2015-11-03,35.81397247314453,35.93745515230192,35.44500005293157,35.65031516819681,31308000
2015-11-04,36.109046936035156,36.35651551903063,35.80107804508008,35.80603460564463,34134000
2015-11-05,36.264766693115234,36.672914825201545,36.17649073577964,36.17649073577964,37232000
2015-11-06,36.389244079589844,36.471072724288796,36.054490877060836,36.27716528395142,30232000
2015-11-09,35.94935607910156,36.436358929561194,35.678580330007506,36.21269320424929,41396000
2015-11-10,36.11946105957031,36.23203551560779,35.63245820406156,35.92505795564111,32160000
2015-11-11,36.47057342529297,36.74829210661496,36.21417930102726,36.32477111759892,27328000
2015-11-12,36.26378631591797,36.58961024469133,36.13558920099242,36.25237865693973,36744000
2015-11-13,35.558067321777344,36.259806512240885,35.54467704213163,36.16161365059482,41510000
2015-11-16,36.15119934082031,36.177480459191926,35.276877308958596,35.4886359257026,38118000
2015-11-17,35.969696044921875,36.29428269378687,35.85697022364785,36.1675725595726,30218000
2015-11-18,36.698707580566406,36.768632921249434,36.05399904204879,36.082766011650705,33686000
2015-11-19,36.61985397338867,36.79788907648162,36.571249414066784,36.63621818941445,26542000
2015-11-20,37.52194595336914,37.58740659764851,36.84748300163502,37.0225441593437,44246000
2015-11-23,37.4911994934082,37.82485924704754,37.28489307250965,37.564102550993084,28290000
2015-11-24,37.109336853027344,37.4564360799008,36.58117182389276,37.293819276737466,46662000
2015-11-25,37.10289001464844,37.29381975303299,36.999241145136594,37.102394358595795,22442000
2015-11-27,37.20751953125,37.36373816663583,37.07014717136448,37.11825228011994,16770000
2015-11-30,36.8276481628418,37.439125012340135,36.76168807400314,37.13561703974323,41952000
2015-12-01,38.03969955444336,38.1344190494382,37.0309789310863,37.051312180511175,42692000
2015-12-02,37.808589935302734,38.48181184965137,37.63898477859733,38.13193547331386,44608000
2015-12-03,37.32059860229492,38.13664896010662,36.97791488757534,37.988614287053686,51812000
2015-12-04,38.028289794921875,38.11160541226041,37.194634181868544,37.34837079239077,55146000
2015-12-07,37.85173797607422,38.12350882887167,37.44706320035863,38.07589936402857,36246000
2015-12-08,37.80809783935547,37.92861036233075,37.402923620796216,37.585922857436266,36590000
2015-12-09,37.27448272705078,37.90034121147158,36.54998111790303,37.6494030304221,54000000
2015-12-10,37.167850494384766,37.48474872068308,36.8886448253115,37.33597246665316,39768000
2015-12-11,36.642669677734375,36.98188383416757,36.53753383437376,36.75623545808018,44488000
2015-12-14,37.08403778076172,37.131647239610594,35.91364646662966,36.78747281262741,48250000
2015-12-15,36.86731719970703,37.59534127588362,36.84797904835974,37.34341181603069,53324000
2015-12-16,37.59584426879883,37.719826398912474,36.670688917702115,37.194639034092404,39866000
2015-12-17,37.1663703918457,37.82347414836801,37.14504582933197,37.81057952291612,31068000
2015-12-18,36.664485931396484,37.399453010554105,36.60695956332503,37.0215550189813,62974000
2015-12-21,37.08403778076172,37.19462960089157,36.69870120621301,37.002704797576826,30514000
2015-12-22,37.19462966918945,37.43515524374088,36.972950372549626,37.27645830849768,27308000
2015-12-23,37.21001052856445,37.40342234151237,36.89708127856113,37.3667248734232,31318000
2015-12-24,37.11528396606445,37.26158573667899,37.0270117880202,37.17231846292854,10544000
2015-12-28,37.815040588378906,37.838847212665925,37.170831519027914,37.33944537864755,30306000
2015-12-29,38.51380157470703,38.68142410354004,38.00943945299766,38.02233407577457,35300000
2015-12-30,38.236083984375,38.5633985881863,38.03275528073816,38.51380649829687,25866000
2015-12-31,37.63501739501953,38.16169163846927,37.608236835707345,38.16169163846927,30018000
2016-01-04,36.789955139160156,36.90005131542683,36.265165131318135,36.84748529106526,65456000
2016-01-05,36.826656341552734,37.29381782243431,36.63125814154166,37.018577382107345,39014000
2016-01-06,36.87823486328125,37.05478680160326,36.149219363128424,36.202780488645686,38940000
2016-01-07,36.02375411987305,36.62432287091107,35.660237643103166,36.21815726505432,59274000
2016-01-08,35.43260192871094,36.36296349827441,35.35970265073501,36.274687531364336,49018000
2016-01-11,35.50996398925781,35.65006438475442,34.89054906956582,35.53873095768605,41812000
2016-01-12,36.007877349853516,36.14078505176928,35.57378861966331,35.7901632815888,40490000
2016-01-13,34.74276351928711,36.437846605338294,34.64605762247283,36.24493046774021,50034000
2016-01-14,35.44499588012695,35.802310881926864,34.174429031387355,34.98179967699315,44516000
2016-01-15,34.43975830078125,35.04925643121498,33.98945659613963,34.332636037987996,72162000
2016-01-19,34.80376434326172,35.20992987920664,34.388177558811904,34.878650026156805,45362000
2016-01-20,34.63812255859375,35.05470063278814,33.38887642476236,34.150128397656225,68900000
2016-01-21,35.041805267333984,35.66667614903344,34.44024535258084,34.82310367482778,48244000
2016-01-22,35.96721267700195,36.110041073786014,35.71285031957255,35.88538402624964,40236000
2016-01-25,35.29374313354492,36.18691159459544,35.21141882171223,35.88439490977739,34234000
2016-01-26,35.36167907714844,35.6215465880421,35.0363509243694,35.40184991322133,26634000
2016-01-27,34.71450424194336,35.61932643243294,34.436785453521736,35.39293264898324,43884000
2016-01-28,36.250389099121094,36.385778877942535,35.32746615249783,35.81694732809999,53528000
2016-01-29,36.845001220703125,36.94617179932952,36.04407787823653,36.278651810062726,69486000
2016-02-01,37.29381561279297,37.58443272363884,36.860873341593766,37.21744296919099,102784000
2016-02-02,37.92116928100586,39.17190247740019,37.92116928100586,38.90558761322438,126962000
2016-02-03,36.051517486572266,38.40965583652546,35.73164531030284,38.19740155346325,123420000
2016-02-04,35.11223220825195,36.05399760120439,34.80723348052091,35.84620421169612,103374000
2016-02-05,33.900177001953125,34.91286265146571,33.73056807529657,34.90691099639999,102114000
2016-02-08,33.8590202331543,33.922993913912094,32.883031887313656,33.12058355354843,84948000
2016-02-09,33.629398345947266,34.71002672428909,33.16620217112957,33.342258413199495,72178000
2016-02-10,33.927459716796875,34.77995784978678,33.82876740879327,34.06334136291456,52760000
2016-02-11,33.87736892700195,34.1868285710615,33.171070394486776,33.47517241275327,60480000
2016-02-12,33.842159271240234,34.40503916968617,33.65370780618483,34.231960610096266,42828000
2016-02-16,34.268653869628906,34.61580604195743,33.97357584742144,34.366846730483495,50400000
2016-02-17,35.131568908691406,35.198520307576004,34.28750076126159,34.62026756434162,49852000
2016-02-18,34.58357238769531,35.32746509763303,34.51810795253834,35.21092160371874,37664000
2016-02-19,34.7601203918457,34.86778368464807,34.419911197130624,34.468511970142266,31786000
2016-02-22,35.03536605834961,35.37160248815486,34.83947218536402,35.08446249470494,38996000
2016-02-23,34.50918197631836,35.13157084127193,34.396607515702755,34.78690070751136,40186000
2016-02-24,34.693172454833984,34.71499267171999,33.76181961156334,34.16550308303934,39272000
2016-02-25,35.00014877319336,35.011556429089886,34.248075883457744,34.71548708451167,32844000
2016-02-26,34.966426849365234,35.38102228041199,34.757638382218936,35.140496694958586,44870000
2016-02-29,34.60440444946289,35.25506091017002,34.59993976095682,34.730864859580095,49622000
2016-03-01,35.647830963134766,35.647830963134766,34.703583535685624,34.89451704665635,43028000
2016-03-02,35.649818420410156,35.70684913391489,35.31010485230673,35.65725704462235,32580000
2016-03-03,35.3309326171875,35.679571766373016,35.01353871559243,35.64138355083289,39160000
2016-03-04,35.25505447387695,35.532776966423945,35.01353757159688,35.458386945498255,39442000
2016-03-07,34.47496032714844,35.1162446141676,34.065325227914094,35.05718209258585,59702000
2016-03-08,34.41594696044922,34.902946016867105,33.98795745468623,34.14913646522406,41526000
2016-03-09,34.974853515625,34.99667372832986,34.41742975340136,34.63910903936722,28430000
2016-03-10,35.350772857666016,35.53029872576366,34.881624938071944,35.11768586604809,56670000
2016-03-11,36.04507064819336,36.05003099203359,35.564269173628944,35.70684784405728,39416000
2016-03-14,36.22707748413086,36.47553735387171,35.962249615296116,36.04457391587055,34366000
2016-03-15,36.11995315551758,36.3163388641944,35.94340125319256,36.050027826408915,34420000
2016-03-16,36.504798889160156,36.573237259358734,35.930511366743055,36.02275636151535,32488000
2016-03-17,36.5886116027832,36.85095743764982,36.50033563651306,36.522651510203055,37216000
2016-03-18,36.57968521118164,36.79789116633082,36.29353275705431,36.790948197981066,59614000
2016-03-21,36.8023567199707,36.822689969447055,36.37714813988103,36.52513363551167,36730000
2016-03-22,36.73590087890625,36.94667199771597,36.5727430110767,36.5727430110767,25394000
2016-03-23,36.60249710083008,36.98237773960249,36.50777382325648,36.81574649756768,28642000
2016-03-24,36.46561813354492,36.586970619920045,36.25236874980819,36.302456493849405,31898000
2016-03-28,36.377838134765625,36.64861767246844,36.326759078244535,36.5395128077394,26026000
2016-03-29,36.935264587402344,37.05825539689736,36.14128410966621,36.430410508102234,38076000
2016-03-30,37.220916748046875,37.58542444282203,37.13214513627567,37.1995921890177,35648000
2016-03-31,36.94419479370117,37.23679079116359,36.745326981842894,37.15744419903117,34376000
2016-04-01,37.19016647338867,37.21149103202547,36.549922707390145,36.629273070010974,31534000
2016-04-04,36.96105194091797,37.33349394274772,36.81921485733396,37.197608515270566,22684000
2016-04-05,36.589599609375,36.83756382877563,36.46909087542862,36.59952029698591,22646000
2016-04-06,36.98088836669922,37.00816458254201,36.47851260934844,36.488928953115284,21074000
2016-04-07,36.71259307861328,37.04585556082385,36.51422093193051,36.965022004171416,29064000
2016-04-08,36.65655517578125,36.96898876564075,36.47802061482321,36.89559383041708,25816000
2016-04-11,36.50529098510742,36.94666697242286,36.50281270513681,36.84847411471708,24402000
2016-04-12,36.85194778442383,36.888649033851195,36.252866101116375,36.59952264467673,27060000
2016-04-13,37.279930114746094,37.41185028433,36.910019390844866,37.152974072463685,34142000
2016-04-14,37.35333251953125,37.5571606661181,37.32878430221478,37.39350336158565,22706000
2016-04-15,37.64096450805664,37.74014866983742,37.32823208615124,37.39200900806231,36186000
2016-04-18,38.01837158203125,38.0897838848252,37.55666232668842,37.713372868021466,31176000
2016-04-19,37.38953399658203,38.18153182324051,37.16140735455339,38.16218988646426,40610000
2016-04-20,37.32704544067383,37.59792334939525,37.19512904935116,37.59137766297655,30584000
2016-04-21,37.64791488647461,37.712879882012466,37.1723196617153,37.46144605274763,61210000
2016-04-22,35.645851135253906,36.50628735854467,35.38995261236651,36.019284466814206,119038000
2016-04-25,35.86307144165039,35.9017515347443,35.48814733867002,35.513440933733385,39184000
2016-04-26,35.118682861328125,35.99280453078404,34.8650620740379,35.97564574946851,54892000
2016-04-27,35.00461196899414,35.16033497852006,34.336350379970185,35.07651992623204,61972000
2016-04-28,34.26964569091797,35.41772123798955,34.196746420025555,35.12462583546657,57346000
2016-04-29,34.36833953857422,34.596961832782405,34.169471741282045,34.25377867163334,49754000
2016-05-02,34.626220703125,34.74673322627841,34.26865594925333,34.59745751826386,32906000
2016-05-03,34.33610153198242,34.607868592001886,34.318246564404326,34.55976347274189,30876000
2016-05-04,34.501739501953125,34.70258990360907,34.16996402968266,34.243362736293385,33870000
2016-05-05,34.78590774536133,34.83004761681113,34.50273302745921,34.600925890811276,33670000
2016-05-06,35.26646423339844,35.303161698227576,34.62111250733209,34.63465034929092,36586000
2016-05-09,35.354740142822266,35.642875211902194,35.21092043629991,35.31010461421622,30206000
2016-05-10,35.86454772949219,35.88041628687511,35.49458408120837,35.54566691221144,31392000
2016-05-11,35.473270416259766,35.92902808589144,35.349783943603846,35.87596639846531,33842000
2016-05-12,35.37507629394531,35.66965869928944,35.16133123258024,35.561049480524225,27214000
2016-05-13,35.2520866394043,35.54131142826614,35.174227012957765,35.30663907861637,26290000
2016-05-16,35.53278350830078,35.63147204260894,34.995197174996655,35.16778008782869,26342000
2016-05-17,35.02396011352539,35.78223448116616,34.918824267063236,35.50798531576088,40024000
2016-05-18,35.04379653930664,35.29027382068428,34.7462401965011,34.89699910039702,35336000
2016-05-19,34.730865478515625,35.012553275559476,34.556299938451794,34.832036078592935,33404000
2016-05-20,35.19802474975586,35.43805469073858,34.74078017925695,34.79533261055456,36568000
2016-05-23,34.92526626586914,35.284215814233654,34.922288546123355,35.038832032285576,26614000
2016-05-24,35.7113151550293,35.754955589854454,35.05519896267663,35.05519896267663,38590000
2016-05-25,35.96820068359375,36.07928816522773,35.692214883684166,35.74453496869897,32584000
2016-05-26,35.911170959472656,36.11995564925902,35.7207331093734,35.8491799053515,31526000
2016-05-27,36.33469009399414,36.397971363887756,35.90521742534933,35.90571308133474,39500000
2016-05-31,36.486446380615234,36.68531416875603,36.265262720814356,36.289069344158754,42590000
2016-06-01,36.40858459472656,36.560338566779095,36.23550606431938,36.42743087314467,25072000
2016-06-02,36.222618103027344,36.35255188463385,35.91365410260733,36.32676263401709,26836000
2016-06-03,35.82289505004883,36.177482063951174,35.734619092673825,36.166573848053346,24526000
2016-06-06,35.53575134277344,35.9503467872551,35.4395411054744,35.9503467872551,31306000
2016-06-07,35.540714263916016,35.80504271583416,35.535753919797486,35.69891556695493,26724000
2016-06-08,36.11748123168945,36.1318628248238,35.7356141786305,35.90324051923323,31674000
2016-06-09,36.132354736328125,36.17996419901042,35.822694588124634,35.84918002393296,19778000
2016-06-10,35.677589416503906,35.9989485687495,35.52980068070066,35.680563352662155,24328000
2016-06-13,35.625518798828125,35.97663626565715,35.53377323760796,35.53377323760796,25178000
2016-06-14,35.62105178833008,35.82934081338147,35.36564517510493,35.532280178779565,26122000
2016-06-15,35.65328598022461,35.854632045782054,35.57344374259625,35.65725501194066,24290000
2016-06-16,35.22877502441406,35.54071293072047,34.87666249425193,35.45441959428446,39650000
2016-06-17,34.30436325073242,35.15240427828962,34.142295071097095,35.14397055805786,68048000
2016-06-20,34.403053283691406,34.837981985567126,34.38817603570728,34.65399144259355,41650000
2016-06-21,34.51364517211914,34.85236363504717,34.318742629030865,34.63564087597058,29312000
2016-06-22,34.589019775390625,34.757633598181464,34.371899777028055,34.668366343870716,23686000
2016-06-23,34.80773162841797,34.81170066065087,34.07028619627127,34.588534350678394,43428000
2016-06-24,33.486083984375,34.18931019704619,33.398303675895654,33.48360192048007,88980000
2016-06-27,33.14091491699219,33.34127347418124,32.89414252098004,33.27680035006406,52580000
2016-06-28,33.72512435913086,33.73950595426371,33.37599325960739,33.672062667433124,43476000
2016-06-29,33.92695999145508,34.091555615892325,33.79305720195496,33.871911907690254,38652000
2016-06-30,34.32320785522461,34.33411985520681,33.90414770611649,33.9944062912674,31954000
2016-07-01,34.67580795288086,34.74722403265999,34.324690560169664,34.328163935599456,26894000
2016-07-05,34.46454620361328,34.56323471613872,34.163516538887734,34.51959428737407,29252000
2016-07-06,34.60440444946289,34.79831192509633,34.17393658842576,34.2180764664866,28238000
2016-07-07,34.4848747253418,34.625716679370804,34.130533713178394,34.61976502469405,26084000
2016-07-08,34.994205474853516,34.99817072359056,34.538198086458955,34.69019802683428,31504000
2016-07-11,35.463348388671875,35.53376938009623,35.074042744483464,35.11421358404677,22236000
2016-07-12,35.73859405517578,35.852655495004505,35.504020079024336,35.66321270887087,26738000
2016-07-13,35.55707931518555,35.90522283470417,35.55063200277035,35.88637655351866,18718000
2016-07-14,35.753963470458984,35.816450184943506,35.609152448753505,35.78520493588427,19004000
2016-07-15,35.69940948486328,35.99150979580903,35.65998402094371,35.9910141397847,25586000
2016-07-18,36.39023971557617,36.506783212755956,35.76586820200205,35.841249543938055,25910000
2016-07-19,36.547943115234375,36.54943008333932,36.15318524425933,36.19732133317582,24550000
2016-07-20,36.757720947265625,36.804335313867114,36.55488413077706,36.56629178624001,25794000
2016-07-21,36.63076400756836,36.782517998074,36.491953828809,36.71656169104063,20526000
2016-07-22,36.834590911865234,36.859385064311105,36.52810522125438,36.790946695710325,25196000
2016-07-25,36.687294006347656,36.82813976074794,36.57471956093001,36.73192952991139,20648000
2016-07-26,36.62035369873047,36.78252025984085,36.41454291731192,36.65109951010665,23734000
2016-07-27,36.7864875793457,36.91989094718096,36.54992721393088,36.61340902530815,30250000
2016-07-28,36.99180221557617,37.12768386192479,36.663991953052914,37.04784161813428,70604000
2016-07-29,38.12648391723633,38.61051286049587,38.0263084241681,38.32089081440126,76830000
2016-08-01,38.32931900024414,38.70374361747339,37.744618934571434,37.744618934571434,54010000
2016-08-02,38.23955535888672,38.47611192329477,38.079867097329135,38.12152490469198,35690000
2016-08-03,38.34419631958008,38.345683287666304,38.02878503814585,38.04664000608194,25748000
2016-08-04,38.266334533691406,38.38833023162014,38.12672980502235,38.29658468426487,22806000
2016-08-05,38.79251480102539,38.83318129665586,38.30253801300439,38.37395031655197,36024000
2016-08-08,38.76969909667969,38.81284386777389,38.587740385227306,38.78159862356659,22158000
2016-08-09,38.89368438720703,39.125776259604876,38.710685161560335,38.73697006460312,26378000
2016-08-10,38.91451644897461,39.02024631657836,38.82019045415062,38.86839395090383,15728000
2016-08-11,38.92294692993164,39.16595082493022,38.829710620386216,38.93038555441692,19502000
2016-08-12,38.84211349487305,38.85079315219001,38.70226280012613,38.75681524092644,14810000
2016-08-15,38.80342483520508,39.053867324591565,38.6878726660905,38.86838982353833,18764000
2016-08-16,38.54058074951172,38.731018599875135,38.35728639953546,38.697295072888544,20560000
2016-08-17,38.67795181274414,38.72258733773398,38.36154924075554,38.54950880462091,18484000
2016-08-18,38.558441162109375,38.824260383811435,38.53364322347105,38.68291894411458,14388000
2016-08-19,38.455291748046875,38.538607381683235,38.341725955876335,38.43446283963778,17230000
2016-08-22,38.293113708496094,38.41164360548232,38.18896918733077,38.348661236751425,19028000
2016-08-23,38.28963851928711,38.50586181015241,38.27500720940599,38.45825235263131,18564000
2016-08-24,38.168636322021484,38.409657583031574,38.04118461518604,38.21525447490614,21440000
2016-08-25,38.15723419189453,38.280225000015946,37.8485161396257,38.03771297618828,18538000
2016-08-26,38.16368103027344,38.48801791983302,37.980681788542256,38.13690046886722,23334000
2016-08-29,38.293113708496094,38.4339594778105,38.018618641411564,38.12400419447306,16952000
2016-08-30,38.14136505126953,38.407978846333016,38.02978189040645,38.15326836496101,22600000
2016-08-31,38.04019546508789,38.14136227319373,37.95737549864954,38.03820905719442,24972000
2016-09-01,38.1259880065918,38.237075499296246,37.90381302118289,38.14929897534357,18502000
2016-09-02,38.25889587402344,38.380891571837296,38.107637554031356,38.335764174019914,21454000
2016-09-06,38.68638610839844,38.781601248104025,38.236080738363825,38.35758456436683,28856000
2016-09-07,38.699771881103516,38.81780231771106,38.49396115504911,38.682412572138766,17874000
2016-09-08,38.4503173828125,38.69977232026536,38.36402784385376,38.61248768577272,25406000
2016-09-09,37.6737060546875,38.34742374016714,37.6737060546875,38.19145477205598,37710000
2016-09-12,38.13788986206055,38.20087223034792,37.39300587523278,37.44904527549136,26220000
2016-09-13,37.67518997192383,37.999031195046925,37.48227383168107,37.91273785732326,27900000
2016-09-14,37.81405258178711,38.07143808167796,37.64643001958788,37.671224174481374,21748000
2016-09-15,38.27377700805664,38.374943813236065,37.68858125956853,37.833887938681045,26102000
2016-09-16,38.130943298339844,38.17408807052877,37.92166296515438,38.17408807052877,40986000
2016-09-19,37.97323989868164,38.38486140544149,37.91080237588955,38.30650235217376,23456000
2016-09-20,38.25641632080078,38.3516352499528,38.11358792707276,38.13689889514498,19572000
2016-09-21,38.49496078491211,38.541578939221324,38.10223471197329,38.318408855979676,23356000
2016-09-22,39.03998947143555,39.170914570834,38.60506070295153,38.682424674497355,29724000
2016-09-23,39.02460861206055,39.12527975068352,38.88822753972376,39.009231925197554,28238000
2016-09-26,38.39527893066406,38.818308147640565,38.33874386908307,38.818308147640565,30664000
2016-09-27,38.831695556640625,38.979480512266164,38.4001380601944,38.459253555898165,23064000
2016-09-28,38.75978088378906,38.772179851069545,38.432965748659754,38.57579413311836,22196000
2016-09-29,38.43495178222656,38.97005977769003,38.39637006706792,38.75383266600169,26294000
2016-09-30,38.54801559448242,38.72903217923857,38.38931866261446,38.50040992019201,31706000
2016-10-03,38.313446044921875,38.48726996256021,38.16169206288756,38.39726109952505,25576000
2016-10-04,38.50537109375,38.61844498873046,38.32981427082216,38.48553350193529,24028000
2016-10-05,38.50735855102539,38.78507727673323,38.4666920542419,38.648200538024696,29224000
2016-10-06,38.526695251464844,38.70622110433511,38.46123460443002,38.632826177383976,21414000
2016-10-07,38.43842697143555,38.66556231045154,38.22368681775073,38.66556231045154,18664000
2016-10-10,38.97700500488281,39.14760528492676,38.477603133849954,38.56885682220188,23498000
2016-10-11,38.83466720581055,39.29141610971496,38.7111807542194,39.01270608743635,27450000
2016-10-12,38.986915588378906,39.08560788546075,38.784578217920156,38.86888514030851,18748000
2016-10-13,38.592655181884766,38.74292219456966,38.335269715312876,38.74292219456966,27306000
2016-10-14,38.60951232910156,38.87830543233282,38.48404326058829,38.764244018642,17050000
2016-10-17,38.68043899536133,38.97253932771488,38.558439499028275,38.67250471475686,21860000
2016-10-18,39.439208984375,39.75412463018622,38.958407470806556,39.07172731067447,41138000
2016-10-19,39.74867248535156,39.90240911907855,39.57658522469073,39.58699778661278,35336000
2016-10-20,39.52401351928711,39.87116574430702,39.477395361834105,39.8379378684242,35150000
2016-10-21,39.64303207397461,39.64947938619216,39.376720999777085,39.42631308970402,25324000
2016-10-24,40.324440002441406,40.42709756318998,39.91331788701243,39.91728313556265,33950000
2016-10-25,40.05465316772461,40.501485195454016,39.929184084338765,40.501485195454016,31528000
2016-10-26,39.62815475463867,40.02043435258392,39.49177745349148,39.98869723123161,32954000
2016-10-27,39.44367599487305,39.847359502954056,39.25274245844771,39.723873031116995,54984000
2016-10-28,39.444664001464844,40.442472597976895,39.356388037589845,40.0883774303799,85398000
2016-10-31,38.90757369995117,39.51855491655902,38.88079313857422,39.44962088890619,48546000
2016-11-01,38.8614501953125,39.15305485932431,38.46123632044746,38.82574404227916,48128000
2016-11-02,38.12202072143555,38.764247146137336,37.861657532503166,38.59315122816367,37448000
2016-11-03,37.79619598388672,38.184014688747816,37.64245936581322,38.05011188028106,38864000
2016-11-04,37.79074478149414,38.204348963398175,37.22245806885661,37.22736922596468,42696000
2016-11-07,38.80739212036133,38.939804167598226,38.31295064359624,38.40965653899366,31702000
2016-11-08,39.20363998413086,39.45770341931985,38.6918392054374,38.85103180941877,27338000
2016-11-09,38.945762634277344,39.23920618586585,38.269316904223,38.67945152516191,52142000
2016-11-10,37.8175163269043,39.23636758052186,37.3027454067178,39.23636758052186,94904000
2016-11-11,37.39399337768555,37.7292422166601,37.21347622732749,37.5189667894719,48636000
2016-11-14,36.504302978515625,37.58394020594488,36.080778135906286,37.472353275393175,73088000
2016-11-15,37.61567687988281,37.90956307117957,37.04436708812952,37.04436708812952,47680000
2016-11-16,37.91273880004883,38.005975108246396,37.21992893538151,37.45251648255791,29452000
2016-11-17,38.247493743896484,38.32039302278884,37.90034152831272,38.03374868430304,26080000
2016-11-18,37.71734619140625,38.434458371578614,37.6905656289029,38.254436842425335,30942000
2016-11-21,38.146820068359375,38.17161800730478,37.72032124721139,37.82000487544691,26612000
2016-11-22,38.10070037841797,38.53166009336582,38.03771422048488,38.31692372000518,31862000
2016-11-23,37.739662170410156,38.10134354330735,37.45500045445446,38.0739197629226,29568000
2016-11-25,37.77387619018555,37.93852479172618,37.71634982430119,37.901827329037914,11748000
2016-11-28,38.099205017089844,38.65911091661628,37.68064432193835,37.69056122588318,43764000
2016-11-29,38.22815704345703,38.60803774635822,38.09921455808169,38.26237623526825,32332000
2016-11-30,37.593360900878906,38.33477530073288,37.43416829112322,38.18996428316432,47858000
2016-12-01,37.09148406982422,37.68312716045065,36.55116976026973,37.563609724470965,60358000
2016-12-02,37.21943664550781,37.39301086941012,36.85244681938945,36.9263411974344,29050000
2016-12-05,37.81553268432617,37.883971047257525,37.33845055139955,37.57699350967962,27884000
2016-12-06,37.64643096923828,38.12847354537497,37.558650653651625,37.9251410384945,33814000
2016-12-07,38.24550247192383,38.25393240687205,37.48226796664714,37.74014906012396,35220000
2016-12-08,38.5048713684082,38.59215600644164,38.04911381175997,38.30947697431557,29762000
2016-12-09,39.14313507080078,39.150078038479975,38.633865553806665,38.682417140324056,36438000
2016-12-12,39.142147064208984,39.240339932016255,38.898397799031734,38.932367264474614,42082000
2016-12-13,39.48086166381836,39.89149184688078,39.34398493613089,39.37175680646553,42904000
2016-12-14,39.528968811035156,39.8726476158938,39.37721482839371,39.54533302702509,34084000
2016-12-15,39.567657470703125,39.82306034733303,39.32316281150861,39.5423638759908,32530000
2016-12-16,39.21802520751953,39.71673087618484,39.1927316139424,39.69411609551012,48876000
2016-12-19,39.38663864135742,39.55823022695009,38.99336772326297,39.189261590045945,24642000
2016-12-20,39.496734619140625,39.60732645679215,39.34051972293759,39.51359827579713,19020000
2016-12-21,39.40449523925781,39.50943433262204,39.0345314913164,39.4679732695218,24226000
2016-12-22,39.2408332824707,39.34299517627029,39.10792558114489,39.29538571329928,19444000
2016-12-23,39.17388153076172,39.314231638329325,39.04345211069188,39.22297796133802,12468000
2016-12-27,39.255218505859375,39.568151528050414,39.0621547943196,39.21207372667449,15782000
2016-12-28,38.932861328125,39.38812327875686,38.84111577629061,39.361842158539034,23076000
2016-12-29,38.82078170776367,38.97650471984839,38.62885688846204,38.84756226707401,14886000
2016-12-30,38.27674865722656,38.82028656319032,38.206823321943304,38.81879959512764,35400000
2017-01-03,38.986915588378906,39.15999412072487,38.47412730288172,38.623399213036336,33146000
2017-01-04,39.02460861206055,39.244800951794545,38.83913111040923,39.097012224218595,21460000
2017-01-05,39.377708435058594,39.40051996177968,38.931372102391,38.98394190704563,26704000
2017-01-06,39.97926712036133,40.06605610427878,39.287645412399755,39.43920263359591,32804000
2017-01-09,40.00407028198242,40.168518363810485,39.81462373072892,39.99167131356904,25492000
2017-01-10,39.911827087402344,40.12706289728566,39.848349057967816,40.064080523919316,23536000
2017-01-11,40.06655502319336,40.07845833497468,39.7422181544055,39.92223966465453,21318000
2017-01-12,39.989688873291016,40.04076793168294,39.63311542574184,40.02836896321255,27062000
2017-01-13,40.06507110595703,40.2309077859007,40.00605398221162,40.045233512688846,21984000
2017-01-17,39.902896881103516,40.028365957261705,39.69262522348115,40.02539202119644,27242000
2017-01-18,39.975311279296875,39.98200452843271,39.72337798720552,39.962416653488546,25888000
2017-01-19,39.782142639160156,40.14441803421517,39.763546077699914,39.92819469794487,18386000
2017-01-20,39.92323303222656,40.016964995971385,39.75808876138451,40.016964995971385,33400000
2017-01-23,40.63191223144531,40.70927618901589,39.859752056502984,40.0338219069452,39272000
2017-01-24,40.85805892944336,40.95873007704327,40.55806973078862,40.78019931072231,29480000
2017-01-25,41.44325637817383,41.44821672244212,40.91707395505985,41.14321797990453,29890000
2017-01-26,41.26868438720703,41.558805861718106,41.01377719271467,41.549380829857505,59478000
2017-01-27,40.830291748046875,41.75470172532571,40.687958991044624,41.39564995998769,59316000
2017-01-30,39.78933334350586,40.45982732020681,39.664359916363715,40.40130963857859,64932000
2017-01-31,39.51508712768555,39.7362708135327,39.204140504977104,39.51855672021218,43212000
2017-02-01,39.460784912109375,39.73329738246556,39.23736887926488,39.65841169417708,40594000
2017-02-02,39.60137176513672,39.808173831824114,39.277530557463884,39.366797827152226,30642000
2017-02-03,39.74817657470703,39.97183855470574,39.692632821786674,39.82256661054948,29268000
2017-02-06,39.7407341003418,39.75709831751571,39.43871308127282,39.65940110326192,23690000
2017-02-07,40.019935607910156,40.19500055241653,39.762550146478304,39.87215066188853,24824000
2017-02-08,40.08985900878906,40.26145056935106,39.83247355976279,40.02142064695701,23106000
2017-02-09,40.14838790893555,40.202940346119846,39.899432349090034,40.14590584493271,19794000
2017-02-10,40.35220718383789,40.43056623720083,40.15929105376468,40.254509978773456,22700000
2017-02-13,40.628448486328125,40.71369754872727,40.44247529760846,40.46776510867215,24266000
2017-02-14,40.68844985961914,40.81491403927466,40.46776184481638,40.6165418972462,21094000
2017-02-15,40.61555099487305,40.814914450995815,40.59025740196001,40.63439349191223,26272000
2017-02-16,40.8724365234375,40.88433983457238,40.615546723849924,40.662656745127855,25752000
2017-02-17,41.06634521484375,41.06634521484375,40.74820594568905,40.8159027191595,32220000
2017-02-21,41.24439239501953,41.33316402584475,41.080239415590995,41.095612322250396,25246000
2017-02-22,41.19974899291992,41.32323544599444,41.094613163291534,41.09560447532099,19658000
2017-02-23,41.228023529052734,41.28406293217066,40.80896336216805,41.16801509387278,29456000
2017-02-24,41.09461212158203,41.11246708856083,40.87441978034491,41.049484723583284,27844000
2017-02-27,41.1263542175293,41.18685830425207,40.86450406270872,40.89178027815393,22030000
2017-02-28,40.8253288269043,41.08965728959221,40.6760531102895,40.94435060516074,45216000
2017-03-01,41.42192459106445,41.47226204997662,41.02617167071135,41.10502637464916,29930000
2017-03-02,41.19331359863281,41.385730328452205,41.1442133744097,41.35300189048273,18850000
2017-03-03,41.11643600463867,41.22950990499133,40.95134470485324,41.18983471947693,17928000
2017-03-06,41.05196762084961,41.106520056292425,40.785157099964536,41.010805466238544,22180000
2017-03-07,41.25679016113281,41.33118019534665,40.9894839642385,41.033124402396396,20752000
2017-03-08,41.42837142944336,41.56623946213294,41.250828217249335,41.336126447913855,19796000
2017-03-09,41.592529296875,41.75717792105706,41.37084995497311,41.45962157967574,25230000
2017-03-10,41.81916427612305,41.9014885789479,41.63319111073803,41.82065502781497,34080000
2017-03-13,41.93273162841797,42.08870057010243,41.819162084155174,41.85635898546273,24472000
2017-03-14,41.93669509887695,42.01703677000779,41.69766027664084,41.83850224547263,15598000
2017-03-15,42.01506042480469,42.0859770757907,41.696179539756926,42.03440236151922,27630000
2017-03-16,42.09341049194336,42.196068035372065,41.96198976684191,42.105809458839126,19552000
2017-03-17,42.259056091308594,42.322534118661125,42.01059619846966,42.233766281758356,34246000
2017-03-20,42.07456970214844,42.16483207408939,41.91339446237895,42.154415729775444,24630000
2017-03-21,41.184871673583984,42.32749121273033,41.113459371249974,42.22334669531252,49270000
2017-03-22,41.1417236328125,41.437297289864844,41.022206221184476,41.256780140669804,28030000
2017-03-23,40.546119689941406,40.793588258123144,40.28213556025652,40.71572485831255,69742000
2017-03-24,40.38990020751953,40.761846536369355,40.11515542884215,40.67010098601585,39620000
2017-03-27,40.64182662963867,40.74696623546997,39.84139897692486,40.018942192126666,37886000
2017-03-28,40.71175765991211,40.963191464263865,40.36991393042552,40.68646406922258,32410000
2017-03-29,41.23198699951172,41.29918433638686,40.784163666298454,40.91409743575955,35726000
2017-03-30,41.236454010009766,41.34456378561088,41.11247188958498,41.33563819289597,21106000
2017-03-31,41.14024353027344,41.243396744689335,41.03262562770838,41.11098468836029,28038000
2017-04-03,41.586082458496094,41.7001438848588,41.12337809004517,41.12337809004517,33430000
2017-04-04,41.388694763183594,41.41894491087991,41.11424892664175,41.22950217854636,20908000
2017-04-05,41.23198699951172,41.77949394969077,41.19776781512553,41.43531948170034,31106000
2017-04-06,41.05693054199219,41.47896467544198,40.9865095410081,41.281088170527624,25088000
2017-04-07,40.89773178100586,41.08692860053987,40.69157293159481,41.06088963341658,21146000
2017-04-10,40.90071105957031,41.12982902820039,40.85310159050463,40.93344327898438,19578000
2017-04-11,40.8322639465332,41.03445374733635,40.51834345188453,40.899710995246046,21594000
2017-04-12,40.88037872314453,40.996426570108824,40.71672140605042,40.76185259572764,18010000
2017-04-13,40.84268569946289,40.98253637514763,40.737546081045934,40.7722609219476,22448000
2017-04-17,41.51764678955078,41.5464099760301,40.887815488877244,40.91459605108464,17900000
2017-04-18,41.50028610229492,41.604926283686105,41.29646173971381,41.37134363984084,16734000
2017-04-19,41.569217681884766,41.76808547223928,41.47399875471464,41.6475729533926,19084000
2017-04-20,41.73982238769531,41.91587488522624,41.62427020040551,41.72940604284892,19180000
2017-04-21,41.81618881225586,41.850407994512786,41.68774201888366,41.80081590894871,26472000
2017-04-24,42.78672790527344,42.82094709297367,42.14697968392024,42.21343543500017,27450000
2017-04-25,43.25984191894531,43.393740940476995,42.789203260314586,42.89781247258583,33440000
2017-04-26,43.231571197509766,43.44581568870544,43.034095772169195,43.35555331617853,24744000
2017-04-27,43.35654830932617,43.41357902436133,43.16462347550685,43.32431174778569,40536000
2017-04-28,44.929134368896484,45.469198909384396,44.91971312068603,45.162221346710346,65526000
2017-05-01,45.2569465637207,45.411178835729416,44.70547055994066,44.72977284100711,42320000
2017-05-02,45.44886779785156,45.663607945370096,45.10236259637596,45.110644971196116,31744000
2017-05-03,45.974552154541016,46.027118178921846,45.25560497806912,45.370510152935715,29990000
2017-05-04,46.203670501708984,46.41543292006143,45.853048721693895,45.92644743441579,28442000
2017-05-05,45.97901153564453,46.36434813995407,45.88329695458134,46.29690108607288,38226000
2017-05-08,46.3345947265625,46.46477442980593,45.88627574564026,45.928924865414714,26596000
2017-05-09,46.22896194458008,46.4932903754819,46.09803686915179,46.4660141604496,31636000
2017-05-10,46.06084442138672,46.2205326953185,45.88131855427346,46.21954138320452,23478000
2017-05-11,46.151100158691406,46.246814742650365,45.77568423051843,45.889249998693636,16700000
2017-05-12,46.2314453125,46.29194940496544,46.01472632005202,46.19722612594147,21012000
2017-05-15,46.47246170043945,46.530483722852345,46.08861206406593,46.267642258686784,22162000
2017-05-16,46.76605224609375,46.77150446216067,46.49725912908451,46.61727220432861,19390000
2017-05-17,45.606571197509766,46.584194068798965,45.533176268848834,46.40253802591105,47242000
2017-05-18,46.13325119018555,46.278557869195076,45.56342834693503,45.67501149636399,31938000
2017-05-19,46.32021713256836,46.50594059547987,46.17094141683988,46.194252386464576,27860000
2017-05-22,46.709510803222656,46.710653460516454,46.36930540397777,46.36930540397777,22408000
2017-05-23,47.054683685302734,47.185953072648104,46.74497434936121,47.01004815862627,25416000
2017-05-24,47.35918045043945,47.36562776191102,47.08840093590048,47.26098381040326,20496000
2017-05-25,48.08224868774414,48.23544045501664,47.38447471697189,47.47671971020701,33210000
2017-05-26,48.17796325683594,48.352033115627236,47.85858294012872,48.09018295157232,25040000
2017-05-30,48.396663665771484,48.412536009370214,48.07976542069124,48.12043191628102,29334000
2017-05-31,47.850154876708984,48.564788747638566,47.618059200147435,48.35401763227654,48962000
2017-06-01,47.953800201416016,48.17944854896798,47.60962574407813,48.05298437564599,28210000
2017-06-02,48.382774353027344,48.39666028793597,47.90668353460295,48.07827509701197,35020000
2017-06-05,48.783485412597656,48.943673108826715,48.35798176023156,48.42988971702663,25042000
2017-06-06,48.43088912963867,49.010133263444104,48.35997247298832,48.75770810480205,36292000
2017-06-07,48.64760971069336,48.79837239397879,48.3996454680644,48.60099155527601,29078000
2017-06-08,48.77009963989258,48.82762600618146,48.46212699384875,48.717529833708824,29638000
2017-06-09,47.104774475097656,48.82415611089649,46.40055695933459,48.82415611089649,66188000
2017-06-12,46.7610969543457,47.081218879822025,45.389011255893365,46.59545702321113,75270000
2017-06-13,47.28181457519531,47.608137842260966,46.82010532916086,47.207923993805736,40266000
2017-06-14,47.15089416503906,47.66616457988293,46.72886005961909,47.60516483227592,29794000
2017-06-15,46.73183822631836,46.78286809878085,45.84561275679961,46.318234053532365,42662000
2017-06-16,46.60635757446289,46.7184401472837,46.200441813825464,46.61726957324813,61894000
2017-06-19,47.478702545166016,47.60863631574655,47.06608970484838,47.11122088959794,30666000
2017-06-20,47.14445114135742,47.68947605994235,47.11370154737944,47.48614356574073,22520000
2017-06-21,47.58185577392578,47.61409233447384,47.15089230919052,47.29372070404128,24044000
2017-06-22,47.46482467651367,47.64484622280617,47.33885991644788,47.54467071555213,18828000
2017-06-23,47.8863525390625,47.90668578639397,47.32149008514301,47.45191950494402,30558000
2017-06-26,47.22577667236328,48.26921205658048,47.1523817446573,48.10009876197554,31968000
2017-06-27,45.988929748535156,47.02839602109029,45.965123126736366,46.7392696694128,51598000
2017-06-28,46.64158248901367,46.7536613037647,45.427051018491035,46.07175959862361,54428000
2017-06-29,45.51581954956055,46.183835271434674,45.16023740740569,46.11737952339726,65984000
2017-06-30,45.066505432128906,45.92545460557429,45.04567652856743,45.92545460557429,41804000
2017-07-03,44.569091796875,45.32488401092838,44.375180561648314,45.237603145090155,34196000
2017-07-05,45.21429443359375,45.353153803115994,44.559173332904415,44.72084801572963,36278000
2017-07-06,44.965335845947266,45.37467583495663,44.61868310159675,44.83788414167799,28490000
2017-07-07,45.55548858642578,45.701786559936785,45.07245479730073,45.07245479730073,32756000
2017-07-10,46.06183624267578,46.14019530415392,45.60508728929788,45.71320084906014,23856000
2017-07-11,46.12581253051758,46.19226449389359,45.72460355184279,46.0985363132439,22264000
2017-07-12,46.807220458984375,46.929711830124276,46.34302909007948,46.55181380469215,30642000
2017-07-13,46.97235870361328,47.33388868138214,46.766547951860424,46.92921014560263,25894000
2017-07-14,47.4102668762207,47.4558937196055,47.01426794965167,47.212390381043825,21076000
2017-07-17,47.282814025878906,47.64583100543825,47.07556547406365,47.460353483602816,23310000
2017-07-18,47.876930236816406,48.0078553097445,47.1429545086396,47.26198005394411,23080000
2017-07-19,48.149192810058594,48.25581938781351,47.808987397233174,47.99793449066225,24490000
2017-07-20,48.013309478759766,48.39765096363009,47.68401229317959,48.35301922356777,32490000
2017-07-21,48.24987030029297,48.26524320432322,47.61656946256732,47.720713982240625,34220000
2017-07-24,48.61785125732422,48.90846840583724,48.14325111901061,48.215159084320526,64966000
2017-07-25,47.14791488647461,47.594251222606374,46.88507342842856,47.30214714239577,93220000
2017-07-26,47.00409698486328,47.36116606740205,46.73029432986054,47.34529750753082,41766000
2017-07-27,46.324180603027344,47.20148045475708,45.62541908622052,47.20148045475708,64260000
2017-07-28,46.693153381347656,46.80721859474977,45.997365795406495,46.09159341588502,36928000
2017-07-31,46.14614486694336,46.7953142848592,45.924957413195145,46.7110073544564,39402000
2017-08-01,46.162506103515625,46.49066064986757,46.084646490292634,46.23937440472266,25554000
2017-08-02,46.14068603515625,46.25028655140713,45.460767066319875,46.05241007821734,36488000
2017-08-03,45.806434631347656,46.2324377859909,45.73650928828327,46.13821016066352,24050000
2017-08-04,46.020179748535156,46.13657568659563,45.77568887555165,45.96017509418737,21646000
2017-08-07,46.089603424072266,46.205651252652544,45.94777013196701,46.07472617644494,20644000
2017-08-08,45.962154388427734,46.40967882233824,45.90363292291573,45.97703163691763,21232000
2017-08-09,45.76924514770508,45.92199047122793,45.489044313451714,45.65567557547664,23842000
2017-08-10,44.992610931396484,45.58871863664696,44.93756284474605,45.50391227097352,36480000
2017-08-11,45.347198486328125,45.51531667033746,44.91028341648188,45.02880951717903,24136000
2017-08-14,45.7578239440918,45.85690973423965,45.53564899382901,45.750880976896084,21290000
2017-08-15,45.73551559448242,45.95025195688795,45.616493820648145,45.83519543145557,17668000
2017-08-16,45.970584869384766,46.25524656912988,45.79626528633623,45.887764905993784,20134000
2017-08-17,45.17809295654297,45.96562612015225,45.17809295654297,45.912068779822626,25544000
2017-08-18,45.1627197265625,45.39109231041076,44.98835095147639,45.144864757491625,26854000
2017-08-21,44.9638557434082,45.278275759497134,44.802181046807966,45.129495688827475,18868000
2017-08-22,45.85801315307617,45.916035183073326,45.20264231121982,45.26438743724027,23334000
2017-08-23,45.972564697265625,46.11787136639645,45.59367540083578,45.721130886106614,21804000
2017-08-24,45.688899993896484,46.16300827516476,45.40225565184626,46.054894712027135,25406000
2017-08-25,45.42158889770508,45.90090340781205,45.40225074548685,45.79849557608863,21068000
2017-08-28,45.31843566894531,45.58797417160191,45.22222542938845,45.42704487637334,21730000
2017-08-29,45.689395904541016,45.790566499517,44.88152946387787,44.88648980831908,23712000
2017-08-30,46.10002136230469,46.16196323141254,45.60805815975871,45.62789575182593,26024000
2017-08-31,46.58404541015625,46.715466143844246,46.208629488659824,46.208629488659824,31652000
2017-09-01,46.48535919189453,46.740266391969044,46.3767499805404,46.673314989951585,18948000
2017-09-05,46.04447937011719,46.46849609283367,45.72262076416533,46.274092980264534,26528000
2017-09-06,46.012733459472656,46.16671977739145,45.589212438876054,46.1287812838593,30554000
2017-09-07,46.416419982910156,46.43923150919963,45.804939407906915,46.2071358638772,24254000
2017-09-08,45.94777297973633,46.46799994109189,45.86743129720892,46.44320578805421,20230000
2017-09-11,46.075721740722656,46.53693537790275,45.96860327773993,46.33211970066842,25340000
2017-09-12,46.224002838134766,46.293928173618866,45.81689519666066,46.249792085830215,22688000
2017-09-13,46.373779296875,46.48089776398216,46.11440739059606,46.15408257854723,22052000
2017-09-14,45.878841400146484,46.25872204899312,45.82379330739771,46.183340706506776,27952000
2017-09-15,45.63979721069336,45.94727419980019,45.44489845740618,45.85651996291203,50108000
2017-09-18,45.37744903564453,45.72856643702262,45.159239326786924,45.625908894008255,26138000
2017-09-19,45.71518325805664,45.74543341226079,45.25595224289468,45.497469171369865,18734000
2017-09-20,46.19969940185547,46.31376460590626,45.72459987364221,45.7732006480487,33396000
2017-09-21,46.24284744262695,46.445184817780614,45.81535738158462,46.27012365740121,25812000
2017-09-22,46.04844665527344,46.35592368216525,45.94678419006017,46.00976656364832,21054000
2017-09-25,45.673519134521484,45.94280789968092,45.114608357645444,45.89569409504195,37136000
2017-09-26,45.86643981933594,46.16201351598627,45.68195361399571,45.809904761599036,33338000
2017-09-27,46.839942932128906,47.10824039373231,46.00926508404374,46.00926508404374,44788000
2017-09-28,47.08840560913086,47.14742273020716,46.64455130368528,46.68472214446405,20406000
2017-09-29,47.564998626708984,47.59852162469261,47.18809191743825,47.21239041552525,31620000
2017-10-02,47.27537155151367,47.735094394791275,47.00607899145674,47.60813835022171,25668000
2017-10-03,47.49953079223633,47.509947136124325,47.07055374138646,47.31157499892712,17766000
2017-10-04,47.1965217590332,47.62847655972026,47.14742532325909,47.46035456317381,19048000
2017-10-05,48.10308074951172,48.15019456129017,47.370096234029766,47.385472923000826,24276000
2017-10-06,48.54594039916992,48.574207927547576,47.7757628139854,47.94140273599276,23478000
2017-10-09,48.45220947265625,48.87003238228844,48.40807338303432,48.60098952547351,17828000
2017-10-10,48.23400115966797,48.67884676094428,47.91065560473118,48.6009871460472,19368000
2017-10-11,49.05972671508789,49.13213033641604,48.216646023448995,48.28954908447276,33866000
2017-10-12,48.98929977416992,49.30124147030181,48.84895344225628,48.97045727739344,25248000
2017-10-13,49.08104705810547,49.45448035660158,49.04732353064774,49.19609979264319,23396000
2017-10-16,49.196102142333984,49.29067785562854,48.79936164109669,49.2010624863942,18210000
2017-10-17,49.20502853393555,49.416291504299714,49.026989650948124,49.111296576688765,25804000
2017-10-18,49.23626708984375,49.4301745210504,48.94689480280041,49.18469238214647,21152000
2017-10-19,48.821678161621094,49.041374867706196,48.521144115907845,48.89854646922163,26272000
2017-10-20,49.007652282714844,49.146511651848044,48.82812641495921,49.06914768670727,23664000
2017-10-23,48.028194427490234,49.07311685864611,47.91264224369154,49.07311685864611,29568000
2017-10-24,48.1318359375,48.21564720245976,47.6587190577039,48.105055379810274,24244000
2017-10-25,48.27020263671875,48.407079369600105,47.63491918689072,48.0242210423445,24226000
2017-10-26,48.23201370239258,48.977892754268616,48.214162518842635,48.60098608845096,40842000
2017-10-27,50.548500061035156,51.99264119422451,49.99950614726325,50.04860257947828,103354000
2017-10-30,50.441375732421875,50.8311770214687,49.964789238451225,50.2871434741357,41702000
2017-10-31,50.41807556152344,50.78307896642471,50.10960721841439,50.34765456232139,26614000
2017-11-01,50.85746383666992,51.06426590860071,50.433443348991,50.44633797293926,27468000
2017-11-02,50.861427307128906,50.98590507075747,50.23804717696837,50.67198455363735,20980000
2017-11-03,51.203617095947266,51.212047031395784,50.60007079744204,50.68933806271887,21528000
2017-11-06,50.87729263305664,51.32214198091434,50.832660893294374,51.030537353627295,22504000
2017-11-07,51.24577713012695,51.27751803566945,50.83911593251078,50.94524308229758,22246000
2017-11-08,51.569122314453125,51.751228617006845,51.00376416069907,51.10642171733501,21774000
2017-11-09,51.14311599731445,51.27850576291523,50.5681360982137,51.27850576291523,24904000
2017-11-10,50.98491668701172,51.11832005009524,50.84655297992109,50.90507444503009,14400000
2017-11-13,50.86986541748047,51.1589918297182,50.71216354138194,50.75431701071049,17716000
2017-11-14,50.882259368896484,50.922430209909315,50.29458535306222,50.713149852171576,19184000
2017-11-15,50.62984085083008,50.787542731986264,50.35757430413818,50.545530125834794,17080000
2017-11-16,51.204612731933594,51.37422168537237,50.709675591386016,50.709675591386016,22594000
2017-11-17,50.53956985473633,51.29983051661821,50.473117895363444,51.279497268900286,27942000
2017-11-20,50.50436019897461,50.7141399915349,50.460719766693565,50.597596503142256,19070000
2017-11-21,51.30330276489258,51.3340523578883,50.716374117879546,50.74885661521783,21940000
2017-11-22,51.37620544433594,51.561978085575326,51.151548397426026,51.32859597887401,14926000
2017-11-24,51.606807708740234,51.73416481952488,51.328593338178585,51.371738113409634,10740000
2017-11-27,52.28126907348633,52.34326012632919,51.499192009117436,51.57655596526234,26158000
2017-11-28,51.94403839111328,52.68619813241975,51.57655675606536,52.3249140892977,28488000
2017-11-29,50.667022705078125,51.77889260892789,50.368970756360994,51.70946293341364,49188000
2017-11-30,50.65462875366211,51.0057461975868,50.33673918280228,50.702238219247995,34480000
2017-12-01,50.09720230102539,50.70818725814724,49.69302319590078,50.37641176793388,38192000
2017-12-04,49.527381896972656,50.39129145942853,49.373149628068326,50.22069119024747,38128000
2017-12-05,49.84824752807617,50.61495172634546,49.01161799391949,49.39149860906102,41346000
2017-12-06,50.50436019897461,50.831179135955715,49.64938003583227,49.6672350037475,25440000
2017-12-07,51.12675476074219,51.2909077194901,50.48903839367694,50.60602835528776,29164000
2017-12-08,51.430267333984375,51.67823159041325,51.20570863923564,51.452087552899556,25816000
2017-12-11,51.63111114501953,51.76501016149459,51.182296503908695,51.35339242425123,23856000
2017-12-12,51.600364685058594,52.08786322770851,51.26363260750578,51.558211218357286,25590000
2017-12-13,51.606807708740234,51.907092014750695,51.496215878938564,51.880065519137666,25654000
2017-12-14,52.03033447265625,52.49402636876479,51.73079174768138,51.82452370915322,31174000
2017-12-15,52.77621078491211,52.94631539896615,52.04769099059219,52.30111122370112,65518000
2017-12-18,53.41843795776367,53.48538936098701,52.667602280462226,52.86994345828521,31092000
2017-12-19,53.09806823730469,53.40355883388289,52.74447252003172,53.32222584076863,26774000
2017-12-20,52.81390380859375,53.23196887566235,52.64379919305005,53.152622287901174,25372000
2017-12-21,52.74843978881836,53.03111886777803,52.65738663687066,52.81390422409777,19914000
2017-12-22,52.57436752319336,52.77670490879061,52.54064399498819,52.623463955594396,15102000
2017-12-26,52.40674591064453,52.574368458960215,52.08240524686598,52.47270221650519,15212000
2017-12-27,52.04124069213867,52.48757704263091,51.975780045337785,52.43897626763771,25438000
2017-12-28,51.980247497558594,52.308053972279914,51.81311682047244,52.151839079025,16742000
2017-12-29,51.893951416015625,52.05760870852171,51.819561393637066,51.9098199757967,17750000
2018-01-02,52.816383361816406,52.912593608453186,51.835934053937585,51.99016632873919,24752000
2018-01-03,53.683258056640625,53.87220514275243,52.727603060009315,52.782155486769696,28604000
2018-01-04,53.87767028808594,54.23325243434783,53.75874688563265,53.95702066180139,20092000
2018-01-05,54.6627197265625,54.76289899585641,54.1553836355472,54.2545715928135,25582000
2018-01-08,54.896305084228516,55.11104144153555,54.63247229367596,54.66272244655804,20952000
2018-01-09,54.86258316040039,55.076328211883414,54.6131811421756,55.018306184614204,18050000
2018-01-10,54.68157196044922,54.78026048881455,54.35921768559047,54.408314121739245,20856000
2018-01-11,54.82588195800781,54.875719981555676,54.531795242377626,54.864562045673296,19566000
2018-01-12,55.656063079833984,55.75673800426325,54.60915813150616,54.671644841403534,34410000
2018-01-16,55.63126754760742,56.531375054846734,55.43646717344985,56.16438908435697,31506000
2018-01-17,56.13811111450195,56.16886070829203,55.39570536262315,55.8524580958765,24052000
2018-01-18,56.02949905395508,56.164393167665644,55.42000482935916,56.109840734941564,23964000
2018-01-19,56.412357330322266,56.42971664236629,55.95560840442463,56.13066957479361,35564000
2018-01-22,57.319908142089844,57.521749875687924,56.29333637816946,56.411366837427735,32360000
2018-01-23,58.02214431762695,58.104317280321986,57.46571175418556,57.52026418885436,26662000
2018-01-24,57.737972259521484,58.512610697344996,57.579770972181436,58.387141624124794,28332000
2018-01-25,58.0419807434082,58.31821250355369,57.66457839640763,58.14909920275428,29610000
2018-01-26,58.31324768066406,58.31324768066406,57.43396528251787,58.2755589062798,40376000
2018-01-29,58.30035400390625,58.86125121018683,58.12181946550946,58.34498953032228,27578000
2018-01-30,57.71070098876953,58.3469757846306,57.70226726879228,57.91601231542971,31126000
2018-01-31,58.020652770996094,58.1724067505383,57.48455349884701,58.05189423427225,30774000
2018-02-01,57.90956497192383,58.222002325205416,57.404710916438994,57.657139835998365,48242000
2018-02-02,55.14228820800781,55.69623870893562,54.91306809389299,55.643173242287766,97158000
2018-02-05,52.36012649536133,55.04805777788504,52.17316201513916,54.08595537713037,75966000
2018-02-06,53.590030670166016,53.64507876205625,50.74027695501052,50.94078307457471,68960000
2018-02-07,52.002071380615234,53.64855384547301,51.98619903524244,53.636650532351965,47384000
2018-02-08,49.66822814941406,52.49997924825062,49.625579027614855,52.34078663375631,57182000
2018-02-09,51.46646499633789,51.773446355570556,49.223874868055326,50.448323145359524,70118000
2018-02-12,52.168697357177734,52.642805589817705,51.62257900615778,51.97330294075386,41154000
2018-02-13,52.176631927490234,52.487578521732765,51.779244435094036,51.824523180966615,25302000
2018-02-14,53.049468994140625,53.14964448669473,51.911314064574164,52.02041514962469,31116000
2018-02-15,54.03240203857422,54.129554410652176,52.783651449307214,53.51415389603849,36868000
2018-02-16,54.29425048828125,54.78373164536851,53.97253944425445,53.97735222664125,33590000
2018-02-20,54.67413330078125,55.24395238029003,53.982806595696644,54.08447284403763,28462000
2018-02-21,55.11451721191406,56.236803608048405,54.866057315027334,54.873000283501405,30258000
2018-02-22,54.88093185424805,55.683837877295886,54.680577090512735,55.3550400949493,26344000
2018-02-23,55.88072204589844,55.905020542104815,54.78590869027769,55.17898283756641,25220000
2018-02-26,56.72182083129883,56.732237175963256,55.87601591472748,55.93081428733008,31182000
2018-02-27,55.45918655395508,56.73620086230676,55.44480496115473,56.5973414948317,35482000
2018-02-28,54.786705017089844,55.91742131015473,54.712810646771025,55.69425501470442,37652000
2018-03-01,53.0405387878418,55.05400698834549,52.915614556464234,54.94242384912764,50318000
2018-03-02,53.506717681884766,53.659413809024926,51.97901103453732,52.22523860016163,45432000
2018-03-05,54.102325439453125,54.408311699550765,53.01475391704429,53.31925320900479,24044000
2018-03-06,54.30714416503906,54.64388003707292,54.04504804387165,54.51345060067265,30656000
2018-03-07,55.03020477294922,55.15815592147393,53.83214357525849,54.01603196776667,25850000
2018-03-08,55.84154510498047,55.92089547652329,55.186919674288056,55.31189310419743,27102000
2018-03-09,57.52968978881836,57.56738235334018,56.16197032475095,56.33747798364565,42560000
2018-03-12,57.75087356567383,58.37326626821569,57.39975608924168,57.7186407853451,43446000
2018-03-13,56.445091247558594,58.358879785405385,56.20506129334194,58.0236308991782,38144000
2018-03-14,57.00647735595703,57.45777405525167,56.6072548079786,56.79422306978856,25828000
2018-03-15,57.01094436645508,57.581262855892895,56.26506904744826,57.02979064693706,27908000
2018-03-16,56.32408905029297,57.32338471925121,56.137124542376185,57.23709515419778,61840000
2018-03-19,54.54320526123047,55.642676301174035,54.00710595782781,55.54448343424784,56118000
2018-03-20,54.438560485839844,54.81000736153272,53.731860973268404,54.502534162389324,36638000
2018-03-21,54.0998420715332,54.864563658955035,53.81567603519843,54.19208706468725,37578000
2018-03-22,52.02686309814453,53.70409507938828,51.86965688908606,53.6535116764447,53340000
2018-03-23,50.662567138671875,52.735052784981654,50.64521160848543,51.92520371563223,43134000
2018-03-26,52.231685638427734,52.35170251598138,50.00942861569462,51.8741208534513,53302000
2018-03-27,49.84577560424805,52.80840285171861,49.440105689531585,52.71720213145666,61906000
2018-03-28,49.81898880004883,50.79447769612286,48.632728800154666,49.49366061601539,67386000
2018-03-29,51.169403076171875,51.725339970366576,49.73666578331514,50.169611874398925,54536000
2018-04-02,49.91371536254883,51.318680838941134,49.11527020606637,50.724555704139455,53608000
2018-04-03,50.25788116455078,50.63379270852653,49.29875280348519,50.2826753141167,45502000
2018-04-04,50.8396110534668,51.017055918464344,49.245698497426226,49.26603174627473,49694000
2018-04-05,50.97201919555664,51.71492053013625,50.591196467691354,51.642516916421094,27260000
2018-04-06,49.94198226928711,51.151053861914654,49.743114466736344,50.58470439165194,34928000
2018-04-09,50.35905456542969,51.55672225043239,50.2911118518317,50.426005966950896,35032000
2018-04-10,51.161964416503906,51.39207367841291,50.15523024724695,50.90407949825418,39490000
2018-04-11,50.58321762084961,51.14827687412615,50.379885129396506,50.980953227502944,29678000
2018-04-12,51.205108642578125,51.6107785123278,50.65586878665414,50.83464926937182,27140000
2018-04-13,51.044429779052734,51.8949452752746,50.73248808249415,51.62020048354793,24460000
2018-04-16,51.476383209228516,51.737242076889636,50.91896310277536,51.4277824295362,24224000
2018-04-17,53.270652770996094,53.45513897929449,51.986196064859506,52.140432119640685,46406000
2018-04-18,53.167503356933594,53.432823140128235,52.87713591512839,53.432823140128235,26882000
2018-04-19,53.942138671875,54.26275625000737,52.97408834498124,53.0345924363206,34954000
2018-04-20,53.21113967895508,54.17274646081307,53.04302147216183,53.65945868070433,37794000
2018-04-23,52.937889099121094,53.69517213056917,52.60313584813888,53.45415084927954,46826000
2018-04-24,50.583702087402344,52.41962684248022,50.118023867924656,52.17166265915036,95206000
2018-04-25,50.64321517944336,51.20411235675452,50.352106203470505,50.858450953331655,47822000
2018-04-26,51.57854461669922,51.972311194721925,50.49494209713969,51.056331230336866,41590000
2018-04-27,51.08311080932617,52.04769153437944,50.861927134957554,51.87411732620159,32396000
2018-04-30,50.452293395996094,51.42778236469324,50.42848677042673,51.08112959482045,33426000
2018-05-01,51.44315719604492,51.50068356637027,50.00000354111885,50.270283647526455,28558000
2018-05-02,50.801918029785156,51.59584922610736,50.72703235290112,50.98640043851152,32062000
2018-05-03,50.769195556640625,51.06451956934067,49.90479023439242,50.535117233325686,36302000
2018-05-04,51.98371887207031,51.9985961211157,50.43096843291969,50.43096843291969,38774000
2018-05-07,52.310035705566406,52.65173189455311,51.928668115705754,52.03429960541476,29322000
2018-05-08,52.266395568847656,52.59569279158673,51.930900753833946,52.496009173718775,24354000
2018-05-09,53.6971549987793,53.83006271743858,52.38814999163492,52.474193617052144,40656000
2018-05-10,54.431617736816406,54.57394668171976,53.839974735365125,53.859312886663766,28860000
2018-05-11,54.46583938598633,54.618092819279425,54.10133543461563,54.234738803180434,25074000
2018-05-14,54.56204605102539,55.085250713734084,54.507993058846736,54.552129146888454,30362000
2018-05-15,53.52208709716797,54.05868207049802,53.23643408136273,54.05620379023056,29898000
2018-05-16,53.64805221557617,54.01999854830147,53.37479440210212,53.426868553482514,21946000
2018-05-17,53.49034118652344,53.90096756575298,53.23791230231326,53.55481051559079,20876000
2018-05-18,52.88383102416992,53.061374270377094,52.60214324953695,52.660660934428265,31304000
2018-05-21,53.53944396972656,53.957017149408486,53.24535724714782,53.265690495316235,20464000
2018-05-22,53.05095672607422,53.88709065460476,52.90019404539061,53.736827413610214,21800000
2018-05-23,53.54490280151367,53.59895958081136,52.65322133839842,52.82283030078223,21214000
2018-05-24,53.5225830078125,53.58357896744218,52.87340983136544,53.51067969604555,15336000
2018-05-25,53.34504699707031,53.68723509579156,53.25156474544098,53.511678249822815,17988000
2018-05-29,52.58428192138672,53.23146867119718,52.331361147352204,52.81092157618532,37302000
2018-05-30,52.95524215698242,53.02516749711161,52.41120855729544,52.71868557507577,22770000
2018-05-31,53.807743072509766,54.41277640829524,52.94333784662856,52.94333784662856,61766000
2018-06-01,55.519187927246094,55.54398586295985,54.477738949042354,54.519892412848726,48432000
2018-06-04,56.50063705444336,56.62957952056136,55.64342448251457,55.65954276373358,37792000
2018-06-05,56.518978118896484,56.82040127760483,56.19811086789413,56.58493441717809,33560000
2018-06-06,56.38111877441406,56.68462676193841,55.82880279656841,56.64346460730246,33964000
2018-06-07,55.735416412353516,56.32854642376464,55.37140434943119,56.105380131340134,30400000
2018-06-08,55.587135314941406,55.874774745429356,55.15468485707895,55.45373194433627,25816000
2018-06-11,56.0394172668457,56.3999559360272,55.47455481198969,55.47455481198969,21586000
2018-06-12,56.50212097167969,56.52542815640921,56.076367568807896,56.09298150519545,18240000
2018-06-13,56.2774658203125,56.85820067028018,56.20754048013651,56.59139015065513,30128000
2018-06-14,57.13690948486328,57.30304506710862,56.567586087371744,56.72677870135499,26868000
2018-06-15,57.14384460449219,57.201374750500634,56.70867000776994,56.9752307651814,42450000
2018-06-18,58.19522476196289,58.23737822946196,56.71388660852097,56.71686054492293,28274000
2018-06-19,57.92741775512695,58.08661036201132,57.23063889613096,57.45330952663322,32420000
2018-06-20,58.01569366455078,58.831297541127874,57.98197013686288,58.28696507048725,32970000
2018-06-21,57.41165542602539,58.38541147377951,57.142465001042815,58.26415735479297,24762000
2018-06-22,57.30353546142578,57.65153137657707,56.89588299557332,57.485047715297014,26220000
2018-06-25,55.782527923583984,56.72974927091745,55.18592456086128,56.714376367170985,43146000
2018-06-26,55.467620849609375,56.199114650238684,55.378304378595125,55.94073783194584,31264000
2018-06-27,54.749507904052734,56.13096551580588,54.73165293691955,55.610439685457784,25878000
2018-06-28,55.25733947753906,55.658548447409814,54.35425417465999,54.65577952620321,21448000
2018-06-29,55.3282585144043,55.95198676092589,55.296021954520015,55.54398617853132,26302000
2018-07-02,55.91395568847656,55.94073625121379,54.24465790753888,54.502542846087096,24346000
2018-07-03,54.69544982910156,56.32854174066902,54.55311710232953,56.32854174066902,13580000
2018-07-05,55.75575256347656,55.915936494980464,54.972680307811345,55.0743465549653,21334000
2018-07-06,56.544273376464844,56.58196593651705,55.580536440506464,55.721529770940656,19922000
2018-07-09,57.232627868652344,57.26337746364348,56.70545790181091,56.95639608798075,18180000
2018-07-10,57.1726188659668,57.50737211321438,57.01144361870486,57.377933989151494,15968000
2018-07-11,57.22518539428711,57.74045579696599,56.58543721905249,56.763476113475136,22400000
2018-07-12,58.69214630126953,58.73826880230485,57.32611057290289,57.52225038678065,25038000
2018-07-13,58.95696258544922,59.28412580391863,58.519551855070645,58.767516057846365,24438000
2018-07-16,58.71098327636719,59.06507462789759,58.483847967036404,58.98523239142813,21114000
2018-07-17,59.451900482177734,59.66217592822952,58.05338242197082,58.13372410116944,32208000
2018-07-18,59.30709457397461,59.734584687197376,59.03234976867865,59.340818104555524,27872000
2018-07-19,58.864723205566406,59.51141433173829,58.68420603575597,59.065077967523486,25534000
2018-07-20,58.7630615234375,59.355695919121494,58.72884233646579,58.86472777221347,24948000
2018-07-23,59.7841796875,59.83327612264097,58.56915264314776,58.56964829920536,52384000
2018-07-24,61.895843505859375,62.78454728624494,61.27494156926667,62.61543775646461,66364000
2018-07-25,62.67048645019531,62.77760491855751,61.45198975190724,61.45198975190724,42556000
2018-07-26,62.90009307861328,62.97155457014934,61.94245536443018,62.040648228746576,48112000
2018-07-27,61.42074203491211,63.17583366762427,61.048795671619985,63.032509609177964,42612000
2018-07-30,60.49037551879883,61.242997027564364,60.08024475407948,60.900510067151934,36998000
2018-07-31,60.36738204956055,60.87957631221709,59.789129328063325,60.50376312229736,32894000
2018-08-01,60.50376510620117,61.171285116865434,60.017757355682114,60.900013714131184,31344000
2018-08-02,60.80826950073242,60.99325136856994,59.748965480718724,59.80401357225417,30626000
2018-08-03,60.687259674072266,60.99919757033487,60.25827885312154,60.98035129090539,21792000
2018-08-06,60.73981857299805,60.80518462102785,60.29482168281319,60.75122622724729,21634000
2018-08-07,61.605224609375,62.04907891188632,61.30518622924351,61.346348381823624,29880000
2018-08-08,61.773345947265625,62.31341430218697,61.39634086836079,61.518438738677816,27406000
2018-08-09,61.9464225769043,62.265897470858924,61.79317784533304,61.98609397610741,16972000
2018-08-10,61.37660598754883,61.77756525715195,61.098387807157245,61.64391216728424,22174000
2018-08-13,61.24766540527344,61.955008249029405,61.1797718734445,61.34536262358347,19946000
2018-08-14,61.599273681640625,61.78623816657876,60.756692467503754,61.25658617677698,26962000
2018-08-15,60.22456359863281,61.25906966580273,59.98304289104563,60.962504651133344,36576000
2018-08-16,59.83327102661133,60.800825621353134,59.63787283117078,60.73784325469544,26864000
2018-08-17,59.559024810791016,59.95874302945237,58.928202234136435,59.61209027609643,27792000
2018-08-20,59.896751403808594,60.0569353266511,59.24490317980939,59.76037032154154,17416000
2018-08-21,59.591758728027344,60.367388563047655,59.52897310546726,59.908161337462346,24112000
2018-08-22,59.87493133544922,60.09859328401325,59.4618228393474,59.51141492839429,17748000
2018-08-23,59.778228759765625,60.566753235245564,59.7216936994375,59.86550963057603,19852000
2018-08-24,60.53550338745117,60.585095472388076,59.82677206907505,59.94882073649014,18932000
2018-08-27,61.58538818359375,61.648370553740484,60.78674630411323,60.88017936000675,23126000
2018-08-28,61.05622863769531,61.621340818621455,60.93423293578913,61.55910004399264,26080000
2018-08-29,61.95634078979492,62.02378784531575,61.314560830328794,61.3686667931891,25978000
2018-08-30,61.45149230957031,62.17133248236509,61.127651066215456,61.70490877126185,26628000
2018-08-31,60.413509368896484,61.428673476610264,60.071071583516336,61.246173679471696,36328000
2018-09-04,59.362632751464844,60.15562562631229,59.139466466929925,59.72317520938986,36620000
2018-09-05,58.840919494628906,59.46231701948443,57.626883845199345,59.20393645300352,41226000
2018-09-06,58.09504699707031,58.83199678069184,57.13096186891652,58.83199678069184,37770000
2018-09-07,57.76723861694336,58.28449166402753,57.389586532679346,57.46174421811796,28026000
2018-09-10,57.7578125,58.24878441558279,57.53315923103275,58.13224092100209,22308000
2018-09-11,58.38863754272461,58.454098197365404,57.341236799398615,57.608542985692054,24186000
2018-09-12,57.66755294799805,58.45062517922276,57.44636927510514,58.158524855383334,25910000
2018-09-13,58.2879638671875,58.45062987061282,57.66904832842902,58.06033286378979,28624000
2018-09-14,58.14910125732422,58.54063927440975,57.94081220376361,58.474928902144775,18880000
2018-09-17,57.33180618286133,58.38267634701187,57.23162691751623,58.03056762577153,26130000
2018-09-18,57.588199615478516,58.32514926265175,57.38338018336817,57.38338018336817,24072000
2018-09-19,58.07768630981445,58.18282214393477,57.25890794210161,57.77467399198505,23828000
2018-09-20,58.86025619506836,59.01002755050362,58.1902579109696,58.51905946105751,24508000
2018-09-21,57.8297233581543,59.12508827571757,57.82724129428608,59.11467193146576,88112000
2018-09-24,58.190757751464844,58.420375144878854,56.878532960088215,57.38735605344126,25420000
2018-09-25,58.750160217285156,58.860755830004884,57.924442702872675,58.328621804397116,19554000
2018-09-26,58.54385757446289,59.22525973253663,58.259937486176376,58.774958136470005,29246000
2018-09-27,59.24559783935547,59.6155615716773,58.69958161710794,58.85331823371359,25216000
2018-09-28,59.18757247924805,59.28378271913108,58.742723087887015,59.10822211151063,27612000
2018-10-01,59.27882385253906,60.0023832937971,59.03036396659257,59.505959177942295,27152000
2018-10-02,59.51687240600586,60.005362251694514,58.84836104026377,59.06309740187526,33758000
2018-10-03,59.657718658447266,59.82931025430259,59.20543437378413,59.75938491014254,25124000
2018-10-04,57.93386459350586,59.38792638709364,57.30830129428352,59.279812836874214,44190000
2018-10-05,57.39628219604492,58.197205621508964,56.78976188470233,57.899649294069235,23686000
2018-10-08,56.980690002441406,57.924441737679835,55.90918387783392,57.03722505607543,38648000
2018-10-09,56.477325439453125,57.247499232401545,56.41543275787944,56.8408380560439,26174000
2018-10-10,53.62078094482422,56.14753720354093,53.616316256580696,56.09348042308732,53514000
2018-10-11,53.52655029296875,54.86952465701237,52.978551462052536,53.210147692498296,58980000
2018-10-12,55.05202865600586,55.29602385656508,53.87776651822375,54.948875444461734,42026000
2018-10-15,54.16778564453125,55.218954816186354,54.0066104074203,54.99400264596253,27448000
2018-10-16,55.60746765136719,55.75326998847796,54.67611478548349,54.779763655934055,38570000
2018-10-17,55.330238342285156,55.98982405289384,54.660735728016064,55.86435497914985,29344000
2018-10-18,53.955528259277344,55.6352385005462,53.41595935560233,55.6352385005462,41890000
2018-10-19,54.37657165527344,55.065911885154065,53.94461689373827,54.22332692180494,25352000
2018-10-22,54.60965347290039,55.1586473629243,54.10579076491474,54.7038810850299,30284000
2018-10-23,54.73512649536133,54.9434155277757,53.0643419810724,53.60440649732546,36974000
2018-10-24,52.10770034790039,54.85564020816839,52.010003134561025,54.76290333899416,39648000
2018-10-25,54.332435607910156,55.096661570425574,53.0420310159667,53.15311851019615,50916000
2018-10-26,53.13725280761719,54.87597650207533,51.28346879704052,51.42927492469403,83752000
2018-10-29,50.58867263793945,54.40533769408766,49.38604459267788,53.682769554840554,77614000
2018-10-30,51.38860321044922,51.45208123503546,49.630038316651614,50.01240099952768,64254000
2018-10-31,53.40009307861328,54.15241575170922,52.419639970125125,52.55899878188693,50596000
2018-11-01,53.06434631347656,53.75740589657211,52.690417336617706,53.35198573427597,29640000
2018-11-02,52.45882034301758,53.707816902929544,52.30111468689698,53.249331247929184,36780000
2018-11-05,51.581024169921875,52.49253940177348,50.64619796989362,52.3204521668099,48828000
2018-11-06,52.36062240600586,52.783897520430145,51.48084430503005,51.550769641489104,24666000
2018-11-07,54.22431945800781,54.32697701077889,52.86101187132725,53.01475226428565,41168000
2018-11-08,53.67929458618164,54.21837159827137,53.173695166128255,54.124639637656955,29764000
2018-11-09,52.873409271240234,53.340078868974054,52.226718165381826,53.26221925456039,26864000
2018-11-12,51.50861358642578,52.67354897459931,51.130219955298685,52.63734716811759,29436000
2018-11-13,51.38066864013672,52.40004769070504,51.13766097583144,51.739720353024246,30274000
2018-11-14,51.7580680847168,52.29882882006277,51.130223232378064,52.07248805873916,31318000
2018-11-15,52.801998138427734,53.15608950670094,51.168906121821635,51.810141242080974,36722000
2018-11-16,52.642311096191406,52.915565134875564,52.02190486554782,52.53915788576983,33162000
2018-11-19,50.58470153808594,52.607594851656664,50.39922402669133,52.429555964268125,37172000
2018-11-20,50.870357513427734,51.16692631350633,49.39546671169983,49.59284754650501,48982000
2018-11-21,51.458038330078125,52.00108064775685,51.2527232028066,51.41588486124184,30686000
2018-11-23,50.77711868286133,51.45703762798213,50.70367078880076,51.08062663000552,13830000
2018-11-26,52.004051208496094,52.0382703941534,51.274540092946765,51.49473245567482,38856000
2018-11-27,51.795265197753906,52.44840364509692,51.50167412696582,51.6261518979286,36064000
2018-11-28,53.869239807128906,53.89948996121271,51.36628643881466,52.01099497601989,49508000
2018-11-29,53.97189712524414,54.26672545495241,53.361903432997586,53.3658724650792,29378000
2018-11-30,54.27589797973633,54.33243303628308,53.455136996845994,54.01007878567315,51604000
2018-12-03,54.87101364135742,55.77459463488354,54.733890960488374,55.699712733802464,39824000
2018-12-04,52.113155364990234,54.77133224225548,52.07149755551058,54.70685912022703,46904000
2018-12-06,53.001365661621094,53.12386081500317,51.118822308104576,51.291900865519544,55384000
2018-12-07,51.406951904296875,53.32520513259953,51.00624236658364,52.56891345936279,42024000
2018-12-10,51.55424499511719,51.99562103062541,50.74786557550348,51.33107491348792,36154000
2018-12-11,52.15928268432617,52.59817669256704,51.56863088908438,52.39435231435417,27894000
2018-12-12,52.75092315673828,53.64210904158101,52.70678706199865,52.96516766840029,30476000
2018-12-13,52.66264343261719,53.54836940636292,52.26738612637547,52.96862968268251,26596000
2018-12-14,51.68070602416992,52.69736091331033,51.61574102835104,52.07149866209379,33732000
2018-12-17,50.41261672973633,52.22870805923518,49.98463097445126,51.453074448518876,47708000
2018-12-18,51.01665496826172,52.046696266263666,50.65611251507182,50.88672120412073,43850000
2018-12-19,50.73397445678711,52.66759660888372,49.99206445193099,51.27850364921932,49586000
2018-12-20,50.059513092041016,51.289909147930175,49.41232633306766,50.49196350459449,53470000
2018-12-21,48.578182220458984,50.78407125394924,48.288064497510184,50.35162077799905,91920000
2018-12-24,48.41353225708008,49.768406238968986,48.1105199169861,48.298475726519825,31806000
2018-12-26,51.54977798461914,51.57655854455349,48.74976790700744,49.04781987483286,47466000
2018-12-27,51.76898193359375,51.769477589647515,49.44406748525013,50.443363060517164,42196000
2018-12-28,51.43174362182617,52.34821911138639,51.23436281312714,52.053636758119374,28296000
2018-12-31,51.35884475708008,52.20638629700766,50.762740818130816,52.120096744416216,29866000
2019-01-02,51.866676330566406,52.187543610726614,50.371948017107485,50.414597137219346,30652000
2019-01-03,50.389312744140625,52.4186498124328,50.29062042968441,51.626156278473374,36822000
2019-01-04,53.09955596923828,53.106003281401485,50.95258210072054,51.20907842634028,41878000
2019-01-07,52.98450469970703,53.2627228951254,52.30855465306493,53.13874076724272,39638000
2019-01-08,53.37578201293945,53.78641218870945,52.59469628183222,53.367352077516195,35298000
2019-01-09,53.29545211791992,53.69070566646549,52.88581319267453,53.64210488695228,23986000
2019-01-10,53.08070755004883,53.12137404555239,52.45484912483147,52.948295503468735,29128000
2019-01-11,52.42906188964844,52.75563111444696,51.99710711007343,52.726122553728125,30416000
2019-01-14,51.80915069580078,52.148364821023996,51.638800149138376,51.91974252949457,22886000
2019-01-15,53.4189338684082,53.56275358019409,51.94057347569189,52.080919811470324,29272000
2019-01-16,53.60837936401367,54.17398723149762,53.527542025305586,53.56027424235046,26636000
2019-01-17,54.051239013671875,54.14546662698431,53.2379166838287,53.53398601974654,24854000
2019-01-18,54.46583938598633,54.96633092796307,54.100835994923905,54.55213272726654,39112000
2019-01-22,53.09013748168945,54.13109089400418,52.74050698947386,53.95702102381317,32270000
2019-01-23,53.340576171875,53.80476372022906,52.556016996793645,53.42885213260834,19340000
2019-01-24,53.25775909423828,53.534240583581735,52.60313365284739,53.38571024617029,27226000
2019-01-25,54.10529327392578,54.25456896679698,53.65052701145479,53.80823263978633,22382000
2019-01-28,53.068321228027344,53.70906079176843,52.75687514783729,53.56573672153009,25686000
2019-01-29,52.59916687011719,53.319752434337204,52.36335565285868,53.19725727743546,20436000
2019-01-30,54.009586334228516,54.10579658072613,52.908128843739085,52.98648790481214,25596000
2019-01-31,55.36396789550781,55.41157736225452,54.324501474867084,54.70091252070904,30766000
2019-02-01,55.08525085449219,55.79195040642711,54.7946375103884,55.16707950245767,29244000
2019-02-04,56.178775787353516,56.178775787353516,54.99945871741925,55.179975891289885,51530000
2019-02-05,56.83290481567383,56.87555393656033,55.407507781943465,55.78401718749844,71044000
2019-02-06,55.307430267333984,56.88299215039271,55.18543077798479,56.51451918581757,42112000
2019-02-07,54.4881591796875,54.7921628237099,53.85783223445465,54.758439293532405,40896000
2019-02-08,54.30714416503906,54.498077695123385,53.885110044739726,53.90742591895326,21516000
2019-02-11,54.304664611816406,54.84696153084543,54.198041803983706,54.40087485871385,21304000
2019-02-12,55.611934661865234,55.806587505987196,54.84225266204667,54.88936647487967,32182000
2019-02-13,55.551918029785156,56.27448611019131,55.469593729398305,55.79145230724129,20996000
2019-02-14,55.62680435180664,55.95213252545686,55.070125897544635,55.447278501541405,18952000
2019-02-15,55.22907257080078,56.12273663537167,55.08029630114308,56.043885704325504,28996000
2019-02-19,55.47257614135742,55.637720412105004,55.04805998012439,55.04805998012439,20928000
2019-02-20,55.236507415771484,55.71309769628689,54.813977693111326,55.54348874982994,21756000
2019-02-21,54.401859283447266,55.144264946692545,54.181171287523874,55.08971251771071,28302000
2019-02-22,55.066410064697266,55.10955484213595,54.33392124215371,54.596762722387886,20990000
2019-02-25,55.01830291748047,55.47157845918613,54.912667646327286,55.34561372380048,28262000
2019-02-26,55.30247116088867,55.51968580053557,54.548162119194075,54.837288505102514,29426000
2019-02-27,55.34809875488281,55.44380955979526,54.60172398336759,54.89680202944254,19368000
2019-02-28,55.54001998901367,55.923374000523765,55.09814829432455,55.11252988709343,30850000
2019-03-01,56.584938049316406,56.68313091088574,55.779549998048324,55.78698862188639,29006000
2019-03-04,56.92266845703125,57.442403545275894,56.07413558211426,56.88249761582181,28920000
2019-03-05,57.62837219238281,58.0042837589589,56.84306768540193,57.03474278053014,28864000
2019-03-06,57.42157745361328,57.90292381580003,57.3040426441133,57.65119107224952,21986000
2019-03-07,56.69949722290039,57.36676749002589,56.28341103819669,57.31543871689058,23332000
2019-03-08,56.650901794433594,56.886962715711064,55.70764563778105,55.87774646864932,24248000
2019-03-11,58.30928039550781,58.33060873880342,56.756530086529466,56.756530086529466,34384000
2019-03-12,59.1741828918457,59.51141439140904,58.43326414814285,58.43326414814285,40262000
2019-03-13,59.180137634277344,59.557539993888014,59.111699262005395,59.54340433716488,28718000
2019-03-14,58.794803619384766,59.406284308984475,58.74173814979318,59.23915361930179,23456000
2019-03-15,58.74074172973633,59.34131036609284,58.64899617574225,59.18310906686814,49236000
2019-03-18,58.73082733154297,59.015489037633714,58.39166237728001,58.68321786456962,25852000
2019-03-19,59.454383850097656,59.51141456296969,58.81066665761139,58.95646898764018,30414000
2019-03-20,60.700157165527344,60.85736336930389,59.32147287136135,59.379994336470304,44548000
2019-03-21,61.07556915283203,61.087968120231125,60.16355831949517,60.30489595367068,24080000
2019-03-22,59.7841796875,60.99920294821821,59.65151791122744,60.81670314453529,34284000
2019-03-25,59.164268493652344,59.82871245854372,58.86869479002869,59.35916726408409,29936000
2019-03-26,58.74867248535156,59.65175772968731,58.35688857288546,59.4385083541332,38024000
2019-03-27,58.173397064208984,58.89442520361164,57.4964520400278,58.79231628330592,28004000
2019-03-28,57.9487419128418,58.101241270543596,57.49948081037818,58.10000023867841,19234000
2019-03-29,58.187782287597656,58.46947004401165,57.6705292713873,58.26663321700796,25398000
2019-04-01,59.23518371582031,59.34577555102939,58.618742730231766,58.72289103691229,25050000
2019-04-02,59.53571701049805,59.578366131263714,58.80273254276133,59.279319062601914,16558000
2019-04-03,59.80500793457031,60.31977890561523,59.536214792580466,59.882371898679295,20286000
2019-04-04,60.255313873291016,60.28854174933007,59.716240582620934,59.80600352171802,19000000
2019-04-05,59.86600112915039,60.315810867487514,59.76086529644787,60.25481112318874,18144000
2019-04-08,59.70185089111328,59.9423764881641,59.50447006963539,59.90270130473363,17204000
2019-04-09,59.375038146972656,59.62498501809174,59.16823605592276,59.31304708526489,17528000
2019-04-10,59.618534088134766,59.69912170162392,59.334614001341365,59.54513537861431,14492000
2019-04-11,59.74052810668945,59.906168016732664,59.517857487977935,59.70779967638488,14204000
2019-04-12,60.397640228271484,60.421443068856384,59.913611300040046,60.00734326154213,18668000
2019-04-15,60.55782699584961,60.71156361388763,59.96320998935805,60.40409037781159,23748000
2019-04-16,60.856868743896484,61.039867982882335,60.50922467415205,60.75123725164972,17126000
2019-04-17,61.313621520996094,61.52290188149626,60.89108798435855,61.14798159436216,24438000
2019-04-18,61.31510543823242,61.59431112368872,61.22782079120911,61.45446045294982,26636000
2019-04-22,61.93353271484375,61.94592789975374,60.91539086422932,61.29626281129705,16146000
2019-04-23,62.7126350402832,62.9333230561818,61.811532352156306,62.02527739980394,26398000
2019-04-24,62.288612365722656,62.884224430042295,62.2390202776067,62.691308293873206,20376000
2019-04-25,62.658077239990234,62.85436458390037,62.09172782818091,62.723537884906946,22146000
2019-04-26,63.091026306152344,63.13516239420261,62.502852867696355,62.933320666544724,24828000
2019-04-29,63.85475540161133,63.9385704605532,62.79917450444824,63.18128747924051,49988000
2019-04-30,58.94010543823242,59.15484179562415,58.27159408562719,58.767522545930404,124140000
2019-05-01,57.928409576416016,58.91877950584741,57.883777832172164,58.91877950584741,52784000
2019-05-02,57.65713882446289,58.23142255201644,57.27983485814537,57.91254167579026,38896000
2019-05-03,58.787357330322266,58.85678700875761,57.97403499696514,58.20463990384672,39614000
2019-05-06,58.9852409362793,59.05764455955728,57.83815656811528,57.83815656811528,31278000
2019-05-07,58.22696304321289,59.03730770533541,57.579276803680955,58.54286620717969,31028000
2019-05-08,57.838645935058594,58.54058188438668,57.812361031410006,58.12330762010271,26186000
2019-05-09,57.64573287963867,58.00677101480428,57.07392741527508,57.479597296517696,23714000
2019-05-10,57.73946762084961,58.15257614630958,56.65983032302075,57.70574408982899,26290000
2019-05-13,56.14059066772461,56.92961075560953,55.64862745815716,56.63304574969442,37212000
2019-05-14,55.56581115722656,56.55667682614763,55.521675065292165,56.39748420445471,36732000
2019-05-15,57.73648452758789,58.0895883664834,55.37864503210085,55.43835455678485,45786000
2019-05-16,58.46897888183594,58.92424087605743,57.66854729595489,57.7513672636381,30628000
2019-05-17,57.64176559448242,58.52699591310215,57.528196041845085,57.94775184486003,24172000
2019-05-20,56.47880935668945,56.8729239821029,56.11147528981097,56.759006342039264,27066000
2019-05-21,57.013423919677734,57.166070849358896,56.43368416887126,56.95688886060338,23196000
2019-05-22,57.10219955444336,57.45430834191255,56.827950392687846,56.87060330165229,18290000
2019-05-23,56.574031829833984,56.832060522184904,56.00143182124669,56.560641549726206,23978000
2019-05-24,56.21200180053711,57.02011787167539,56.12223887261395,56.90084638386044,22240000
2019-05-28,56.2457275390625,57.1104770746864,56.194644697319085,56.23828891474818,27300000
2019-05-29,55.36842727661133,55.995280781119774,54.95977970817354,55.91692172828519,30764000
2019-05-30,55.44232177734375,55.69921538561745,55.15319539175057,55.32280434924564,19038000
2019-05-31,54.73215103149414,55.02822037678354,54.56105511080422,54.616103199042115,30156000
2019-06-03,51.38959503173828,52.84117859362554,50.8326668298229,52.84117859362554,102612000
2019-06-04,52.2237434387207,52.37252348107794,51.263627482046026,51.72037638528693,56670000
2019-06-05,51.68665313720703,52.24854165532338,51.104930811394205,52.1488580426619,43368000
2019-06-06,51.79179000854492,51.94800867864347,51.26412444634906,51.824026568059544,34064000
2019-06-07,52.86795425415039,53.109970605055636,51.99313650496096,52.103732120259565,36048000
2019-06-10,53.57911682128906,54.188115360497626,53.179497001499,53.212127058173714,29284000
2019-06-11,53.49679183959961,54.6508152254309,53.44139565990375,54.25357909989925,28734000
2019-06-12,53.41298294067383,53.60639473217016,52.94234430221682,53.46108806053541,21220000
2019-06-13,53.995201110839844,54.26300292690892,53.567711030636,53.740789574755915,21154000
2019-06-14,53.82559585571289,54.18960412758987,53.568800630755085,53.8786575359075,22230000
2019-06-17,54.1801872253418,54.51146709155483,53.871718889045596,53.871718889045596,18832000
2019-06-18,54.73066711425781,55.364959304422285,54.50204481244323,55.032688132358984,27734000
2019-06-19,54.66769027709961,54.89928653869851,54.22879247038158,54.82985684746604,26776000
2019-06-20,55.11848068237305,55.54993980960173,54.78720083054389,55.54349249739563,25240000
2019-06-21,55.63722229003906,55.74781412168232,54.952838612608026,55.01036876417447,38952000
2019-06-24,55.32181167602539,55.643170831031355,55.0981459462938,55.524644717935104,27912000
2019-06-25,53.87519454956055,55.26379210238731,53.74873035843932,55.17998082014921,30938000
2019-06-26,53.55035400390625,54.203488634206586,53.17542995844776,53.882625146836226,36218000
2019-06-27,53.36240005493164,53.91238532165697,53.32669390008683,53.758648701581265,20086000
2019-06-28,53.60540771484375,53.60986861942615,53.2314749421764,53.38124631366922,33864000
2019-07-01,54.450462341308594,54.92804394293648,54.239842585509585,54.452944405042366,28726000
2019-07-02,55.110050201416016,55.13583944998556,54.46137644066784,54.663218173970485,19832000
2019-07-03,55.62234115600586,55.87923475439882,55.23948660580277,55.4155390850832,15340000
2019-07-05,56.11876678466797,56.18274424981233,55.35255822375228,55.43488252954275,25286000
2019-07-08,55.362972259521484,55.84055007422137,55.10806507254817,55.80037923507551,24728000
2019-07-09,55.78351974487305,55.94196697501524,54.907710692106484,55.137324289269834,26608000
2019-07-10,56.55964279174805,56.63750618719741,56.088016649595005,56.10041561683771,24190000
2019-07-11,56.74462890625,57.18402230698681,56.51501530152156,56.69701944132732,23910000
2019-07-12,56.778846740722656,56.89985491611396,56.47533877382914,56.733719340688516,17280000
2019-07-15,57.04863739013672,57.07244401644048,56.50609451681367,56.87605448397121,18076000
2019-07-16,57.209320068359375,57.4572843154026,56.78381257289915,56.833404665580964,24776000
2019-07-17,56.85075759887695,57.44636586755665,56.82199441536753,57.07987553855246,23400000
2019-07-18,56.849769592285156,56.912997898990405,56.17530657411362,56.62213860742481,25814000
2019-07-19,56.04487228393555,57.088303842144825,56.021065661274854,56.942005865063074,32944000
2019-07-22,56.440128326416016,56.49864979006386,55.754261464169126,56.21101038297544,26030000
2019-07-23,56.84381866455078,56.87803785030689,56.1291847957223,56.734218138920845,21874000
2019-07-24,56.4272346496582,56.73421599777376,55.89063969822295,56.13414302137567,31796000
2019-07-25,56.14505386352539,56.62015343635027,55.58961638958166,56.427732944695755,44196000
2019-07-26,62.01138687133789,62.76222248256435,60.701640465479485,60.70362308950897,96116000
2019-07-29,61.46586608886719,61.86062393613524,60.91141620071278,61.547199077326006,44474000
2019-07-30,60.7581787109375,61.24071688581139,60.666928813550676,60.77156899110717,29066000
2019-07-31,60.338626861572266,61.19757612198688,59.896456247172935,60.65205554239452,34510000
2019-08-01,59.958251953125,61.20303354526552,59.7950902964296,60.207207514826266,33970000
2019-08-02,59.2133674621582,59.853611331450224,58.962921150409905,59.54811692643346,32902000
2019-08-05,57.14682388305664,58.28349171238471,56.542781927105715,58.02560681934822,51950000
2019-08-06,58.021148681640625,58.51757277322474,57.52769852614017,57.69185147396436,34188000
2019-08-07,58.22150802612305,58.44244198221229,57.01312883794283,57.329330914328864,28886000
2019-08-08,59.74945831298828,59.759870872693604,58.17339708203919,58.65990047574186,29360000
2019-08-09,58.91679382324219,59.70383123168245,58.69823601206324,59.411730934251075,21314000
2019-08-12,58.25720977783203,58.765537182676134,57.908173352034574,58.480376061113,20060000
2019-08-13,59.37602233886719,59.748464320523325,58.09603419820233,58.09603419820233,25888000
2019-08-14,57.740455627441406,58.63362403319877,57.5544824532204,58.336559583580964,31574000
2019-08-15,57.88774108886719,58.31324853079533,57.63233824923502,57.70127227097154,24374000
2019-08-16,58.40053939819336,58.65445529684922,58.113395625154084,58.49724530133221,26266000
2019-08-19,59.434547424316406,59.85806848652145,59.01995195451537,59.01995195451537,24632000
2019-08-20,58.652957916259766,59.31601700990021,58.62419473332709,59.27584617154237,18310000
2019-08-21,59.07748031616211,59.46182564577475,58.88803375968299,59.17170793834217,14814000
2019-08-22,58.9921760559082,59.41282152763311,58.44913381903978,59.21732496025237,18950000
2019-08-23,57.09575271606445,59.21783049144232,56.92019586877583,58.6182531004977,33740000
2019-08-26,57.96858215332031,57.99734533829046,57.17856696055561,57.39181635125576,24522000
2019-08-27,57.91650390625,58.63857633388839,57.59960567066722,58.54583947335309,21544000
2019-08-28,58.07421112060547,58.34201293335422,57.39380026446724,57.61250186212337,16040000
2019-08-29,59.15682601928711,59.316018625399906,58.575099898532486,58.575099898532486,21768000
2019-08-30,58.921260833740234,59.43702690116141,58.70816278375874,59.43702690116141,22596000
2019-09-03,57.943782806396484,58.861253468662625,57.686397332421635,58.372267985169735,29598000
2019-09-04,58.58948516845703,58.69214272562296,58.073223446318515,58.356398180706414,21378000
2019-09-05,60.075775146484375,60.15809944302654,59.09135696348282,59.09135696348282,28162000
2019-09-06,59.75590515136719,60.107272306382434,59.636486100631274,59.914605888458226,21442000
2019-09-09,59.73012161254883,60.50327315659392,59.14542152442425,59.709788363726034,29438000
2019-09-10,59.8089714050293,60.00734354537715,59.242621952325095,59.270889480993176,25202000
2019-09-11,60.51170349121094,60.63221601680014,59.62052148037358,59.68052991514313,26140000
2019-09-12,61.20996856689453,61.58736710906701,60.65304038987777,60.71651841225511,34518000
2019-09-13,61.47330856323242,61.53876921272389,60.85091592704094,61.06615172306266,26028000
2019-09-16,61.06367111206055,61.47331002579153,60.78148769172493,60.97539893189924,21066000
2019-09-17,60.95704650878906,61.24716420096811,60.68627075281538,61.01903756567263,19102000
2019-09-18,61.118717193603516,61.27741414734609,60.33118408090563,60.8757133108551,22702000
2019-09-19,61.43115997314453,61.715326033461224,61.09938444413156,61.101367068433944,19920000
2019-09-20,60.9957275390625,61.659777990560464,60.65601775285979,61.153928839747564,45400000
2019-09-23,61.199058532714844,61.449996694204465,60.71007305012332,60.8008272906693,21248000
2019-09-24,60.44178009033203,61.829390057117806,60.04107053821769,61.49513247055579,31664000
2019-09-25,61.8184700012207,61.9067459567112,60.011803876025304,60.29596989381958,29060000
2019-09-26,61.564064025878906,61.74309423300029,61.1116776175212,61.592331555041866,30760000
2019-09-27,60.75570297241211,61.694494457127156,60.22803359098688,61.64440671022081,27078000
2019-09-30,60.453678131103516,60.800826528741595,60.121406981416534,60.551375338464965,28082000
2019-10-01,59.76434326171875,61.06020388874781,59.68896191951618,60.45368355865626,25470000
2019-10-02,58.3524284362793,59.36164083384175,58.08760056346891,59.36164083384175,32302000
2019-10-03,58.90787124633789,58.96887099425137,57.6482124524786,58.519560668952174,32424000
2019-10-04,59.9577522277832,60.0787566242452,58.97432523329217,59.109219349882125,23248000
2019-10-07,59.89228439331055,60.414198826890676,59.69738563741562,59.72962219660152,16858000
2019-10-08,58.97234344482422,59.81294205430296,58.966391788580445,59.39189926548736,20786000
2019-10-09,59.625972747802734,59.9255116745568,59.39387709121669,59.4791753286735,17354000
2019-10-10,59.941383361816406,60.255307680163945,59.379498597966254,59.44099399921374,16932000
2019-10-11,60.27762985229492,60.91936070871656,60.19282725756134,60.61287876615602,25454000
2019-10-14,60.36143493652344,60.817196338490305,60.09462821024084,60.123391394953536,17350000
2019-10-15,61.644405364990234,61.85864606835838,60.52311031870226,60.52311031870226,27634000
2019-10-16,61.6756477355957,62.22612864248118,61.418262250876545,61.55315258568563,21892000
2019-10-17,62.143306732177734,62.651880093238724,61.98808315325346,62.037179586163184,19048000
2019-10-18,61.767398834228516,62.431941189814104,61.54869343340002,62.16265238494643,27056000
2019-10-21,61.80012130737305,62.220619224120426,61.524880872646335,62.10313361358088,20544000
2019-10-22,61.63398742675781,62.02081101404673,61.563566434087704,61.88443371661489,20476000
2019-10-23,62.443843841552734,62.48153262024223,61.612170810112026,61.612170810112026,18230000
2019-10-24,62.53608322143555,62.6853589309044,62.175294807971355,62.53161853339729,20562000
2019-10-25,62.741390228271484,62.963069528002684,61.99154596910973,62.04212936459534,24262000
2019-10-28,63.974761962890625,64.43647117039926,63.10886990896231,63.253185251283696,52264000
2019-10-29,62.616920471191406,63.55769456128865,62.34872136402791,63.291879143498115,37728000
2019-10-30,62.550960540771484,62.9511744202463,62.090242571042054,62.138347692891664,28178000
2019-10-31,62.49244689941406,62.86736721027766,62.03286777378033,62.550468929559315,29114000
2019-11-01,63.16838836669922,63.21202879741203,62.511780363797264,62.73494664473217,33402000
2019-11-04,64.04270935058594,64.17958608788612,63.298075079035044,63.302785703148786,30020000
2019-11-05,64.07544708251953,64.41763893502002,64.03571892626947,64.11809620416246,25654000
2019-11-06,64.06404113769531,64.15975951703071,63.60283125677715,63.94799707515216,23060000
2019-11-07,64.91008758544922,65.64802477186247,64.18528717473266,64.18702007890002,40600000
2019-11-08,65.03456115722656,65.36336647821916,64.68716306106933,64.7325439616238,25028000
2019-11-11,64.43053436279297,64.78933637271358,64.34225461487071,64.62840328518892,20238000
2019-11-12,64.41119384765625,64.9666313275569,64.26092303735834,64.47070284414043,21718000
2019-11-13,64.37152099609375,64.6839508062377,64.14884655635979,64.17661843136229,16534000
2019-11-14,65.03903198242188,65.31377677347024,64.25497223388571,64.34671778837024,23870000
2019-11-15,66.20000457763672,66.20050401732767,65.17888499495417,65.40998936103904,35652000
2019-11-18,65.49726867675781,66.23267838473154,65.33856795342528,66.06857463276754,29748000
2019-11-19,65.2374038696289,65.84441978377136,65.10548369869984,65.84441978377136,25384000
2019-11-20,64.62195587158203,65.214594027543,64.03180734677322,65.05291934801255,26172000
2019-11-21,64.53765106201172,65.09507873858247,64.12355501219967,64.54409837450834,19910000
2019-11-22,64.23957824707031,64.90362851717013,64.04468331804884,64.74939250694626,27714000
2019-11-25,64.80247497558594,65.03158912705393,64.37795884838697,64.4300292145478,20724000
2019-11-26,65.14268493652344,65.20467599801269,64.72313288303855,64.95968568847725,21394000
2019-11-27,65.11490631103516,65.3812211548829,64.9482750814859,65.21458992533363,19912000
2019-11-29,64.71669006347656,64.97679979303014,64.66759362367371,64.82381232023508,11740000
2019-12-02,63.9708137512207,64.75983015335358,63.52844635946796,64.52030339822768,30218000
2019-12-03,64.23663330078125,64.39438816076488,63.42926243692542,63.457529970837676,22876000
2019-12-04,65.48934936523438,65.75020826763532,64.71222865909418,64.81835960902959,30750000
2019-12-05,65.86573791503906,65.92663927636666,65.28599448884262,65.85929060392436,24254000
2019-12-06,66.48514556884766,66.65276808203221,66.1290678586811,66.1290678586811,26296000
2019-12-09,66.6309585571289,67.41899103710952,66.34728442039524,66.35720510738695,27086000
2019-12-10,66.68550872802734,66.94909176204803,66.25801869708177,66.52879063447635,21882000
2019-12-11,66.70337677001953,67.00985871648143,66.58683326597124,66.99200752980201,17008000
2019-12-12,66.96373748779297,67.23674941033185,66.47922040324505,66.74900110202087,25620000
2019-12-13,66.84273529052734,67.10373795140538,66.64634196885596,66.84868316363773,30992000
2019-12-16,67.5042953491211,67.67836520680227,67.082753137584,67.27269155552068,27946000
2019-12-17,67.2042465209961,67.69422705253085,67.01594265154881,67.58958688588896,37080000
2019-12-18,67.08027648925781,67.46958217204825,66.99994236943307,67.2776611144941,30452000
2019-12-19,67.24988555908203,67.35204367497064,66.9000053630653,67.04060519959941,29398000
2019-12-20,66.93001556396484,67.62679451476367,66.90075293659741,67.61241670457538,66300000
2019-12-23,66.89281463623047,67.43634876882511,66.77726245940671,67.24145379082276,17662000
2019-12-24,66.6309585571289,66.96322968231466,66.59227468840155,66.87594882513521,6950000
2019-12-26,67.46609497070312,67.51207368321548,66.67608746101507,66.7603943793989,13350000
2019-12-27,67.0440673828125,67.67092468254292,66.91612002503174,67.59454825232757,20768000
2019-12-30,66.26297760009766,67.09911519745164,66.15783799271955,66.95033516141731,21018000
2019-12-31,66.30662536621094,66.35522992738261,65.91310473806047,65.96394164323738,19236000
2020-01-02,67.81177520751953,67.84995964380428,66.53128745454937,66.53128745454937,28132000
2020-01-03,67.47898864746094,68.06617069936922,66.72934494889475,66.84420092136546,23728000
2020-01-06,69.14283752441406,69.25639950037348,66.95033541842346,66.95033541842346,34646000
2020-01-07,69.09970092773438,69.57827011056023,68.95290348967677,69.32783136564986,30054000
2020-01-08,69.64421844482422,70.00426142366348,68.97570340920772,69.03719501781758,30560000
2020-01-09,70.41340637207031,70.7853526905972,69.93929437877065,70.45010761810009,30018000
2020-01-10,70.90438842773438,71.16222039360179,70.34002155715467,70.79676673782576,36414000
2020-01-13,71.37550354003906,71.43947721249037,70.72038256238037,71.22176695031578,33046000
2020-01-14,70.96141052246094,71.50296204215371,70.83693653451394,71.36460211780435,31178000
2020-01-15,71.37401580810547,71.48287094379806,70.92817513868587,70.92817513868587,25654000
2020-01-16,71.99393463134766,72.0083200075618,71.45932229111739,71.78267164705159,23474000
2020-01-17,73.416748046875,73.46162950831754,72.31727710144062,72.54986462443809,47924000
2020-01-21,73.61563110351562,73.98509543131665,72.96100182141235,73.35378090412806,40734000
2020-01-22,73.69249725341797,74.54866557807892,73.64191006353668,73.94294357148992,32216000
2020-01-23,73.72721099853516,74.16710389936753,73.50157017837002,73.77631500557962,27024000
2020-01-24,72.73832702636719,74.16585427804154,72.6659158398991,74.07137693839748,35692000
2020-01-27,71.11117553710938,71.31798138019165,70.4813443275671,70.96735962552174,35104000
2020-01-28,72.03658294677734,72.2071869989174,71.04026133609365,71.56247848571375,31548000
2020-01-29,72.33761596679688,72.67484368608115,71.74795176318436,72.34604590305221,21554000
2020-01-30,72.19924926757812,72.27066157396365,71.23516421320402,71.41171613863378,26788000
2020-01-31,71.1275405883789,72.90792171864511,70.84485776961345,72.84692198093046,48344000
2020-02-03,73.6919937133789,73.89334358225949,72.3554703936322,72.5047423236359,60736000
2020-02-04,71.76432037353516,72.87668603804367,70.73427901540151,72.26024883594752,78660000
2020-02-05,71.82183837890625,72.59598491902364,70.94553373541274,72.52556393309635,39724000
2020-02-06,73.21044921875,73.49659788821806,71.88830373345907,71.92599629501353,33588000
2020-02-07,73.3592300415039,73.68703652435306,72.72046938165995,72.76758319227928,23446000
2020-02-10,74.81974029541016,74.8604067963098,73.11573520812273,73.11573520812273,28398000
2020-02-11,74.82518768310547,75.85870239357342,74.66887063576853,74.97495904394647,26892000
2020-02-12,75.29532623291016,75.41559281623654,74.79146728971482,75.10737044126222,23352000
2020-02-13,75.11630249023438,75.73720438287243,74.61740008953561,75.01860149529404,18590000
2020-02-14,75.4178237915039,75.4178237915039,74.75327393373831,75.16291282111376,23956000
2020-02-18,75.36475372314453,75.95788370450909,75.01364008584298,75.13315750620852,22414000
2020-02-19,75.71289825439453,75.9814908316446,75.45054867247411,75.63255657995198,18986000
2020-02-20,75.28937530517578,75.85919809656423,74.72749057713531,75.48030502522627,21932000
2020-02-21,73.65084075927734,74.99505252225144,73.41924450287617,74.78750504555434,34634000
2020-02-24,70.50068664550781,71.26342933886559,69.99484510495328,70.72484423331122,57342000
2020-02-25,68.85718536376953,71.32145089442864,68.55715077419704,71.0665474882961,49566000
2020-02-26,69.09175872802734,70.20859665737065,68.38853252553207,69.2385561572989,44048000
2020-02-27,65.36784362792969,68.02670935784835,65.32221299886294,67.5484352867197,59566000
2020-02-28,66.42118835449219,66.51095128817234,63.03250896450946,63.354863232792546,75782000
2020-03-02,68.88990783691406,68.97719626011157,65.80052573887173,67.03017633409503,48630000
2020-03-03,66.52336120605469,69.93336174109207,66.05767904699634,69.40123139407665,48046000
2020-03-04,68.761474609375,68.8393418006911,66.60865486936433,67.40809136687633,38266000
2020-03-05,65.41496276855469,67.39222965098047,64.7236321964566,66.96027479517689,51226000
2020-03-06,64.39183807373047,64.77915347461465,62.53904962754744,63.333029929737066,53212000
2020-03-09,60.2830810546875,62.22711975148055,59.51141647546525,59.77425795951713,67308000
2020-03-10,63.49818420410156,63.53587676445679,60.44227179174793,62.48698535745458,52228000
2020-03-11,60.275638580322266,62.53459277109558,59.31651391772958,61.97617762125686,52170000
2020-03-12,55.29155349731445,59.2074061023628,55.21171126253702,55.84153868379028,84534000
2020-03-13,60.48988342285156,60.49137039100556,55.40230323207435,58.46996772101614,74002000
2020-03-16,53.77501678466797,57.144206967284475,53.28454426318189,54.35376527929909,85048000
2020-03-17,55.53407287597656,56.08256738380507,52.37054240692552,54.21043661437782,77230000
2020-03-18,54.393428802490234,54.87447997125244,51.44166114597524,52.39533354796401,84668000
2020-03-19,55.310401916503906,57.42702335032997,52.57377156644332,54.207457564911564,73022000
2020-03-20,53.17940139770508,56.733720556661275,52.84068292764188,56.32358599756474,72036000
2020-03-23,52.400794982910156,53.1298104352192,50.26413527911263,52.6338819679215,80882000
2020-03-24,56.2610969543457,56.28787751366984,54.08694535801388,54.73909246243724,66890000
2020-03-25,54.67561340332031,56.977216657181515,53.8583220543148,55.864851072457284,81630000
2020-03-26,57.61448669433594,58.022139166373606,54.231259867670055,55.13732283187484,71434000
2020-03-27,55.08326721191406,57.064998343395295,54.84522368008292,55.825177246176374,64170000
2020-03-30,56.87406921386719,57.11261220371527,54.37756695536382,55.79393629461963,51482000
2020-03-31,57.667057037353516,58.28696761942579,56.443603873563255,56.89787452972024,49728000
2020-04-01,54.83083724975586,56.024539612600904,54.425666840694234,55.6431682591773,46884000
2020-04-02,55.58564376831055,55.88419139127797,54.37359452502577,54.46583573281138,39298000
2020-04-03,54.44700241088867,55.71955217264933,53.55085995132893,55.49514481567842,46268000
2020-04-06,58.86273956298828,59.24658920793496,56.08653234433062,56.436658461574886,53294000
2020-04-07,58.842411041259766,60.751239291931284,58.63015295391235,60.55286714159817,47746000
2020-04-08,60.0212287902832,60.457148811082426,58.924236050374674,59.833768652185626,39502000
2020-04-09,60.079246520996094,60.7794987183636,59.349489549132585,60.70560435494903,43508000
2020-04-13,60.382266998291016,60.528568776959794,58.89636957636875,59.966680199071476,34796000
2020-04-14,62.944725036621094,63.581499256024976,61.3428782593448,61.747556813545664,49408000
2020-04-15,62.60948181152344,63.50165890697964,61.51496732475637,61.77334411810373,33434000
2020-04-16,62.65907287597656,63.429250466609666,61.625062496196314,63.18624658186888,50362000
2020-04-17,63.640010833740234,64.19445691189274,63.04390695132905,63.71936119440446,38980000
2020-04-20,62.814796447753906,63.558193484460865,62.554928904605816,63.0325067420485,33910000
2020-04-21,60.3217658996582,62.20282225581485,59.99296431945728,61.84227976979805,43060000
2020-04-22,62.64617919921875,63.75720546304819,61.59431383533903,61.769874449157605,41848000
2020-04-23,63.29583740234375,64.13891418775728,62.768171873384446,63.059776507809325,31324000
2020-04-24,63.44462585449219,63.49867884995032,61.96378339226332,62.5450101142497,32792000
2020-04-27,63.27452087402344,64.2797718864122,62.93332411191439,64.27233326199239,32012000
2020-04-28,61.18120574951172,63.87806273232001,61.10830647430788,63.87211485975965,59026000
2020-04-29,66.52781677246094,67.44577943595131,65.72738892632927,66.52682546026199,75872000
2020-04-30,66.8838882446289,67.09019467143345,65.58604124875923,65.70457493432085,53378000
2020-05-01,65.49280548095703,67.05299435560296,65.01621899501687,65.88409373143328,41450000
2020-05-04,65.7997817993164,65.84243848597423,64.42110134123789,64.87884534974093,30080000
2020-05-05,67.00538635253906,68.13759338680842,66.32844884822745,66.35126416050946,33030000
2020-05-06,66.81644439697266,67.99774795554235,66.81595252453063,67.53009077220267,24308000
2020-05-07,68.06915283203125,68.31909967796246,67.21169061567772,67.7408469310102,27952000
2020-05-08,68.85323333740234,69.36850381575772,68.21398072432667,68.59336575388002,27738000
2020-05-11,69.59166717529297,70.24976226000994,68.29689237611579,68.35283719318583,28242000
2020-05-12,68.22686767578125,70.17388035780635,68.17876255238299,69.78309149788292,27812000
2020-05-13,66.9171142578125,68.70999674022836,65.87913484033389,68.29182952355184,36252000
2020-05-14,67.25435638427734,67.31833007246495,65.65647466241447,66.20744748438503,32062000
2020-05-15,68.10040283203125,68.16437651604467,66.40482021675804,66.95034456978946,34154000
2020-05-18,68.63352966308594,69.0493662081308,67.16112080465223,67.53306719171812,36448000
2020-05-19,68.11503601074219,69.03324839092087,68.11503601074219,68.7851403531022,25612000
2020-05-20,69.76324462890625,69.94674329894777,68.79767642815746,68.91322103588824,33108000
2020-05-21,69.56885528564453,70.19818721323932,69.10516330950917,69.82674024639128,27700000
2020-05-22,69.94674682617188,70.06279087941064,69.0248114434406,69.26682780540224,26188000
2020-05-26,70.2740478515625,71.46328930381696,70.03153963793783,71.27830745584195,41212000
2020-05-27,70.3147201538086,70.50813195347824,68.99803067773678,70.2854650961959,33716000
2020-05-28,70.25967407226562,71.45535533750837,69.2316153535328,69.27426447421041,33844000
2020-05-29,70.86420440673828,71.04522100799318,70.0920480179816,70.27008311591747,36418000
2020-06-01,71.0080337524414,71.31253304675782,70.32265872857073,70.34200066540495,24342000
2020-06-02,71.37500762939453,71.39434956396636,70.36380886845413,70.94503551579085,25562000
2020-06-03,71.23416900634766,71.73862575322607,70.90671064402268,71.32938793207813,25124000
2020-06-04,70.03402709960938,71.36212044103614,69.66456281482078,70.93760428274607,29686000
2020-06-05,71.3338623046875,71.6641508698637,69.72755066772461,70.0831290439948,34698000
2020-06-08,71.74150848388672,71.80994685711737,70.53788907957735,70.53788907957735,28084000
2020-06-09,72.2151107788086,72.80229286772126,71.572884389171,71.67950718229915,28184000
2020-06-10,72.69566345214844,73.1126879355564,72.22056019920817,72.38272671791532,30504000
2020-06-11,69.62042236328125,72.13155206814369,69.52916868121383,71.53668914855498,39826000
2020-06-12,70.08361053466797,71.26491393252154,68.73667478994834,70.84287986741433,38928000
2020-06-15,70.4144058227539,70.65988799982959,68.83090956978995,68.97373418785799,30078000
2020-06-16,71.548583984375,72.15857379997503,70.71442902210995,71.67256608486987,34184000
2020-06-17,71.96517944335938,72.40556421305439,70.98621702522232,71.7687936858653,30992000
2020-06-18,71.21333312988281,71.97954918917922,70.76948264751202,71.86796226905375,31638000
2020-06-19,71.00306701660156,71.80052081652137,70.48878793956422,71.61206558286473,63158000
2020-06-22,72.00186920166016,72.04600150571602,70.58103148872615,70.86817145398668,30848000
2020-06-23,72.62425994873047,73.19611839851154,71.67356892368223,72.18933121509058,28596000
2020-06-24,71.01547241210938,73.17028222589367,70.90537623091176,72.4804425136003,35120000
2020-06-25,71.47966003417969,71.55751965815323,70.42184672715146,70.9128186644658,24610000
2020-06-26,67.44131469726562,71.08886643946289,67.04903509973325,70.9867083236295,85354000
2020-06-29,69.18053436279297,69.21177961361228,66.80206626276431,67.35601300428192,36204000
2020-06-30,70.10493469238281,70.3548890974447,68.63450872086528,68.95587542711603,40848000
2020-07-01,71.31649017333984,71.56247175672459,69.91697709957117,69.98045890302329,35504000
2020-07-02,72.63863372802734,73.54370154924202,71.73207515523639,71.75786440077955,37182000
2020-07-06,74.176025390625,74.71608617074196,73.04331888530318,73.40038799149362,31280000
2020-07-07,73.654296875,75.22241618196561,73.57345576317746,73.893331700447,29164000
2020-07-08,74.19090270996094,74.68087574388413,73.67662361131148,74.10758708958852,24994000
2020-07-09,74.93428039550781,75.51600643259977,73.7983580364804,74.70913151836344,28466000
2020-07-10,76.45925903320312,76.5629078816163,74.2176682341487,74.69425467446862,37126000
2020-07-13,74.95166015625,78.21446956851302,74.64929481027414,76.8689184285711,36928000
2020-07-14,75.40988159179688,75.52741638295451,73.57098273815004,73.90870986468656,31700000
2020-07-15,75.06573486328125,76.14140713090723,74.29010484325194,75.53637364126426,32214000
2020-07-16,75.28192901611328,75.3161481951453,73.71032884404657,74.38925642555334,30386000
2020-07-17,75.16043090820312,75.55171917286441,74.31090676386047,75.46146437413664,29134000
2020-07-20,77.64851379394531,77.87515346300708,74.56780342093248,75.14605618591928,31146000
2020-07-21,77.2864761352539,78.70334856533637,77.08116103848886,78.70334856533637,24324000
2020-07-22,77.785888671875,77.86077435954509,76.67550554937395,77.38964379884865,18640000
2020-07-23,75.1668930053711,77.95351708557808,74.75586922638438,77.71051694582513,32552000
2020-07-24,74.97793579101562,75.26388771076272,73.81399161212126,74.33620877052465,30880000
2020-07-27,75.88697052001953,76.42108338113255,75.1435697469771,75.16291168221561,24920000
2020-07-28,74.40613555908203,75.70249188302328,74.27323162344813,75.63802632317217,34044000
2020-07-29,75.48130798339844,75.93915042462424,74.4552317892333,74.70270416837826,22130000
2020-07-30,75.94895935058594,76.26734454597072,74.00343011725805,74.24048232600035,33428000
2020-07-31,73.5442123413086,74.83312997421159,72.1094885875636,74.63773554581938,68798000
2020-08-03,73.12217712402344,73.91664945028643,72.68525820782565,73.72671102504545,46604000
2020-08-04,72.65202331542969,73.67314278505046,72.3386022422577,73.22730210302637,38070000
2020-08-05,73.08050537109375,73.51692480953368,72.57713831904795,72.86676033956763,39590000
2020-08-06,74.39422607421875,74.50779562956372,72.70311576506188,72.98827311807788,39908000
2020-08-07,74.11602020263672,75.22466284439915,73.47875027032464,74.38927426081932,31556000
2020-08-10,74.19584655761719,74.59134975041081,73.05421843788854,73.75347928230235,25786000
2020-08-11,73.41329193115234,74.88520897703172,73.29823917441597,74.01436010186865,29088000
2020-08-12,74.71757507324219,75.00352698802135,73.65777165372448,73.67413965392738,28740000
2020-08-13,75.30426025390625,76.23660821291581,74.78626562295597,74.90205995829753,29104000
2020-08-14,74.77262115478516,75.47535549363883,74.53209554276272,75.16589207052547,27096000
2020-08-17,75.28094482421875,75.65933845317744,74.78451696150881,75.11678809689693,27566000
2020-08-18,77.29541778564453,77.48733884974187,75.5651240031677,75.6876153786327,40542000
2020-08-19,76.74641418457031,78.0432621672196,76.56887096166327,77.03305469861412,33212000
2020-08-20,78.44348907470703,78.64781288038604,76.28372265660985,76.54408208249008,34138000
2020-08-21,78.37752532958984,79.2354794023471,77.76182975445778,78.2094033504014,28930000
2020-08-24,78.76335144042969,80.05127754465087,78.3849578323433,79.04999193880388,28198000
2020-08-25,79.75621795654297,79.92483183387014,78.45936217812545,78.45936217812545,44942000
2020-08-26,81.94623565673828,82.28544602422882,79.52709349970416,79.74530324755044,79868000
2020-08-27,81.05107116699219,82.07615590698873,80.62556372267156,82.01069147695462,37232000
2020-08-28,81.55096435546875,81.68784108686194,80.87352744990812,81.00941286928159,29980000
2020-08-31,81.04363250732422,81.7272670086646,80.85171147232356,81.72355148038665,36468000
2020-09-01,82.35933685302734,82.60829240113797,80.94643712054818,81.16513873141615,36506000
2020-09-02,85.71031951904297,85.95331960489467,82.63803928562722,83.0072613891672,50224000
2020-09-03,81.42351531982422,84.78957955824669,80.09541451876002,84.78957955824669,62156000
2020-09-04,78.90420532226562,81.58568941253101,76.75053816961896,80.55167522174912,52172000
2020-09-08,75.99557495117188,77.55651299475142,75.77835654593154,76.05111869248746,52218000
2020-09-09,77.21408081054688,77.81117610206105,76.17714562645338,77.24235212426713,35494000
2020-09-10,75.97722625732422,78.55907952018826,75.66901145606728,77.39657320019084,32372000
2020-09-11,75.41683959960938,78.11865701517411,74.25834381874154,76.17461826356086,31942000
2020-09-14,75.34542083740234,77.56321311393701,75.16986778129993,76.32364160391639,33932000
2020-09-15,76.44439697265625,77.34351704772867,75.96806015750704,76.17461630325367,26622000
2020-09-16,75.42576599121094,77.46403248949791,75.37220486408454,77.1436646061943,26234000
2020-09-17,74.1675796508789,74.80078586206088,72.90147748646709,74.19089440088969,37596000
2020-09-18,72.40505981445312,74.53819704428408,71.27136953070016,74.2905808945997,62078000
2020-09-21,70.97528839111328,71.82828585445236,69.75480931092325,71.41666436957514,57776000
2020-09-22,72.67633056640625,72.87767284827125,71.14242277669379,71.91408729546332,31664000
2020-09-23,70.18428802490234,72.4531591633995,69.8118498161239,72.3450531786664,33148000
2020-09-24,70.83296203613281,71.59763442857151,69.91847287946354,69.97699055992597,29004000
2020-09-25,71.6596908569336,71.90963774949338,70.09156355415726,71.04821012426068,26460000
2020-09-28,72.62970733642578,73.23870586579038,71.87495567360742,73.11026663968008,40158000
2020-09-29,72.86825561523438,73.23192336864469,72.34628818781371,72.9208254242764,19564000
2020-09-30,72.88164520263672,73.88094068365706,72.3996027094598,72.74277828073141,34032000
2020-10-01,73.8978042602539,74.34166234497636,73.35823537414079,73.6091735370848,35590000
2020-10-02,72.32720184326172,73.55611865796233,71.95525546873868,72.50623584543538,25682000
2020-10-05,73.69596862792969,73.80457406240326,72.61732263884812,72.71353288786548,22266000
2020-10-06,72.08023071289062,73.73266487742939,71.83970508197801,73.17821867792217,24908000
2020-10-07,72.4199447631836,72.84990937520608,71.21533403976318,72.6183131318553,34924000
2020-10-08,73.69149780273438,73.89333953297897,72.65798308779358,72.65798308779358,23756000
2020-10-09,75.14407348632812,75.20853904021122,73.86606790667079,74.12642732055761,28706000
2020-10-12,77.81861114501953,79.0440544890088,76.00451004057007,76.5217630622759,49652000
2020-10-13,77.94407653808594,78.85261775494405,77.5235332389099,78.54167118448947,32020000
2020-10-14,77.76555633544922,78.73777628369358,76.89519938776775,78.2867746515305,38586000
2020-10-15,77.32169342041016,78.11394097416294,76.62244002284652,76.72757207687339,30800000
2020-10-16,78.01004028320312,78.41274000510408,77.51361994991191,77.65496137740864,28694000
2020-10-19,76.10568237304688,78.76088548395175,75.77787587634919,78.37951786202895,32142000
2020-10-20,77.16299438476562,78.23271087226829,75.66231445133542,75.73075281773757,44834000
2020-10-21,79.01676940917969,80.27742316910108,77.94159693784444,78.02590386274095,51366000
2020-10-22,80.10881805419922,80.43910660569274,78.6046646033568,79.00388340012616,28672000
2020-10-23,81.38185119628906,81.44929067653635,80.3656883635324,80.64142442516288,27516000
2020-10-26,78.87493896484375,81.24498446432574,78.18311666227015,80.58887209739028,37066000
2020-10-27,79.55980682373047,79.68800389115071,78.49455510436229,79.13380753735876,24580000
2020-10-28,75.2135009765625,77.43178491198138,75.11431680117468,77.3519426723753,36680000
2020-10-29,77.72389221191406,79.03661643187507,75.4922141209198,75.49816199343607,40062000
2020-10-30,80.3905029296875,83.6631345428053,79.56974188614716,82.92469781001594,86582000
2020-11-02,80.63945007324219,82.36230497919733,80.14352163620698,80.74508155902976,50708000
2020-11-03,81.8386001586914,82.40842293057672,80.17277983905457,80.92460294940304,33234000
2020-11-04,86.74433898925781,87.847041337045,84.60688836370215,84.81765948978585,71418000
2020-11-05,87.4505386352539,88.95171049474862,86.81276931563411,88.32486074238336,41316000
2020-11-06,87.37019348144531,87.8998416594765,86.30890693406363,86.98336990782836,33218000
2020-11-09,87.43218231201172,90.16276256901271,87.28439358395912,88.8158192797935,45366000
2020-11-10,86.3108901977539,87.43218518372008,85.16578858845315,85.84967281516651,52722000
2020-11-11,86.92188262939453,87.49269682010963,86.65680878425508,86.7874879424301,25280000
2020-11-12,86.779541015625,87.69353830266849,86.56926934978563,86.66994427843309,24950000
2020-11-13,88.12747192382812,88.32683914846376,86.51719527589904,87.16586899726059,29998000
2020-11-16,88.34369659423828,89.22099257157922,87.6647689568007,87.863636736333,24936000
2020-11-17,87.78677368164062,88.52322772761146,87.63055501018202,88.12350952068519,22942000
2020-11-18,86.6277847290039,87.95142087989595,86.59604760937596,87.54277330379958,23470000
2020-11-19,87.47781372070312,87.75900582875268,86.14302333509372,86.21121198617783,24998000
2020-11-20,86.40015411376953,87.97770236272952,86.38379368150468,87.54178235299388,46270000
2020-11-23,86.03662872314453,86.98087982628158,85.18661279192762,86.76763425134307,43232000
2020-11-24,87.72379302978516,87.85868714390526,85.6810620835312,85.8204208855976,31560000
2020-11-25,87.85025787353516,88.20286228221804,87.11182118342224,87.92266149149116,20916000
2020-11-27,88.92938995361328,89.4654854366116,87.90033997836497,87.93257653696658,17698000
2020-11-30,87.32012176513672,88.6752455533602,87.03545624882032,88.33399200123611,36476000
2020-12-01,89.17290496826172,90.49852394562075,87.74810180147111,87.99606605868435,34738000
2020-12-02,90.65324401855469,91.03511106035535,88.74505903427753,89.17289722878292,24440000
2020-12-03,90.59471893310547,91.60790035412678,90.3903951482896,90.45784220188257,24546000
2020-12-04,90.65522003173828,90.91161418521227,90.10970329335842,90.48313280417933,27564000
2020-12-07,90.23319244384766,90.87244496921858,89.55377286032213,90.20938581895045,26418000
2020-12-08,90.18706512451172,90.35320448295946,89.0789144685752,89.7680049836728,21926000
2020-12-09,88.4800796508789,90.96666864933377,87.67073011210893,89.8627329502072,30152000
2020-12-10,88.04366302490234,88.3402242261488,86.30741410588243,87.7694101273373,27256000
2020-12-11,88.363037109375,88.49594858668057,87.2833999942451,87.43515396634064,24414000
2020-12-14,87.28639221191406,89.13769419820918,87.14530048944783,88.02731104475883,32004000
2020-12-15,87.66873931884766,87.84975592583757,86.78499597838041,87.50260752712254,29646000
2020-12-16,87.43218231201172,87.92811073401148,87.08899917806838,87.92215529473972,30270000
2020-12-17,86.68334197998047,87.86782383456553,86.22510602896628,87.70545295188182,32494000
2020-12-18,85.84571838378906,87.04090788680517,85.31061413459139,86.99478538600816,80328000
2020-12-21,86.26031494140625,86.33371744562535,84.25825028792745,84.9778445491344,36568000
2020-12-22,85.47327423095703,86.16285664929524,84.93147298666962,86.01531762781597,18734000
2020-12-23,85.91366577148438,86.68780490235127,85.54964988941849,85.70190333086131,20676000
2020-12-24,86.2345199584961,86.58911456845254,85.75148610923043,86.04359022026414,6936000
2020-12-28,88.08135223388672,88.80729534489672,86.60571992628164,86.8685613975094,27860000
2020-12-29,87.21992492675781,88.8922002521358,87.08949550295102,88.66159534026018,25988000
2020-12-30,86.26775360107422,87.53609590361201,85.5774219667866,87.38310086949863,26122000
2020-12-31,86.88070678710938,87.23033721916255,86.0644105733042,86.0644105733042,20238000
2021-01-04,85.7083511352539,87.31565410020667,84.69715217949687,87.1614180335422,38038000
2021-01-05,86.33717346191406,86.67192667952663,85.20125091979266,85.5476577295368,22906000
2021-01-06,86.05796813964844,86.68829123812628,84.2582373862619,84.43826267574505,52042000
2021-01-07,88.63481140136719,88.6918383275877,86.14524857172081,86.29452048608202,45300000
2021-01-08,89.62468719482422,89.75511662694235,87.95465167422685,88.671022238762,41012000
2021-01-11,87.61666870117188,88.9851863313301,87.30919548708157,88.57628903059744,24194000
2021-01-12,86.61639404296875,88.17807396334658,85.56304539001147,86.98189311578471,27140000
2021-01-13,87.00569915771484,87.53311507296867,86.19286857503448,86.22113989029035,21882000
2021-01-14,86.30049133300781,88.02781120521333,85.96424731866648,86.96701635400939,23590000
2021-01-15,86.10260009765625,87.08503571414171,85.37655863306338,86.2017842706347,26844000
2021-01-19,88.8138427734375,89.72709847613046,86.36395498924357,86.89906675756797,34692000
2021-01-20,93.57675170898438,94.41040741273987,90.53323414665171,90.82732090313783,49806000
2021-01-21,93.79246520996094,95.9552053602613,93.58715011154332,94.12721841682736,41278000
2021-01-22,94.27848052978516,94.7694524437764,93.32183407866911,94.0121656676669,25442000
2021-01-25,94.19666290283203,95.69337025040903,92.61614048863406,95.25150230438773,38546000
2021-01-26,95.08139038085938,95.46623136145799,93.44507462105284,93.67295532912556,26262000
2021-01-27,90.79409790039062,93.730493367166,89.71346919595132,93.36003771689376,54966000
2021-01-28,92.39693450927734,94.16838658247579,91.38177035076103,91.44623590823613,35462000
2021-01-29,91.03958129882812,92.10780717472167,89.77297948192589,91.55683436278797,32252000
2021-02-01,94.29335021972656,95.33688395816735,91.79288292608499,91.92380421896006,32044000
2021-02-02,95.59070587158203,96.99170219558746,94.9450060766456,95.3452161490111,45474000
2021-02-03,102.66065979003906,104.96325061843815,100.09720255231905,102.80596645878796,82364000
2021-02-04,102.27880096435547,103.08121136263884,101.29785601184385,102.60215032654648,37046000
2021-02-05,104.04578399658203,104.2694497116899,102.12802661767498,102.6571829075673,30702000
2021-02-08,103.79336547851562,105.3127442303304,102.75637735385523,104.43807400223707,24838000
2021-02-09,103.32719421386719,104.3993928641844,103.080720724468,103.080720724468,17798000
2021-02-10,103.91585540771484,104.56007205011774,102.3145080320854,103.85783716548745,22710000
2021-02-11,103.94114685058594,104.24564612223325,103.02020284455321,104.1206727016399,18914000
2021-02-12,104.34879302978516,104.58237943329328,103.30833919526567,103.66143544944777,17114000
2021-02-16,105.23107147216797,106.75754087486723,104.36121395759193,104.36121395759193,22676000
2021-02-17,105.54893493652344,105.81425844863853,104.09140365854478,104.14496477367656,21418000
2021-02-18,104.99797821044922,105.76840177096538,104.32897117638466,104.66025103722619,22432000
2021-02-19,104.20150756835938,105.6590389546534,104.01652571519517,105.10062758666214,29148000
2021-02-22,102.40328216552734,103.71947222094948,102.26739673429435,102.50841421966332,27350000
2021-02-23,102.69983673095703,103.25279966863545,99.28586400048722,100.42600905945747,33348000
2021-02-24,103.90543365478516,104.18365179812922,101.07666055761801,101.26015165101427,24966000
2021-02-25,100.74092864990234,103.89106884160505,100.24152679311811,102.530731328359,36568000
2021-02-26,101.0136947631836,102.70728726128223,99.98216257499156,101.69113176242305,41670000
2021-03-01,103.22799682617188,103.47645290803231,101.47191411290233,101.98866765105252,28090000
2021-03-02,102.94680786132812,104.36169010953145,102.71967633138374,102.9641671726622,22692000
2021-03-03,100.51032257080078,103.57555797954912,99.68162348584544,102.51882684095492,29684000
2021-03-04,101.6202163696289,103.6113690935488,100.19094848480383,100.34469268396195,42360000
2021-03-05,104.56849670410156,105.04310058204629,101.48753674558803,102.81191448554497,43904000
2021-03-08,100.38436126708984,105.57375168049137,100.25739764038802,104.20102651810076,32948000
2021-03-09,101.79924011230469,103.05592117202524,101.55772318729781,102.65719425463155,33946000
2021-03-10,101.914794921875,102.90516114493448,100.84061363645368,102.74447777240003,25372000
2021-03-11,104.87747192382812,105.41952291446036,102.77523183846608,102.85854746168593,24782000
2021-03-12,102.25647735595703,103.6619383704102,101.5438299447497,103.40107952720192,34516000
2021-03-15,102.48311614990234,102.51137989355374,101.34347054846003,102.27531898774244,25962000
2021-03-16,103.77401733398438,105.31338114825205,102.65718703246479,103.10302772896671,29832000
2021-03-17,103.7026138305664,104.62999767010318,101.86370714541927,102.9562390438539,25980000
2021-03-18,100.98193359375,102.92994490391536,100.84952155337616,102.21085020963008,27228000
2021-03-19,101.32809448242188,101.81905875615668,100.06248423498663,101.27105999211454,46298000
2021-03-22,101.09947967529297,102.06158212659268,100.47857777005784,101.260662483321,39096000
2021-03-23,101.81212615966797,102.77134540135853,101.13071643683558,101.74963566591305,27340000
2021-03-24,101.42034912109375,103.06435325966754,101.24652897185213,102.4275827799817,23080000
2021-03-25,101.3856430053711,102.10522970269726,99.71783215990258,101.40795888021246,28378000
2021-03-26,100.9487075805664,101.71442422177083,99.88097373507779,101.11286430960193,29870000
2021-03-29,101.96041870117188,102.08340951176949,99.96033673620393,100.56834403695373,24596000
2021-03-30,101.94007873535156,102.69587473490607,101.36926459557569,102.04372760151593,20732000
2021-03-31,102.5892562866211,103.81404889056168,101.99984177773698,102.11762630502906,29198000
2021-04-01,106.01709747314453,106.27449050411947,103.99073462742018,104.0433044335642,33980000
2021-04-05,110.37135314941406,110.95457003440771,106.70495900248957,106.77042343492305,43298000
2021-04-06,110.33168029785156,110.97192408147426,109.83822636512436,110.22009337439015,27060000
2021-04-07,111.56803131103516,111.83186409294996,110.36044676097164,110.40012194455343,25798000
2021-04-08,112.349609375,113.27029605307665,111.96476844278119,112.97051120230623,27166000
2021-04-09,113.36329650878906,113.52001462822392,111.76809372118751,111.91617758788094,20888000
2021-04-12,111.82145690917969,112.83959496595372,111.01185005334601,112.38978899596074,31318000
2021-04-13,112.44037628173828,112.93332324634763,111.8859225637541,112.15273686213548,23310000
2021-04-14,111.82392883300781,112.97200442011726,111.54373561170023,112.83166187326306,20220000
2021-04-15,113.89790344238281,114.39070661026797,112.37738966180343,112.9219151037315,27472000
2021-04-16,113.95246124267578,114.38292528035456,113.29238359340718,114.21232879155382,22596000
2021-04-19,114.18257141113281,114.97853447099182,113.4607448735673,113.66581026273037,24688000
2021-04-20,113.74765014648438,114.53964800990812,112.6605742245064,114.45484163451145,21774000
2021-04-21,113.73077392578125,113.83144885494853,112.00891027141758,113.33204702464222,23930000
2021-04-22,112.47261810302734,114.25012400889764,111.90378654945735,113.72780845319642,21096000
2021-04-23,114.82231903076172,115.3440367542514,112.98292050149439,113.24377936323923,28670000
2021-04-26,115.38964080810547,116.10973434304381,114.74989651132617,115.05191369386196,20834000
2021-04-27,114.41664123535156,115.92078693765326,114.27529981849997,115.84888276467308,31972000
2021-04-28,118.0265121459961,121.62040445689436,117.77557397263499,119.3771711052767,59728000
2021-04-29,120.50515747070312,120.83395524862783,119.1358982318864,119.53512456951526,39554000
2021-04-30,119.52471160888672,120.36878739121467,119.12995750274901,119.24550968617736,39142000
2021-05-03,118.7833023071289,119.99981633592999,118.2541459467658,119.15773073550088,33788000
2021-05-04,116.75395965576172,117.99427268291278,114.64378162886055,117.52215084548284,35120000
2021-05-05,116.87744903564453,118.1400855752014,116.61312435657155,117.45669314913779,21806000
2021-05-06,118.09793090820312,118.16537797136176,116.16321496624148,116.57493490479582,20618000
2021-05-07,118.9578628540039,119.83664964026104,118.52689939698048,119.02282784634022,23272000
2021-05-10,116.12958526611328,117.93179064207953,115.78591022956242,117.77755458881681,26006000
2021-05-11,114.49798583984375,115.15459011455543,113.22047209344697,113.65986550827408,32110000
2021-05-12,111.04235076904297,113.33800249560635,110.59452743509554,112.16463710390964,34934000
2021-05-13,112.17752838134766,112.90311582105595,111.22286462130927,112.1338803826801,26670000
2021-05-14,114.86495971679688,115.1119326236627,113.23633242214161,113.65836649355792,26624000
2021-05-17,115.12533569335938,115.2210464992058,113.81558537815492,114.52575834677255,19842000
2021-05-18,114.23365020751953,116.20347810765156,114.22025614360614,115.89381794414857,17302000
2021-05-19,114.49549865722656,114.89471742853954,112.25439937646723,112.298039808914,19350000
2021-05-20,116.84520721435547,117.05597832671963,115.10945757626834,115.45413149383423,23832000
2021-05-21,116.3001708984375,117.48543951800234,116.16478492201755,117.33616760637861,22832000
2021-05-24,119.3536148071289,119.93930617980122,117.04456906057555,117.38626145885,21244000
2021-05-25,119.47262573242188,120.6539290957129,119.17110040803736,120.01467664119534,18838000
2021-05-26,120.68567657470703,121.15254672504285,119.64348219282084,119.65935075326648,21856000
2021-05-27,119.1473159790039,121.00654832712928,119.12201860202367,120.85479433431992,38962000
2021-05-28,119.59613037109375,120.41837457738201,119.40420175282276,120.11189265613478,24108000
2021-06-01,120.50119018554688,120.90591791989131,119.26484245604037,120.11386716642556,19166000
2021-06-02,120.07815551757812,121.10571469039483,119.23110592947583,120.77394300754777,17158000
2021-06-03,119.25144958496094,119.50611084029113,118.17132051468295,118.77585438583316,18346000
2021-06-04,121.5897445678711,121.69383989549081,119.90408282793338,120.13965185590673,25948000
2021-06-07,122.30042266845703,122.3951497296109,121.05976150826854,121.56794139257822,23850000
2021-06-08,123.13159942626953,123.70910303235581,122.40704867314372,122.98530143873788,25060000
2021-06-09,123.55561828613281,124.23008130569276,123.35377654976504,123.95731913468177,20126000
2021-06-10,125.0533218383789,125.13564614405618,123.68455445066795,123.68505389033838,31234000
2021-06-11,124.6729507446289,125.32063321691727,123.89731333690504,125.21797565856859,25240000
2021-06-14,125.3230972290039,125.38211434757834,124.0287237048292,124.64615975507203,22550000
2021-06-15,125.00670623779297,125.82895802416824,124.62533862647724,125.49173028778168,22182000
2021-06-16,124.6729507446289,125.49321233203597,123.1389898384766,125.21945884310614,26316000
2021-06-17,125.34195709228516,126.1607354906735,124.49292475640367,124.5008628205433,25756000
2021-06-18,124.54499053955078,125.35980365948708,123.5883441205788,124.68186727822429,53306000
2021-06-21,125.4252700805664,126.00228182127941,124.11527007424792,124.71608843961218,26256000
2021-06-22,125.96533203125,126.2336295153281,125.00025565170033,125.4203071266317,20984000
2021-06-23,125.43170928955078,126.75533785975442,125.22391212785628,125.51948959092208,19694000
2021-06-24,126.24552917480469,126.4969667786832,125.92615264151272,126.01888950718013,18934000
2021-06-25,125.96087646484375,126.46671806241827,125.41436080170116,125.92318390287267,33484000
2021-06-28,125.78679656982422,126.30007675093158,124.94798011203494,125.96582298219411,28110000
2021-06-29,124.99231719970703,125.96582345375937,124.4155476428762,125.74017510603586,20950000
2021-06-30,124.29553985595703,124.77559974075643,123.74158560373274,124.63033847326153,24006000
2021-07-01,125.33946990966797,125.43270621497808,123.8330841980485,123.8330841980485,17120000
2021-07-02,127.67082977294922,127.7987922755015,125.73671173466799,125.80664085862337,21160000
2021-07-06,128.71424865722656,128.8268344566273,127.3633401406907,128.39536402308573,21350000
2021-07-07,129.01824951171875,129.5760630079423,128.70333014146559,129.27960776839413,16680000
2021-07-08,128.12510681152344,128.97363970343406,126.99735686608915,127.20565348420647,19780000
2021-07-09,128.51934814453125,128.7921178574575,127.8934897447843,127.89448862405263,15106000
2021-07-12,129.50082397460938,129.705155372894,128.5446843984275,128.77627309974977,16944000
2021-07-13,129.92782592773438,130.96679679947795,129.57322371175232,129.81573954226434,16618000
2021-07-14,131.00694274902344,131.9130019655369,130.8239359498506,130.82741689293775,17912000
2021-07-15,130.1975860595703,131.5152744441886,129.53454203349636,131.42104682249638,16586000
2021-07-16,130.77186584472656,131.1066114747316,129.7562023813027,130.56903281582123,14856000
2021-07-19,128.2014617919922,130.17822872034688,127.4903051598311,130.08748205269194,25710000
2021-07-20,130.033935546875,130.92644940382326,128.136412826896,128.94536891059235,19084000
2021-07-21,131.52072143554688,131.53733915599082,129.53800642236,129.72199697558133,14742000
2021-07-22,132.2427978515625,132.41735957909924,131.32184625781025,131.56981048045304,13608000
2021-07-23,136.69375610351562,137.67818202784161,133.6036318518267,134.15856990036633,26378000
2021-07-26,138.50738525390625,138.5753241940998,136.5301184282154,137.12423984417393,23052000
2021-07-27,135.6825408935547,138.87087276955617,133.99986819693672,138.87087276955617,42164000
2021-07-28,135.27093505859375,138.53860236097634,135.2396973772104,137.433675323789,54688000
2021-07-29,135.42861938476562,136.03465151348794,135.02940065761138,135.27002460722946,19284000
2021-07-30,134.119873046875,134.6657454552504,133.7163863437784,134.40752001908257,23954000
2021-08-02,134.8821258544922,134.91286409552185,133.5728674817724,134.38123327688623,20140000
2021-08-03,135.17022705078125,135.22527134312116,133.09080291266332,134.89250839132637,19064000
2021-08-04,134.92080688476562,135.42614900508227,134.31229264003457,135.14000035372476,16528000
2021-08-05,135.8249053955078,135.83481851746828,134.495820595015,134.92082867271478,11866000
2021-08-06,135.9200897216797,135.96378312229734,134.9386454392917,135.1851264654293,13560000
2021-08-09,136.8782196044922,137.19512160217027,135.31778865895504,135.8338005798125,12374000
2021-08-10,136.97195434570312,137.42325102283073,136.10904374028016,136.95509447453642,16034000
2021-08-11,136.5682830810547,137.71710027555653,136.2315547982814,137.15695597811745,15204000
2021-08-12,137.26258850097656,137.29085981526595,135.6652138400158,136.59159882270004,14646000
2021-08-13,137.27896118164062,137.5447690416082,136.8812255692767,137.2308484909365,12580000
2021-08-16,137.78480529785156,137.8586921051177,135.05695643639137,136.87626393632073,18040000
2021-08-17,136.1824493408203,137.58890164180414,135.67362628734912,137.06568564592217,21272000
2021-08-18,135.45791625976562,137.16787674028544,135.3101275100995,135.99896080782642,14934000
2021-08-19,135.79859924316406,136.33271213190196,134.25378694599894,134.3643749961536,18296000
2021-08-20,137.30967712402344,137.4857371554988,135.35571800568246,135.9666991344249,15564000
2021-08-23,139.9505157470703,141.01924095558488,137.61811738115105,137.86662645038294,21090000
2021-08-24,141.2389373779297,141.84298696486948,140.20244870380733,140.39090394174517,15126000
2021-08-25,141.7859344482422,142.14598502486044,141.27959346079618,141.71947870709334,12838000
2021-08-26,140.96566772460938,141.96922353800807,140.9344300464834,141.45713144640425,14922000
2021-08-27,143.37342834472656,143.8301735180381,140.86353196655597,140.95527752607134,24562000
2021-08-30,144.28492736816406,145.29662566034017,143.42251613380694,143.52615743266585,16916000
2021-08-31,144.27748107910156,144.92218195274148,143.8192376626954,144.69654118732765,26756000
2021-09-01,144.65440368652344,145.62493612300773,144.42876287850896,144.4639658109284,15824000
2021-09-02,143.0446014404297,145.13345481264417,142.9330296491548,144.76100904331656,21844000
2021-09-03,143.5960693359375,144.1931721234779,142.33642203390758,142.97219355696024,19104000
2021-09-07,144.33404541015625,144.63656968484273,143.36401234888478,143.57081067242854,15170000
2021-09-08,143.70370483398438,144.36576510705856,143.02576843274798,144.20954642746838,15486000
2021-09-09,143.73345947265625,144.48330005470353,143.2578718159754,143.70370497504186,14798000
2021-09-10,140.76531982421875,144.82994116432178,140.58727716265707,144.25912706848192,32896000
2021-09-13,142.29676818847656,143.01685434920066,141.1239020687289,142.03492555482123,20176000
2021-09-14,142.23825073242188,143.54897728686788,141.7418227927835,142.98709247582508,18916000
2021-09-15,144.0235595703125,144.39600532897148,141.0975848875826,142.58835166695877,20648000
2021-09-16,143.1978759765625,144.01763818665523,142.24851672400646,143.9392866873171,20292000
2021-09-17,140.3115692138672,143.07487844486909,139.91283469312881,142.62754692473456,60040000
2021-09-20,137.8849639892578,138.2276552577984,135.93695262823385,137.86830086658577,34918000
2021-09-21,138.5093536376953,139.66496628729828,137.7743902885149,138.9760270628421,18130000
2021-09-22,139.7908477783203,140.43058466000636,138.33604040306435,138.9100782593565,22068000
2021-09-23,140.67160034179688,141.09408089300973,139.94753390686492,140.4563569816196,17272000
2021-09-24,141.4715118408203,141.73981686404917,139.70352581850815,139.79825286839474,14950000
2021-09-27,140.34877014160156,141.3396283028573,139.3559142214137,140.43257007498897,18844000
2021-09-28,135.07505798339844,138.46968913621683,134.59499048286386,137.95590188816678,42190000
2021-09-29,133.42556762695312,136.27963805269547,133.15677830273432,135.99318672727375,26338000
2021-09-30,132.18031311035156,134.48587801473155,131.91697218861034,133.23117959892056,35294000
2021-10-01,135.35128784179688,135.9548380683983,132.29141729053384,132.4669779271741,28388000
2021-10-04,132.6757354736328,134.59497612251346,130.09839984056077,134.59447668285938,31530000
2021-10-05,135.06808471679688,136.2434325974062,132.90881053675187,132.90881053675187,24126000
2021-10-06,136.2355194091797,136.72946524555218,133.39136181809286,133.5292374368493,19764000
2021-10-07,138.05210876464844,139.0131669489708,137.43468022513545,137.73224034169994,18250000
2021-10-08,138.91549682617188,139.17437302699003,138.29395179166733,138.76672435882065,18924000
2021-10-11,137.71685791015625,139.6174074854393,137.67619141303666,138.66160102504108,16584000
2021-10-12,135.59970092773438,138.55742738035477,135.14047382350796,138.50038532927778,22536000
2021-10-13,136.77706909179688,137.42178519822306,135.86109669354516,136.628296601218,16380000
2021-10-14,140.26046752929688,140.49801918906078,138.20435015615175,138.81234982662167,21426000
2021-10-15,140.52134704589844,141.04206593021644,139.91581421553272,141.04206593021644,21250000
2021-10-18,141.7963409423828,141.83428321884222,140.06357302291147,140.06357302291147,16564000
2021-10-19,142.65086364746094,142.9335313902498,141.93076238912747,142.12468120844287,15316000
2021-10-20,141.25527954101562,143.07311865212085,140.75638477231246,143.04807099885656,17940000
2021-10-21,141.61782836914062,141.68626673833953,140.48363114973878,141.03411960680904,14850000
2021-10-22,137.4961700439453,140.40578459355413,136.05351580156398,139.20811308570865,30182000
2021-10-25,137.64297485351562,138.07225087976113,135.63496980013193,137.68017554708888,21082000
2021-10-26,138.53463745117188,139.69262617284093,137.87356093655993,139.46103750922848,28258000
2021-10-27,145.23513793945312,147.9037198422435,138.76326230699843,138.76326230699843,51850000
2021-10-28,144.93905639648438,146.22400872000406,143.5846819591395,146.099527166437,32418000
2021-10-29,147.0631103515625,147.40283526184257,143.9843978098463,144.33501958542695,28954000
2021-11-01,142.60325622558594,147.19109447848206,142.41033627780766,146.9584917737355,32272000
2021-11-02,144.67523193359375,145.7241157796254,143.46318266068823,143.6302073941063,21150000
2021-11-03,145.59466552734375,145.71419808471285,143.87231004161617,145.083859836819,17886000
2021-11-04,147.47227478027344,148.72895591938303,145.44094750314585,146.00134913644004,24700000
2021-11-05,148.0257110595703,149.34464038331402,147.44150287310572,148.13729798630285,20408000
2021-11-08,148.1352996826172,149.80459331547956,147.9056785415364,148.77851735305836,18388000
2021-11-09,148.03314208984375,149.1539299662656,146.3058226499153,148.52658841923216,16876000
2021-11-10,145.43202209472656,147.48912333029622,144.14160617188625,146.8044974704789,22708000
2021-11-11,145.55299377441406,147.29295046717328,145.49993210257358,145.90906392655074,12464000
2021-11-12,148.42691040039062,148.6391722511744,145.26140136750428,146.62768663248505,17048000
2021-11-15,148.1715087890625,149.25164535810114,147.44199397309475,148.77852468547414,16248000
2021-11-16,147.86209106445312,148.6124311927554,147.14200487774744,147.9558192587041,17254000
2021-11-17,147.84817504882812,148.40759289424042,147.3532454603025,148.0138225427555,15290000
2021-11-18,149.48175048828125,150.37541445987873,147.7851843462933,147.93147475324122,26658000
2021-11-19,148.73143005371094,150.61348529279465,148.66695692984382,149.7704008237472,19766000
2021-11-22,145.88082885742188,149.5169765505897,145.80841010771093,148.9191321511994,24608000
2021-11-23,145.5619659423828,146.49133246851838,143.70966506842373,145.91506982990816,18126000
2021-11-24,145.5227813720703,145.80298219146653,144.0166527805701,145.15828118116943,16464000
2021-11-26,141.6431427001953,144.11385603633028,141.32525686306099,143.8346540784435,16992000
2021-11-29,144.92417907714844,145.66608913604432,143.1234569230208,143.1234569230208,26276000
2021-11-30,141.2919921875,145.43448087383499,140.90913385773533,144.26583749124265,41590000
2021-12-01,140.46478271484375,145.30618418230642,140.34774735733794,143.03815306823626,28476000
2021-12-02,142.605712890625,143.4968948300381,139.8339590769226,140.66911296899335,21250000
2021-12-03,141.3599395751953,144.03051922813086,140.00060097130702,143.31886308472778,26688000
2021-12-06,142.6255645751953,143.17605310289463,139.50172038967924,142.40488788582726,22198000
2021-12-07,146.83102416992188,147.09238246065695,144.5160305102352,144.76151267340174,23258000
2021-12-08,147.50946044921875,147.9418995287631,146.0013342672136,147.12362060412363,18964000
2021-12-09,146.89996337890625,148.38674987551974,146.3276660542158,146.96938549315905,18580000
2021-12-10,147.46432495117188,148.18341210986637,146.15754866614847,147.88586715290862,21634000
2021-12-13,145.50987243652344,147.3527442966954,145.16818002659699,147.23520949333408,24104000
2021-12-14,143.7899932861328,144.25765041733064,141.0841957169762,143.59112549636131,24778000
2021-12-15,146.16845703125,146.31598847419517,141.54343407521984,143.19040439571407,27280000
2021-12-16,143.6590576171875,147.341819514539,142.9191302365743,146.87118090224754,27400000
2021-12-17,141.64015197753906,143.2837627024436,140.63341770672946,141.552371662581,43404000
2021-12-20,141.24191284179688,141.44921056775706,139.1079282715907,139.53402597011473,20264000
2021-12-21,143.04611206054688,143.5138146327481,140.58084745886237,141.98431840433483,19548000
2021-12-22,145.7523956298828,146.10350173875807,142.7907030762423,142.92659607816438,18438000
2021-12-23,145.94430541992188,147.3627594611323,145.75421565798936,145.89172804468672,13818000
2021-12-27,146.85829162597656,147.21784276979406,146.05092473124705,146.26268714250668,13256000
2021-12-28,145.25546264648438,147.1662734599647,144.7471389936202,147.1662734599647,18624000
2021-12-29,145.31150817871094,145.98522204933386,144.31965122655677,145.23712193420658,17022000
2021-12-30,144.8135986328125,145.86496459185528,144.57158226482935,145.25744917523272,12978000
2021-12-31,143.50135803222656,145.1731338489245,143.49937540820554,144.35882021952196,17298000
2022-01-03,143.8931427001953,144.3647802388687,142.33395255453507,143.2990213634125,25214000
2022-01-04,143.24050903320312,145.41614392228843,142.6450407319429,144.36527744629393,22928000
2022-01-05,136.53257751464844,143.12297142958533,136.4036312742757,143.0069198132499,49642000
2022-01-06,136.430908203125,138.54853244579658,135.64982994740717,136.37784652077218,29050000
2022-01-07,135.8888702392578,137.12893361037086,134.68326820743425,136.78203490248566,19408000
2022-01-10,137.44557189941406,137.51102875887284,132.05631569486317,133.99886340012452,34096000
2022-01-11,138.8773193359375,139.18677516420928,135.69941517136434,137.05527271953207,23502000
2022-01-12,140.49453735351562,141.6513001175149,139.9629065495199,140.40180805878276,23642000
2022-01-13,137.998046875,142.0195352618141,137.78281863752508,140.6854864452426,26566000
2022-01-14,138.64820861816406,140.0506957786099,136.38032870256765,136.38032870256765,23826000
2022-01-18,135.18069458007812,136.27272716982023,134.51268634161875,135.4876835489691,27382000
2022-01-19,134.54736328125,137.27250279107776,134.39660817793836,135.8234013322,20796000
2022-01-20,132.4193572998047,136.7889856298295,132.06030554878896,135.40237450285642,21930000
2022-01-21,129.03265380859375,133.66314091482835,128.9424065676123,131.9288743805229,41920000
2022-01-24,129.31036376953125,129.7135629282899,123.62698248152874,125.00124370343332,55148000
2022-01-25,125.70347595214844,128.28528386678755,125.34888892865018,127.38963721248719,36008000
2022-01-26,128.1875762939453,131.72601508162822,126.11806505451936,129.52905593596196,39630000
2022-01-27,128.06954956054688,131.53009110699497,127.89498784144216,130.29129920200455,30248000
2022-01-28,132.20411682128906,132.2844509351853,127.6465331003986,128.94139854550426,30518000
2022-01-31,134.59349060058594,134.7373140839279,131.19687724485914,133.10520586088276,34056000
2022-02-01,136.7557373046875,137.0746219650003,133.47245120083087,136.71260387887395,51204000
2022-02-02,146.83102416992188,150.86144173738364,144.37220702092745,150.62685643965975,89750000
2022-02-03,141.4888916015625,147.9034378536039,141.04702367566068,144.11185811197646,56930000
2022-02-04,141.85142517089844,143.35829530093045,138.67896902619984,141.85240891577317,49224000
2022-02-07,137.80661010742188,142.67513253913998,137.56955789500157,142.5387552495965,44610000
2022-02-08,138.07937622070312,138.69839386420134,135.75843463734276,137.85944114832554,34256000
2022-02-09,140.3011474609375,141.0177677570019,139.2339053613055,139.70280356643048,28628000
2022-02-10,137.47384643554688,140.27932023938678,136.92585515604796,138.36404470854862,33018000
2022-02-11,133.0377655029297,138.1490459350659,132.20311105371576,137.62013935404576,38808000
2022-02-14,134.1982421875,135.0576870426663,132.21651100289205,132.27948580420832,26792000
2022-02-15,135.31459045410156,136.77707097367588,134.43580359913548,136.35206292302303,26578000
2022-02-16,136.36793518066406,136.8226977169329,133.72577816333373,135.31953560623597,25610000
2022-02-17,131.23110961914062,135.72520421105324,131.1254705562513,135.0413199224027,30968000
2022-02-18,129.4051055908203,132.73428000129533,129.24596593247225,131.95418541737772,31858000
2022-02-22,128.3487548828125,130.82667171882133,126.70078566326686,128.92651574678425,38906000
2022-02-23,126.54605865478516,130.67614457335023,126.46522510412103,130.0111179772574,26432000
2022-02-24,131.59310913085938,131.95365913653217,123.7485244494443,123.98210328135261,43166000
2022-02-25,133.424072265625,134.28649847358682,130.69200156797197,132.43816340585283,26236000
2022-02-28,133.79258728027344,134.5359805809831,131.74365858784532,132.19916273433566,29676000
2022-03-01,133.075439453125,135.00261039234698,132.2923635628325,133.3848952566234,24640000
2022-03-02,133.65419006347656,134.51115278442808,132.34593067198387,133.51210705790828,23966000
2022-03-03,133.21432495117188,135.60054189006348,132.34446747584224,134.87122371905593,19780000
2022-03-04,131.04612731933594,133.10622536869352,129.34657934623405,132.29637629089302,24446000
2022-03-07,125.43470001220703,130.82991264180234,125.38064701422368,130.82991264180234,39178000
2022-03-08,126.24205017089844,130.17774028685503,124.83584009566592,125.22242149299747,35250000
2022-03-09,132.77593994140625,133.10573666496728,129.02870393708844,130.33001694162914,32258000
2022-03-10,131.6015625,132.4510790866885,130.33098801378605,130.391980190023,24266000
2022-03-11,129.4130401611328,133.10721432081098,129.2354968999978,132.90834649613157,26600000
2022-03-14,125.70893859863281,129.95904924687525,125.38361418160247,129.50973514425857,30254000
2022-03-15,128.60467529296875,129.4544340852054,125.53735131658534,126.70129550870867,30292000
2022-03-16,132.6018524169922,132.68168709122355,128.14890887366607,129.93325546270913,32058000
2022-03-17,133.50442504882812,133.64230066047486,131.6382461059397,132.23534890575297,23994000
2022-03-18,135.6875,135.79858748020033,131.84951836628343,132.79376194798616,45900000
2022-03-21,135.3671417236328,136.46215561109332,133.51534054033283,135.73314018726143,26632000
2022-03-22,139.1352081298828,140.34775687011285,135.38847217505585,135.38847217505585,29776000
2022-03-23,137.37564086914062,138.8847507178604,137.04139467246642,138.00547966111682,25302000
2022-03-24,140.1613006591797,140.24511572831952,136.91535097994054,138.13841836571103,20544000
2022-03-25,140.3690643310547,140.8035011286301,138.561895033438,140.59966922513783,19270000
2022-03-28,140.79409790039062,140.82038659067192,138.68953462782537,139.538899963045,23774000
2022-03-29,142.08352661132812,142.98860225001476,141.32375767153167,141.99476254623167,28678000
2022-03-30,141.48292541503906,142.31211629018165,141.01030417226778,141.7065835655986,21046000
2022-03-31,138.51231384277344,141.48292016036712,138.48205990946963,141.28851707217936,29516000
2022-04-01,139.55426025390625,139.80222447437677,137.66675672876087,138.869876583882,23480000
2022-04-04,142.47280883789062,142.8707865822871,139.67774769502145,139.67774769502145,19076000
2022-04-05,139.914306640625,142.42072176241064,139.79577296652621,142.23178223388035,19256000
2022-04-06,136.05894470214844,138.70968263262088,135.30722754054727,138.02828051526862,23574000
2022-04-07,135.35377502441406,136.58021746310087,133.75912440552574,135.505529039083,19448000
2022-04-08,132.9192352294922,135.14050066199738,132.66334051175537,135.14050066199738,16434000
2022-04-11,128.7395477294922,131.85665660346615,128.5620044968228,131.8177759824852,24188000
2022-04-12,127.32913208007812,131.3451567351817,126.5371342725603,131.3451567351817,23004000
2022-04-13,129.22506713867188,129.5918072061181,127.3927137751121,127.57908044689044,19542000
2022-04-14,126.21675872802734,129.64585832185617,126.07641618933224,129.5856077398929,23484000
2022-04-18,126.91899871826172,127.66389026900758,125.54771145968448,126.372490654191,14918000
2022-04-19,129.46807861328125,129.8377850389629,126.41364942253973,127.03405185641705,22720000
2022-04-20,127.2011947631836,130.84923861139282,126.85260854783485,130.21495018046843,22610000
2022-04-21,123.92012023925781,129.2463868974357,123.63496289673303,128.29669482178198,30158000
2022-04-22,118.63996887207031,124.43043444035219,118.17032911287211,123.98211167386549,46410000
2022-04-25,122.24636840820312,122.27414028157251,117.802104375038,118.45697574326334,34522000
2022-04-26,118.5328369140625,121.75042368147376,118.19149263703301,121.75042368147376,49394000
2022-04-27,114.0838851928711,116.54319437685157,112.20307852585847,113.44165871065381,62238000
2022-04-28,118.4391098022461,119.45774718109416,114.20626062837029,116.16130946278703,36790000
2022-04-29,114.03032684326172,117.99130752083718,113.76004671950072,116.62056496412214,33694000
2022-05-02,116.2029800415039,116.3839966554359,112.47607792991387,112.9789531467625,30280000
2022-05-03,117.16755676269531,118.32852691722351,115.67728940281938,115.81416613437398,21216000
2022-05-04,121.57685852050781,122.14023403611007,114.79603421941222,117.04258953004054,33232000
2022-05-05,115.79582977294922,120.24604943353222,114.24457004729443,119.24153997470219,43090000
2022-05-06,114.71817779541016,116.54170018861572,113.21352493889884,114.57831954923846,35310000
2022-05-09,112.16314697265625,114.62185819675791,111.63498195484415,112.38085726497177,34520000
2022-05-10,113.65143585205078,115.74078124623347,112.46001491043951,115.09557327549719,31158000
2022-05-11,113.03300476074219,115.72093610000917,112.72454022566374,112.78454865887946,36502000
2022-05-12,112.23953247070312,113.92122164656048,109.21684767381153,111.02649178988709,41464000
2022-05-13,115.56671142578125,117.12342709574136,113.07169236088193,113.9103045672657,29738000
2022-05-16,113.85774230957031,115.65795752882275,113.40396351708753,114.44442502981842,23282000
2022-05-17,115.75118255615234,116.27290022982957,114.39829138164313,116.27290022982957,21576000
2022-05-18,111.4857177734375,114.75353662365794,111.22882415102694,114.29912216549387,27982000
2022-05-19,109.84369659423828,112.6625569958735,109.56845991270403,110.93028064519787,29192000
2022-05-20,108.42285919189453,111.63349956309943,105.50679742060069,111.17278159920751,37586000
2022-05-23,110.75718688964844,111.09343086482058,108.26539912882214,109.207410454593,31558000
2022-05-24,105.06343841552734,105.52861349857328,101.37571209264136,105.51126175362559,60386000
2022-05-25,104.97765350341797,105.67711128104558,103.3626621585836,104.28583109987754,37900000
2022-05-26,107.41413116455078,108.06801875059715,104.62899835533469,105.18691785474478,30288000
2022-05-27,111.8804702758789,111.94890107701129,108.65792665599318,108.89447944194897,29924000
2022-05-31,113.11038208007812,115.48538439732273,111.65582445287228,112.15820026643165,51302000
2022-06-01,113.20758056640625,116.44301904748123,112.62585439236594,113.99561317282763,28630000
2022-06-02,116.78717803955078,116.93794070348511,112.38531385818892,113.25815272326152,27472000
2022-06-03,113.63111114501953,115.41694868885781,112.7424035580541,115.04797624113641,25052000
2022-06-06,116.05767059326172,118.42622536972688,115.57939657557185,115.79185518229401,23786000
2022-06-07,116.27488708496094,116.78980937137999,114.1880238815807,114.70626819844588,26414000
2022-06-08,116.2833251953125,117.67986451634303,115.7464804971176,115.92477289995044,22544000
2022-06-09,113.98220825195312,117.38626027838868,113.93162106899051,115.3941165816986,23142000
2022-06-10,110.52013397216797,112.57278560545764,109.95824921074501,111.86286238597674,31324000
2022-06-13,106.00619506835938,108.32911916518806,105.72009181966114,106.57105374903755,36756000
2022-06-14,106.32111358642578,107.57432126446997,105.48596719358486,106.01958822766298,25480000
2022-06-15,109.49158477783203,111.1504660901667,107.23833241623441,108.0127211991649,33192000
2022-06-16,105.76766204833984,108.40054166869876,104.93103244483551,107.26883400950427,35314000
2022-06-17,106.98714447021484,108.3598695499817,104.76840641826533,105.66748107222463,43516000
2022-06-21,111.10285186767578,111.75549087327158,108.40351666025404,108.80869087645922,39010000
2022-06-22,111.12169647216797,112.8430682995551,109.82266143221469,110.25779446962706,23922000
2022-06-23,111.76690673828125,112.27473852865349,110.12488524797638,112.03024009853343,24710000
2022-06-24,117.5727310180664,117.67141575143225,112.67791224534238,112.67791224534238,39122000
2022-06-27,115.67283630371094,118.27894289682077,115.056149357734,117.96650553179394,32840000
2022-06-28,111.65482330322266,116.89678316085518,111.52835912511081,115.40354178922794,28232000
2022-06-29,111.34237670898438,112.73890828321598,110.6455978898518,111.23525447605533,18628000
2022-06-30,108.48186492919922,110.42323227381036,106.43616010018945,109.59968655092797,38046000
2022-07-01,108.19274139404297,108.91218421153235,106.23283426116491,107.45479660765851,31028000
2022-07-05,112.9596176147461,113.1238651724635,105.38430534240078,106.63901139181101,36398000
2022-07-06,114.27531433105469,115.40453992310127,111.33644466256241,113.16294861248159,28852000
2022-07-07,118.33448791503906,118.8859601505104,114.59320026058536,115.06334706498734,32184000
2022-07-08,119.18995666503906,119.45428131815726,116.55706972303881,116.59277965828258,29082000
2022-07-11,115.57363891601562,117.82714082758804,115.28798214540774,117.68381678628063,26718000
2022-07-12,113.91426086425781,116.88983128437256,113.6816657816491,115.88706247880238,24970000
2022-07-13,111.27344512939453,114.21926129610233,110.91241079632759,111.72176789322917,38958000
2022-07-14,110.53253173828125,111.07557397863144,108.43524845468356,109.92352562834641,32366000
2022-07-15,111.84871673583984,113.07217733407398,110.91191177981867,112.0431198257385,34330000
2022-07-18,109.0149917602539,113.86517122898545,108.40995846669075,112.51624528601846,33354000
2022-07-19,113.68665313720703,113.87510082324313,109.6001995344219,110.82018698553439,30992300
2022-07-20,113.76598358154297,115.3827151741302,112.3377147890446,113.13119576992867,26780100
2022-07-21,114.10321807861328,114.27183193457435,110.99870872230288,114.15280638298958,27267800
2022-07-22,107.47761535644531,112.25836535921906,106.72380198612633,110.89951866851176,44455300
2022-07-25,107.32884216308594,109.67954591381245,106.13861682214005,107.99338451899291,28289900
2022-07-26,104.5813980102539,106.86266442829675,103.90693498942647,106.55519119890721,36626600
2022-07-27,112.67494201660156,113.46843056132589,107.53712298604391,108.70751442751512,41474600
2022-07-28,113.65687561035156,113.76598047192189,110.94018120523863,111.88145846429053,23303800
2022-07-29,115.69019317626953,115.94807810017339,112.30796493707679,112.4765788011698,31336200
2022-08-01,114.5396499633789,116.16629484188556,113.75608202343376,114.58923827313642,22856200
2022-08-02,114.95620727539062,116.12659862897937,113.32956269138823,113.49817653511928,17911000
2022-08-03,117.81275177001953,118.44753952890572,115.20417105982365,115.39261870972402,25302800
2022-08-04,117.90203094482422,118.52689805975137,116.75147332300183,117.33667282162322,15757700
2022-08-05,117.25733947753906,117.89212737233298,115.75963324110249,115.97784299880077,15615700
2022-08-08,117.177978515625,119.87583060846961,116.87050528514878,118.15000164832587,17061100
2022-08-09,116.54319763183594,117.237494505714,115.61084962925537,117.02920544355058,15424300
2022-08-10,119.66753387451172,120.78832942271977,118.38803759349503,118.61616043782314,20497000
2022-08-11,118.84429168701172,121.34376770822398,118.57649365759406,121.08589036649364,16671600
2022-08-12,121.65125274658203,121.65125274658203,119.4195746766714,120.17338805467618,16121100
2022-08-15,121.8793716430664,122.25628210346436,120.5800415416335,121.21482934441504,15525000
2022-08-16,121.51239776611328,122.22454579351354,120.5453387477238,121.32394252299758,15626200
2022-08-17,119.34021759033203,121.1553174678478,119.22119204241929,119.94525088283729,17589200
2022-08-18,119.87583923339844,120.69908237058586,118.57650896749507,119.25097203923308,15652000
2022-08-19,117.15814971923828,119.022838125657,116.71180953590611,118.89389944190411,20187000
2022-08-22,114.13296508789062,115.55132065701505,113.73622084256763,115.15457641169206,19316000
2022-08-23,113.83541870117188,114.98597639424027,113.36925229167139,113.38908610105244,14390700
2022-08-24,113.76598358154297,114.77470792262488,112.85347704825587,113.51801935615401,16051200
2022-08-25,116.74156188964844,116.82091226308526,114.11314698314965,114.21233116631161,14874700
2022-08-26,110.3936767578125,115.6505138236855,110.31432638912133,114.86694595921252,31698700
2022-08-29,109.44149780273438,111.04830886775883,108.91581480323302,109.87791730447967,20386100
2022-08-30,109.0149917602539,110.4631018763546,107.91403003375487,110.12586660697919,20548200
2022-08-31,108.26118469238281,110.85984498839505,108.1620005135057,110.72098562451353,25898000
2022-09-01,109.6497802734375,110.31432256181775,107.30899744913424,108.31076744185049,22784400
2022-09-02,107.79500579833984,110.76561987201757,107.24948148856015,110.43334115870883,20618100
2022-09-06,106.60478210449219,107.99337569977428,105.6426797082842,107.25444715812793,20565100
2022-09-07,109.58036041259766,110.08620201442106,106.73868477007707,106.88250826713383,22987200
2022-09-08,108.52898406982422,109.67954174733052,107.18005803211855,108.29094052413141,21660700
2022-09-09,110.86976623535156,111.08797597034187,109.10426211372862,109.15385798705108,21732900
2022-09-12,110.95904541015625,111.72277197121852,110.02669740782423,111.0780634072074,19732900
2022-09-13,104.45246124267578,108.47940592385342,104.14498798538773,108.00331122060776,33015000
2022-09-14,105.00788116455078,105.23600398876178,103.64903463696024,104.58138244182287,22115800
2022-09-15,103.0539321899414,105.34511917999123,102.46873269096685,104.15489394114478,26494900
2022-09-16,102.78612518310547,103.18286944637009,101.02558528463246,102.13150358089614,64540100
2022-09-19,103.00434112548828,103.17295498819445,101.53639710022489,101.70501096293106,19738600
2022-09-20,101.00079345703125,102.32987811698256,100.29657594160315,102.04223869790327,24001700
2022-09-21,99.19561004638672,102.64726779839671,99.17576867084516,101.40744668141402,26596800
2022-09-22,99.75105285644531,100.85201467298953,98.60050273291219,98.64017035159613,21272700
2022-09-23,98.36243438720703,99.29478217558876,97.21188446521394,99.24518631001953,25657000
2022-09-26,98.00537872314453,99.62211032731125,97.57887994973014,97.80701036831965,22437900
2022-09-27,97.2912368774414,99.64194038673321,96.54734422393649,99.0964236478567,24225000
2022-09-28,99.91967010498047,100.57429934445324,97.00361572781222,97.22181790703492,24617000
2022-09-29,97.2912368774414,98.49139035095797,95.73402189212848,98.49139035095797,21921500
2022-09-30,95.36705017089844,98.6838216686835,95.24802460904388,96.9341860159431,26277800
2022-10-03,98.49138641357422,99.15592867466141,96.2299464808201,96.42832238751805,24840000
2022-10-04,101.5760726928711,101.88354592224646,100.21722596305952,100.21722596305952,22580900
2022-10-05,101.38760375976562,101.90336596847266,98.92779555517771,99.8700640597479,18475500
2022-10-06,101.40744018554688,102.88531231075468,100.67346825014415,100.67346825014415,17156200
2022-10-07,98.75920104980469,100.5941349837962,98.40213192492037,99.83040842445763,24249900
2022-10-10,97.90620422363281,99.17577998145038,97.07304797029069,99.03692060589336,16529900
2022-10-11,97.25157165527344,99.30471512678689,96.45808311176576,97.44994000751656,21617700
2022-10-12,97.49952697753906,98.83654952717448,96.87465234721564,97.46976491687904,17343400
2022-10-13,98.89805603027344,99.71137843031508,94.49420873053832,95.14883795283106,32812200
2022-10-14,96.38866424560547,100.46519714986923,96.2398841810977,99.80561133212385,22624800
2022-10-17,99.95934295654297,100.94127922553916,98.69968795023618,98.70960107137724,23311600
2022-10-18,100.56438446044922,103.37134169365949,99.83041237128845,103.0936229338294,21610500
2022-10-19,99.47332763671875,100.83117541041747,98.82366258955689,99.87998502349403,21573700
2022-10-20,99.71138000488281,102.16126793207509,99.1559425230886,99.99901943431715,25125100
2022-10-21,100.65364837646484,100.79250774651265,97.43011323257129,97.65823609739208,28988700
2022-10-24,102.13150787353516,102.26044654842686,99.48325172338241,101.25866894421362,24680800
2022-10-25,104.07554626464844,104.2441601238452,102.18109592705792,102.45882221941861,29910200
2022-10-26,94.04786682128906,97.737575537865,93.79990260718871,95.97207154423329,71504300
2022-10-27,91.845947265625,94.39501919146812,91.15165046374851,93.54202165358123,54036500
2022-10-28,95.79354858398438,96.07126732657615,91.57120968265191,91.77652480319688,35696900
2022-10-31,93.8891830444336,95.56541615356694,93.61145674037509,95.00005799159547,29868700
2022-11-01,89.76305389404297,95.38192441879748,89.6936242102963,94.81160213270107,43220600
2022-11-02,86.3609848022461,90.55654305310144,86.30147580644906,90.16971944588468,43553600
2022-11-03,82.81011962890625,85.84520649159673,82.77044445002446,85.64187403755255,48510400
2022-11-04,85.9939956665039,86.02375773189955,83.19695933349198,84.81369102625821,40173300
2022-11-07,87.92811584472656,88.21575525427718,86.25187525941242,86.62877815782308,26899900
2022-11-08,88.1860122680664,89.66883368652037,86.93627029003561,88.4339765258433,30172000
2022-11-09,86.68829345703125,88.7612707190458,86.6486182734701,87.82396626330765,26743900
2022-11-10,93.40316772460938,93.78007821091765,90.90369152524163,91.58806767909711,42371200
2022-11-11,95.94232177734375,96.56718890345387,93.39324983346454,93.93876659100802,30569100
2022-11-14,95.24801635742188,96.38865329942284,94.3384837668815,94.72233341415847,24170100
2022-11-15,97.9161148071289,99.60226851759849,96.22995352939168,97.86651893500489,31831000
2022-11-16,98.18391418457031,99.03691173934995,97.10477640049176,97.22181176343973,24660200
2022-11-17,97.69791412353516,98.66993730938769,96.30931281543226,96.38866319127091,21818700
2022-11-18,97.00361633300781,98.3525424403964,95.95224278128924,98.20376237892725,24969900
2022-11-21,95.0496597290039,97.91612590196077,94.89095897403885,96.76556813026966,18696900
2022-11-22,96.53742218017578,96.75364169132342,93.64120219972087,95.3769515641209,18868900
2022-11-23,98.01530456542969,98.26227749351689,96.54735293381981,96.54735293381981,17568900
2022-11-25,96.80522918701172,98.1343213303783,96.73579950866726,97.66318326239717,8567800
2022-11-28,95.46623229980469,97.03336811110425,95.109163189198,96.40849338390852,19974500
2022-11-29,94.66283416748047,95.60509528724808,93.6213812942482,95.21827166399457,20220000
2022-11-30,100.6238784790039,100.6238784790039,93.89908997453679,94.34543011546566,39888100
2022-12-01,100.45526123046875,101.75459129115109,99.85022794253256,100.57428677748264,21771500
2022-12-02,100.0089340209961,100.32632792940875,98.36244791860888,98.5608238409091,18821500
2022-12-05,99.05674743652344,100.92143561106697,98.54594175846798,99.00219500647542,19955500
2022-12-06,96.51758575439453,99.3939720762969,95.97206903797998,98.85836847975504,20877600
2022-12-07,94.37518310546875,96.5175900190315,94.25120099617814,95.98198639882396,26647900
2022-12-08,93.18494415283203,95.0893149767074,93.03617168533677,94.91078044844618,25593200
2022-12-09,92.3121109008789,93.72054572284672,92.26251503460207,93.13535385056717,21885300
2022-12-12,92.79812622070312,93.1105635558916,91.15164775352206,92.33195228161792,27380900
2022-12-13,95.0694808959961,98.98732013137302,94.60330694937058,97.27140439104662,34788500
2022-12-14,94.53387451171875,96.42832473872424,93.17503546222396,94.76200491816711,26452900
2022-12-15,90.45735168457031,93.2643086962572,89.69362515531039,92.77830090490998,28298800
2022-12-16,90.12010955810547,91.00286150574992,89.27703279057914,90.45733723820925,48485500
2022-12-19,88.4240493774414,90.4573516023209,88.20088307519791,90.1399576782424,23020500
2022-12-20,88.90013885498047,89.04891891620696,87.32308988087713,88.00747362215805,21976800
2022-12-21,89.51509094238281,90.17467673108307,88.18600624378183,88.99932865103851,20336400
2022-12-22,87.54129028320312,88.45379679598732,86.23203950525745,88.20583257616983,23656100
2022-12-23,89.07866668701172,89.36630609905306,86.90650519933101,86.90650519933101,17815000
2022-12-27,87.2139892578125,88.77120449770723,86.8222090591806,88.58274923981743,15470900
2022-12-28,85.75593566894531,87.79915819940537,85.66667219168053,86.78746762073808,17879600
2022-12-29,88.22567749023438,88.6372990550195,86.28163867021667,86.32131385845398,18280700
2022-12-30,88.00746154785156,88.10664571930543,86.321300364067,86.65357150043442,19190300
2023-01-03,88.96955871582031,90.80449998952328,88.29509573771095,89.0985049527015,20738500
2023-01-04,87.98762512207031,90.49702188060363,87.08503927362676,90.26889903015568,27046500
2023-01-05,86.06342315673828,87.49169956858698,85.85513410788833,87.352840202687,23136100
2023-01-06,87.44210815429688,87.74958137253782,84.87319484191296,86.64861960541153,26612600
2023-01-09,88.07689666748047,90.09036498476227,87.85868693643694,88.46867681747757,22996700
2023-01-10,88.51331329345703,88.74640028523346,85.99399569839223,86.01383707533002,22855600
2023-01-11,91.50872039794922,91.69716806461813,89.00923675356604,89.32663066125163,25998800
2023-01-12,91.16156768798828,91.8657851509264,89.83247555983512,91.64757543083653,22754200
2023-01-13,92.04432678222656,92.22286133358061,90.18955158578547,90.78268161035555,18630700
2023-01-17,91.40953826904297,92.21293996053562,90.10027985732484,92.02448472237597,22935800
2023-01-18,91.03262329101562,92.82589919930746,90.65572040060262,92.18318090480393,19641600
2023-01-19,93.1452865600586,93.63129432978296,90.63588220752284,90.64580289551208,28707700
2023-01-20,98.4715576171875,98.61041698597923,95.12900451049899,95.1686721296383,53704800
2023-01-23,100.38583374023438,100.57428896862862,97.9458667277963,98.32276961731736,31791800
2023-01-24,98.40213012695312,100.26681852606937,97.89628094806497,98.7393654353013,27391400
2023-01-25,95.94232177734375,96.92425799473612,94.48627353994317,96.40848816632058,31000900
2023-01-26,98.35253143310547,98.40211973653325,96.03158240883727,97.47969253938147,24542100
2023-01-27,99.88990783691406,100.75282606711927,98.16407894377129,98.24342931219036,29020400
2023-01-30,97.15237426757812,98.59949303117578,96.72587552449308,97.94090620501167,24365100
2023-01-31,99.05674743652344,99.09642261903721,96.99368334941103,97.0631130269933,22306800
2023-02-01,100.60404968261719,101.35786307552046,97.61855817569601,98.92780903322912,26392600
2023-02-02,107.91402435302734,107.93385815970306,105.67242583532281,105.92039003873761,46622600
2023-02-03,104.3631820678711,107.14037679000732,102.45881867544611,102.66710771206127,36823400
2023-02-06,102.62743377685547,103.8474135157614,101.37769197469905,101.84882248471992,25573000
2023-02-07,107.16022491455078,107.78509206375233,102.70479917263987,102.78613216833612,33738800
2023-02-08,99.1856918334961,102.73654141727951,97.65327471081284,101.85378936534282,73546000
2023-02-09,94.68266296386719,99.79072773879665,93.09569336695934,99.72129805540905,97798600
2023-02-10,94.0875473022461,96.22995429774579,93.76023270505647,94.96037866081743,49325300
2023-02-13,94.2264175415039,94.57356598741363,93.2841563929963,94.23633823060663,43116600
2023-02-14,94.17681121826172,94.39998507834407,91.89554485010326,93.88917937160056,42513100
2023-02-15,96.3093032836914,96.5473468203798,93.59161750196837,93.96852039899731,36964500
2023-02-16,95.00004577636719,97.08294360174206,94.19664416720174,94.76200225647874,35642100
2023-02-17,93.81974029541016,94.97029792871488,92.68902403772384,94.29583493577326,31095100
2023-02-21,91.30042266845703,92.65430509943995,91.2508268008976,92.48072713024885,28367200
2023-02-22,91.0524673461914,91.60790479415158,90.1300401173903,91.18537126851463,29891100
2023-02-23,90.32840728759766,91.37977317666504,89.27704139853027,91.37977317666504,32423700
2023-02-24,88.62240600585938,89.39605312039114,88.13639827931684,88.90012470674083,31295600
2023-02-27,89.36630249023438,89.71345088134572,88.88029474267849,89.35638180269765,22724300
2023-02-28,89.56468963623047,90.70531912616688,88.79103482396349,88.81087620152506,30546900
2023-03-01,89.7729721069336,90.45734823720286,89.11834290628637,89.42582369777269,26323900
2023-03-02,91.55831146240234,91.7269328928702,89.03899393353963,89.12826499287765,23328600
2023-03-03,93.2543716430664,93.34364268874006,91.90545337667247,91.9847961683897,30242500
2023-03-06,94.80168914794922,95.51582736309481,93.53211346203172,93.59162245753785,28288200
2023-03-07,93.40316772460938,95.30753126386749,93.07982592872385,94.64298891953284,24101500
2023-03-08,93.87926483154297,95.4563138001603,93.63625714680943,93.63625714680943,25395200
2023-03-09,91.90546417236328,95.13891222447715,91.60294751456009,93.7205565519148,24438900
2023-03-10,90.26891326904297,92.42124127595031,90.06062419423924,91.7467781715659,32850100
2023-03-13,90.91360473632812,92.32203968177828,89.20760970166235,89.82752024813873,31508600
2023-03-14,93.48250579833984,94.05778457324296,92.02447505417065,92.3121144416222,32303900
2023-03-15,95.7637939453125,96.45809080077585,92.28237384487615,92.77830233228373,38367300
2023-03-16,100.24697875976562,101.13965150262663,95.08932579454083,95.7836226127284,54499500
2023-03-17,101.62566375732422,102.64727522082795,99.92958925472074,100.01885274930972,76140300
2023-03-20,101.09996795654297,101.74467641569446,99.96925176485388,100.23704978193092,26033900
2023-03-21,104.97814178466797,105.09716734949339,101.03055514214658,101.14958070697202,33122800
2023-03-22,103.37133026123047,106.63454046287427,103.36140957311412,104.28383681897249,32336900
2023-03-23,105.39472961425781,106.22887719530033,104.55165265631015,105.02773979072524,31385800
2023-03-24,105.19634246826172,105.29553421403311,103.88709163711762,104.87894855668945,25236200
2023-03-27,102.22077178955078,104.5417209181446,101.79427301111039,104.46237054837249,25393400
2023-03-28,100.53461456298828,102.16125925052792,99.46340731004243,102.16125925052792,24913500
2023-03-29,101.07022094726562,101.98272749107336,100.20730270874684,101.88354331322778,26148300
2023-03-30,100.49494171142578,100.7825811230914,99.4733303059772,100.61396726471531,25009800
2023-03-31,103.15311431884766,103.3415695453788,100.61396315714005,100.88176118202402,28108000
2023-04-03,104.05570983886719,104.09537745522475,101.54630555363647,101.83394495946769,20719900
2023-04-04,104.26400756835938,105.23602316275979,103.7482377055089,103.98628125983396,20377200
2023-04-05,104.09537506103516,105.672431412973,103.25428086242408,105.25585334539218,21864200
2023-04-06,108.01322937011719,108.73728074617841,103.96149441230813,104.9087121010658,34684200
2023-04-10,106.07909393310547,107.09079222312894,104.74008861256165,106.51551339682287,19741500
2023-04-11,105.25585174560547,106.34689276818226,104.42268805583979,106.04933268599439,18721300
2023-04-12,104.3631820678711,106.71090409303888,104.11521784800532,106.51550968016186,22761600
2023-04-13,107.30900573730469,107.3833919815749,105.57325607649858,105.60301057420666,21650700
2023-04-14,108.56865692138672,108.68768247530832,106.71388176759709,106.81307351283229,20758700
2023-04-17,105.55341339111328,105.84105281083836,104.4623722741592,104.5714771425814,29043400
2023-04-18,104.26400756835938,106.17829182604626,103.92677226306974,106.12869595056397,17641400
2023-04-19,104.16481018066406,104.86407112387683,102.95475109741922,103.36636505912209,16732000
2023-04-20,105.03765869140625,106.01761238644865,103.78791674212519,103.79783743104326,22515300
2023-04-21,105.04757690429688,105.77162826561226,104.62603465880206,105.22610389700347,22379000
2023-04-24,105.91048431396484,106.4460879770787,104.50204925574025,105.18643297537486,21410900
2023-04-25,103.75816345214844,106.56512063447538,103.7085675742484,105.74187749185337,31408100
2023-04-26,103.59944915771484,106.14852106291767,102.42905772455164,104.70041091125259,37068200
2023-04-27,107.48753356933594,108.26118073043983,103.56969432529155,104.3731035495104,38235200
2023-04-28,107.33875274658203,107.40818242547984,105.17650444584952,106.92217467319523,23957900
2023-05-01,106.83290100097656,107.79500336160264,106.6246119693875,106.8428216883667,20926300
2023-05-02,105.11699676513672,106.85274632648974,103.64904523508044,106.78331664672632,20343100
2023-05-03,105.25585174560547,107.24947856755557,104.75992332013718,105.35503591724567,17116300
2023-05-04,104.35326385498047,105.43439181421328,103.84741471562317,105.2955324531768,19780600
2023-05-05,105.35008239746094,105.57325626520645,103.88610359636971,104.46237375608841,20710600
2023-05-08,107.35858917236328,107.5371237177777,104.92854278441968,104.93349934472343,17266000
2023-05-09,107.06102752685547,109.69440617207432,106.8477743756672,107.89418362301346,24782400
2023-05-10,111.36569213867188,112.58567946203348,107.59664043813602,107.66607011883025,47533500
2023-05-11,115.94808197021484,117.47554262083118,113.99412251736622,114.9165498074375,57115100
2023-05-12,116.95976257324219,117.29699785059233,115.60092347791604,116.04725605120598,31293800
2023-05-15,116.00757598876953,117.82763239606773,115.53148893958483,115.54140205962857,22107900
2023-05-16,119.11209106445312,120.21305282491309,115.87864303040284,115.87864303040284,32370100
2023-05-17,120.49079132080078,121.28427237801108,118.48723594926297,119.20137419784008,26659600
2023-05-18,122.51416015625,122.89107061883348,120.50069187319585,120.57012155305056,27014500
2023-05-19,122.24636840820312,125.44907078912962,121.72068543838711,123.18862947855999,30268900
2023-05-22,124.84502410888672,126.01541549153221,122.44472478700887,122.50424134359574,29760200
2023-05-23,122.28604125976562,124.39869378698167,122.04799771646738,123.91268601229464,24477900
2023-05-24,120.64946746826172,121.75042918480509,119.76671547099971,120.88751099508353,23087900
2023-05-25,123.33740997314453,124.95414164147272,121.89922042541909,124.19040755382532,33812700
2023-05-26,124.40861511230469,124.97397326007622,122.2860418861261,123.0547325208222,25154700
2023-05-30,123.62504577636719,125.35087469655855,121.88929616815103,125.26161120613881,27230700
2023-05-31,122.36539459228516,123.88293451435963,122.09758897823203,122.69270163451857,41548800
2023-06-01,123.35725402832031,124.02179638178077,122.29596737358247,122.4943357405871,25017700
2023-06-02,124.21024322509766,125.7129058269484,123.33740430787853,123.47626366884201,19367500
2023-06-05,125.59883117675781,126.94775710872314,123.3671532467476,123.59528365363515,22672500
2023-06-06,126.86842346191406,127.83052589411962,124.94421859750294,125.56908573875961,19450100
2023-06-07,121.93888854980469,128.49506320193998,121.63140776798203,126.53613978922446,34179300
2023-06-08,121.67108154296875,122.7224549805559,121.01645993774228,121.5867746163174,24815000
2023-06-09,121.86945343017578,123.27293177577478,121.42311330897651,121.56197266207838,20304500
2023-06-12,123.33740997314453,123.73415426580712,121.35369607709953,122.39018477163873,22255700
2023-06-13,123.41675567626953,124.83511136097597,122.83652029169886,124.626822317843,19287700
2023-06-14,123.36715698242188,123.77382193871512,121.16524104797357,122.79188573861151,24659600
2023-06-15,124.76568603515625,125.1326758290684,122.13726361712541,122.87123563768176,24517100
2023-06-16,123.04976654052734,125.66826819260055,122.78196850288548,125.66826819260055,56699200
2023-06-20,122.84148406982422,124.15569909381726,121.82979329126762,122.52905427040116,22698000
2023-06-21,120.27256774902344,122.40506156088453,119.87582348237784,122.231483579456,22612000
2023-06-22,122.86132049560547,122.92578605023584,118.62608717192732,119.67746066220543,20781900
2023-06-23,122.01822662353516,122.43481225256686,120.86767661000466,121.04621114608474,29573100
2023-06-26,118.12024688720703,121.72069265213108,118.02106270033364,120.47690614940305,23185000
2023-06-27,118.0408935546875,118.91868147589368,115.95799554696391,116.88041521319391,27221700
2023-06-28,120.09403991699219,120.28248758954503,116.64237444178025,116.99944354498382,19753100
2023-06-29,119.03275299072266,119.92542574644521,118.23926441513198,119.11209579446742,18517500
2023-06-30,119.98493194580078,121.03629785178722,119.89566088867431,120.11387062024154,23871800
2023-07-03,119.57826232910156,120.03451558315031,118.73022893935105,119.34021879813426,13888300
2023-07-05,121.63140106201172,122.3653805690089,119.08232929644338,119.08232929644338,17830300
2023-07-06,119.94525909423828,120.16346883004985,118.27893914572105,119.65761967587466,17732500
2023-07-07,119.16169738769531,120.75858773644995,119.11210151161494,119.90559012529151,20997700
2023-07-10,115.91832733154297,118.10040964848885,115.69019689781487,118.10040964848885,32960100
2023-07-11,116.75147247314453,117.26227816112247,114.8867842623792,115.8092114637576,18286600
2023-07-12,118.64592742919922,119.97501206897789,118.03097341492189,118.32853351766494,22059600
2023-07-13,123.8134994506836,124.31438446423414,120.07419467562515,120.55028932032809,31535900
2023-07-14,124.67639923095703,126.05507960519724,123.88291831541993,124.11104114632089,20499800
2023-07-17,124.04161834716797,126.24354182009691,123.48618091877775,125.03347522201759,20675300
2023-07-18,123.06961822509766,123.97220415901033,122.29597097681011,123.88789722218601,21045800
2023-07-19,121.78019714355469,124.44829480512865,121.47272390544668,123.7738317651767,22313800
2023-07-20,118.55665588378906,123.68455432012396,117.71853557953592,121.12556922958473,27541700
2023-07-21,119.3302993774414,120.31224314173285,118.10039895924099,119.88574437861861,56514600
2023-07-24,120.88751220703125,122.34554301205833,120.391583773608,120.93314282918612,22276100
2023-07-25,121.79011535644531,122.68278812165829,120.54037348514713,120.8875219029333,31820800
2023-07-26,128.6041717529297,130.3002386091207,127.66191070676408,129.29846856933932,46216900
2023-07-27,128.8124542236328,132.51209145697905,128.12807052270455,130.7267459620652,35931600
2023-07-28,131.92689514160156,132.97827628274152,129.8539176278625,129.9035135051533,26971000
2023-07-31,132.0260772705078,132.7402154747264,131.05406171152976,131.92688552315798,18381900
2023-08-01,130.81602478027344,131.8376363236785,129.6853083567699,129.78944910860199,22154300
2023-08-02,127.59247589111328,129.35798002988213,126.80890800206919,128.78270118973313,22705800
2023-08-03,127.7214126586914,128.7132695230311,126.73451235445717,127.32466083223473,15018100
2023-08-04,127.49327087402344,130.85566493829828,127.27011216693492,128.54465183182143,20521900
2023-08-07,130.8656005859375,130.98461856977522,128.3760301040743,128.4553804714778,17621000
2023-08-08,130.76641845703125,130.86561020721203,129.0703515245079,129.9134208628997,16836000
2023-08-09,129.09017944335938,131.39129489351842,128.4504425903548,131.11357615084907,17745200
2023-08-10,129.14968872070312,131.56684038331719,128.9761107428649,130.89535135020824,17855700
2023-08-11,129.11000061035156,129.37780618976768,127.70156574027283,128.1498809068998,15205500
2023-08-14,130.75648498535156,130.83583534623912,128.53472028410116,128.79261274061923,17526200
2023-08-15,129.20921325683594,130.9152084762959,128.76188176252623,130.51845660285377,14769200
2023-08-16,128.05865478515625,129.8320894888514,127.41395380452845,128.22726865494297,17548400
2023-08-17,129.3976593017578,131.41211136564658,128.79262598050974,129.3877310465426,23665600
2023-08-18,127.0667953491211,128.77279052568863,125.96583352162155,128.0090564312339,23627200
2023-08-21,127.88009643554688,128.20741101226685,126.124520707505,126.80889678842182,21851100
2023-08-22,128.63392639160156,129.88366066251717,127.87515645309287,128.07848893786127,15557900
2023-08-23,132.12527465820312,132.97827226440393,129.4472487107923,129.78449158545692,26497000
2023-08-24,129.35797119140625,133.87092297758596,129.23895321003698,133.62990551149932,18680400
2023-08-25,129.6257781982422,130.32998810840627,126.99734838289503,129.08025388679013,20678100
2023-08-28,130.71681213378906,132.15501672377403,129.78447937547736,131.00445910560003,16715500
2023-08-29,134.38668823242188,136.17698255781593,131.8971178865826,131.91497663699656,30803300
2023-08-30,135.81494140625,136.13234283992455,133.92149020635694,134.4660307167332,21773400
2023-08-31,136.23153686523438,137.2729743924964,135.70585397457694,135.93397679978796,28147900
2023-09-01,135.68603515625,137.45153933430458,134.83303756526013,137.30275170958143,16671600
2023-09-05,135.59677124023438,136.2513853295566,134.45612665905048,135.32896562419486,17730200
2023-09-06,134.26768493652344,136.36050393176166,133.5932294024747,135.89929403263676,15814300
2023-09-07,135.09091186523438,135.46782234454878,132.86916201126095,133.50394984590133,16976000
2023-09-08,136.082763671875,136.39520101694376,134.7635921785487,134.7635921785487,17810700
2023-09-11,136.61837768554688,137.13811277021404,135.43806552856188,136.261308588766,17180800
2023-09-12,134.9619903564453,136.51919798919968,134.8231158461562,136.01335636350308,15212900
2023-09-13,136.3803253173828,136.57869367275558,133.83124579051002,134.79334820533003,16394900
2023-09-14,137.85818481445312,138.41362221194325,135.94389328253115,137.26306466883716,19064600
2023-09-15,137.173828125,138.22519413878845,136.06293797733363,137.66975663222377,48958800
2023-09-18,137.82846069335938,138.79054809668014,136.5092890163525,136.5092890163525,16233600
2023-09-19,137.699462890625,138.04165465148978,136.38029170742033,137.12418420764263,15479100
2023-09-20,133.4940185546875,137.70941044334674,133.42459644059744,137.69949732262972,21473500
2023-09-21,130.29031372070312,132.1054135347236,130.0225081390846,131.31192504426426,22058400
2023-09-22,130.18124389648438,131.92690693763396,129.44726419674853,130.60773518333832,17348700
2023-09-25,131.09375,131.14334588149495,128.97117642904385,129.70515612537005,14650000
2023-09-26,128.39588928222656,130.33497158863256,127.1461548750438,129.84797245143213,20378800
2023-09-27,130.38951110839844,130.64738844679684,128.3264469976069,128.38595598842693,18764200
2023-09-28,132.04591369628906,133.08735133173835,129.6257804432311,129.6257804432311,18201400
2023-09-29,130.77633666992188,133.79157494870879,130.25065373031276,132.9881732913641,23237300
2023-10-02,134.06927490234375,134.25773010611738,130.98956393537506,131.07882741046797,19210400
2023-10-03,132.2145538330078,134.13875901945391,131.7335025363963,133.83127060689276,19628700
2023-10-04,135.16033935546875,135.45789944214923,132.3434543540329,132.5715923300576,22848000
2023-10-05,134.88262939453125,135.38847098053117,133.36012537429312,135.02148875938627,15922900
2023-10-06,137.60031127929688,138.0526068898384,133.84118007494985,133.84118007494985,20826700
2023-10-09,138.36407470703125,138.83024878598295,135.5868716143192,136.86637583426383,16599100
2023-10-10,138.0664825439453,139.59395070160656,137.3027484651147,138.37395577275697,19554900
2023-10-11,140.5460968017578,141.06186654338538,138.70124266298683,138.71117091647162,20146300
2023-10-12,139.14759826660156,141.22059069617686,138.3144421003465,141.0023809667479,18173100
2023-10-13,137.45155334472656,140.18907338495575,136.84651993206813,139.50468959126405,19438700
2023-10-16,139.34597778320312,139.75759172703243,138.1855070558803,138.59215687228465,17345600
2023-10-17,139.8419189453125,140.0997963077823,137.40096040733627,138.88972959970616,17424000
2023-10-18,138.14584350585938,140.8337826692346,137.57552875051476,139.6038745251622,18304900
2023-10-19,137.8482666015625,139.85678588842433,137.47137127411622,138.66159651751485,21831200
2023-10-20,135.6265106201172,137.9077692591247,135.1355311896841,137.4614367051682,24970300
2023-10-23,136.77706909179688,137.8879591814184,134.00979482527666,135.12066978036202,20780700
2023-10-24,138.97897338867188,139.56418041730026,137.6201343823261,138.02679931260892,26535200
2023-10-25,125.63851165771484,129.0405886933425,125.06323283979562,128.7132741003263,58796100
2023-10-26,122.43482208251953,124.43836975515116,121.32393959469071,123.45643351150734,33907400
2023-10-27,122.39514923095703,123.42668136776666,120.47094432505561,123.02001638568728,37367700
2023-10-30,124.72600555419922,125.51949410351868,122.8712304213439,123.44650924123711,24165600
2023-10-31,124.2796859741211,125.5294203542073,122.91588258982405,125.24178091417426,21123400
2023-11-01,126.53118133544922,126.69979518818083,123.90772322871484,124.31933717295156,26536600
2023-11-02,127.53296661376953,129.03066513830612,127.06679264320823,128.50498217312605,24091700
2023-11-03,129.30838012695312,129.6654492188667,127.95945412800566,128.0388044967126,19529400
2023-11-06,130.3795928955078,130.48869776525947,128.87196609563105,129.15961308612904,15360400
2023-11-07,131.3218536376953,132.19469259350004,130.072119333777,130.9052755363892,19223800
2023-11-08,132.17483520507812,132.45255390563898,131.08380177702728,131.28217011535162,15093600
2023-11-09,130.6176300048828,132.8691492749332,130.43908790328243,132.27402911564437,17976500
2023-11-10,132.96829223632812,133.1765887797387,129.8042672878858,130.45889627056985,20872900
2023-11-13,132.55174255371094,133.01791646190534,131.68883197811155,132.2740238596207,16409900
2023-11-14,134.32717895507812,136.12245274065404,133.999879481234,134.54538869399815,22317300
2023-11-15,135.26947021484375,135.72571598551403,134.22801727856256,135.52734760111227,15840900
2023-11-16,137.570556640625,137.74909876249546,134.97189626140593,135.84473522491476,17615100
2023-11-17,135.8249053955078,136.8762714357346,134.37678745880288,136.69774443322243,25565300
2023-11-20,136.79689025878906,137.29778279396464,134.38668546027017,134.39659857999885,19569400
2023-11-21,137.49119567871094,137.83338751261618,136.58365329391975,136.8167402657895,17648100
2023-11-22,138.87982177734375,139.9510291565709,137.86812339676197,137.9673151508621,17306400
2023-11-24,137.09446716308594,138.53960344801953,136.3505744596838,138.40371045111507,8828600
2023-11-27,136.9258575439453,138.49299337049837,136.42000080384943,136.44977043668118,17886400
2023-11-28,137.49119567871094,137.53087842919743,135.92405999426214,136.5092670549262,17046900
2023-11-29,135.28927612304688,138.5326524480946,135.185135385434,137.8532328880136,21014700
2023-11-30,132.8294677734375,135.84472107816995,131.7086646878818,135.2892685281675,29913500
2023-12-01,132.234375,132.41290198529057,131.0758716816685,132.234375,24268000
2023-12-04,129.56626892089844,130.37958369155757,128.3462740631074,130.22486334133802,24117100
2023-12-05,131.31192016601562,132.45254942368422,128.67357746543,129.3083652073082,19235100
2023-12-06,130.3597412109375,132.22443697032406,130.2407232295417,131.81777202117533,16360600
2023-12-07,137.3225860595703,138.85996729582402,135.12066251025942,135.48765985816814,38419400
2023-12-08,135.52731323242188,136.8663259730111,134.46603432100906,134.55529780117266,23016100
2023-12-11,133.60311889648438,133.6923823835212,131.80786036269194,132.73029513234388,24502900
2023-12-12,132.55174255371094,133.444407622639,131.74834096476894,132.18476037963464,26584000
2023-12-13,132.87905883789062,133.68246043725026,131.86736064799547,133.44937348013065,25414500
2023-12-14,132.11534118652344,133.93540532793875,129.99276794343083,133.67256384460728,29619100
2023-12-15,132.75013732910156,133.73208120813683,131.54999883370633,131.8376307046865,58594000
2023-12-18,136.07286071777344,137.2531729386471,132.68071168201047,132.76997517740352,25699800
2023-12-19,136.97544860839844,137.63999093788465,136.33073252072202,136.87625686120646,20661000
2023-12-20,138.5227508544922,141.91291731982514,138.27478660699433,139.18729322164205,33507300
2023-12-21,140.64529418945312,140.87341701079214,139.32910436124578,139.62368291856964,18101500
2023-12-22,141.55783081054688,142.08351380443563,140.89823743691704,140.97263881878948,18513500
2023-12-26,141.65704345703125,142.77288273525915,141.33964190886778,141.81572909657416,11170100
2023-12-27,140.2882537841797,142.15294975111277,139.90241391192308,141.66693438209353,17288400
2023-12-28,140.12953186035156,141.1114755713858,139.68121668937306,140.69489751854726,12192500
2023-12-29,139.78237915039062,140.2832717046427,138.7607678016741,139.53441493692478,14881000
2024-01-02,138.42352294921875,139.46993967032316,136.61835156885505,138.46320569379483,20071900
2024-01-03,139.217041015625,139.94109234577684,137.3027492471784,137.47137824574764,18974300
2024-01-04,136.91592407226562,139.48979401852648,136.88616957510365,138.71119783007381,18253300
2024-01-05,136.2711944580078,137.67962918739133,135.73559848721283,137.2253661942745,15439500
2024-01-08,139.38565063476562,139.49475550046873,136.75723587173889,136.87625385812942,17645300
2024-01-09,141.39910888671875,141.63715997708417,138.65166119840495,138.91946678324925,19579700
2024-01-10,142.6290283203125,143.34811550758644,141.2999436779615,141.35945267171817,16641900
2024-01-11,142.50009155273438,145.46574939326712,141.05693782003317,143.71512241602125,17471100
2024-01-12,143.06546020507812,143.56138870881026,142.19262119545778,143.16463682510243,13998700
2024-01-16,142.90676879882812,144.65243179771213,141.89110509845526,142.2620526210847,19198900
2024-01-17,141.72642517089844,142.2421949723141,139.3658010168561,141.74626654563525,17884500
2024-01-18,143.80934143066406,144.3994975135521,142.18269667422152,142.2719601654477,18876800
2024-01-19,146.76507568359375,146.83449780088304,144.61274789504768,145.11362536870993,27181000
2024-01-22,146.5072021484375,148.7934252379504,146.37825589712907,147.49905913502772,21829200
2024-01-23,147.46926879882812,147.6478109013083,145.9914117823846,146.51709470071523,14113600
2024-01-24,149.1256866455078,150.33575323918956,148.61982995507057,149.06616252022388,19245000
2024-01-25,152.38890075683594,153.49977569460768,149.9886087608443,150.50437861103944,21495100
2024-01-26,152.5376739501953,152.8550754393321,151.5557452540674,151.62516737073108,19494500
2024-01-29,153.57913208007812,153.93620120041987,151.67476848310093,152.38890672378446,20909300
2024-01-30,151.8037109375,153.77749660417098,151.53094119245023,152.75588514490505,26578900
2024-01-31,140.64529418945312,144.40442472000493,140.39732999487882,144.20605639125216,43908600
2024-02-01,141.5479278564453,143.44236334100032,141.10158007129598,142.51994353870543,25526900
2024-02-02,142.3711395263672,142.70838239062573,137.0448725635355,139.74272467038818,42136100
2024-02-05,143.7498016357422,145.47563795070693,142.7381185763635,142.86704967146036,29254400
2024-02-06,144.2259063720703,145.54507778207943,143.3431543920834,144.77143065959805,21517700
2024-02-07,145.48556518554688,145.80296666326842,144.02754944268682,144.93012773406963,21436100
2024-02-08,146.0211639404297,146.40798749932335,145.2276754483433,145.77319973256107,18241300
2024-02-09,148.9967498779297,149.4678879755258,146.22946055595543,146.74523039944975,21877700
2024-02-12,147.5188751220703,149.36372959425142,147.35026126221675,148.32227680382837,17236100
2024-02-13,145.17808532714844,146.83448448513988,143.92835111844866,144.88054037355428,18138500
2024-02-14,145.9418487548828,146.6262325550862,144.3697486388694,146.169971643438,16651800
2024-02-15,142.76788330078125,143.58119808137872,140.72466052700835,143.2836531217303,26724300
2024-02-16,140.6056365966797,143.30348872704405,140.36760061340618,143.03569824586134,21865100
2024-02-20,141.0420379638672,142.1618421436967,139.6534444579967,139.79230380858374,18625600
2024-02-21,142.668701171875,142.8075605405799,140.75442450797598,141.4784758494705,16440800
2024-02-22,144.13662719726562,145.00945082775405,142.83728216859745,144.93010047324915,23024700
2024-02-23,144.1068878173828,144.76648115628487,143.61095934853918,143.7895014672815,14519400
2024-02-26,137.62014770507812,142.66869579761013,137.61023458430694,142.28187220403674,33513000
2024-02-27,138.9591522216797,139.3459757919262,137.3721751909309,138.27476856635096,22364000
2024-02-28,136.3109130859375,138.14585476260407,135.52735264132212,137.96732775036443,30628700
2024-02-29,138.64178466796875,138.81039855936018,136.449788945342,137.2234362750383,35485000
2024-03-01,136.9556121826172,138.8599757481619,136.8514714384762,138.47315213538778,28551500
2024-03-04,133.10719299316406,135.51741313084796,131.77810837905238,135.4281345075743,43571500
2024-03-05,132.6905975341797,132.92864860750913,130.47876117384314,131.65907315215185,28447600
2024-03-06,131.4805450439453,133.6428009033024,130.87551174428256,133.14687246536687,23175200
2024-03-07,134.13873291015625,134.71401172961163,131.57974028617966,132.79972003829033,24107300
2024-03-08,135.18020629882812,137.853268621899,133.7023488097373,133.9354358487907,26495200
2024-03-11,137.80860900878906,138.8401335922213,135.95384132903814,135.95384132903814,22536400
2024-03-12,138.48306274414062,139.13769196450795,137.0845559445835,137.12422356345303,19019700
2024-03-13,139.62368774414062,141.03212260185597,138.86986688048037,138.919462748016,19637000
2024-03-14,143.16461181640625,143.5514353763636,140.33286479242958,141.14123053382954,36117900
2024-03-15,141.01229858398438,143.1646263160449,139.98077403113723,142.2422066313914,41039500
2024-03-18,147.27090454101562,151.68466460721987,146.9336768358528,148.1536565542565,47676700
2024-03-19,146.71548461914062,148.40163848068642,145.8128911230328,147.76685061041493,17748400
2024-03-20,148.4611358642578,148.54048623365105,146.46254478468063,147.57838381474437,17730000
2024-03-21,147.52879333496094,150.07289344250427,146.8047269375101,149.09592897429127,19843900
2024-03-22,150.5341339111328,151.31769424437311,148.8678063610567,149.01659398464594,19252900
2024-03-25,149.91917419433594,150.22268218344988,147.588319407488,149.72080582825853,15114700
2024-03-26,150.46470642089844,151.952491946091,149.8001640357902,150.00846066851344,19312700
2024-03-27,150.70274353027344,151.4466362236495,148.90748491845153,150.9060760159405,16622000
2024-03-28,151.02011108398438,151.42677600471518,150.0976915235563,150.76223376413574,21105600
2024-04-01,155.22560119628906,155.72152963461588,150.41508929070514,150.5936313984609,24469800
2024-04-02,154.60073852539062,154.71977165131545,152.21037476929487,153.48986358033247,17598100
2024-04-03,155.09666442871094,155.27520654736762,152.8768971996479,153.6584748966614,17266200
2024-04-04,150.70274353027344,154.90820720405674,150.64323453632903,153.8171736678265,24184800
2024-04-05,152.68646240234375,153.57912760994762,149.85073464441209,150.44485599312353,16297300
2024-04-08,154.8685302734375,155.37933595345763,152.73604406780817,152.76083443561572,16641500
2024-04-09,156.8522491455078,158.58799871591413,155.36446379944525,156.068688855777,21521500
2024-04-10,156.3761749267578,156.87210341621127,154.92805707835765,156.59438467288027,16339200
2024-04-11,159.4806671142578,159.80798171319478,156.6439557246729,157.05062069315844,17841700
2024-04-12,157.8937225341797,160.3832782232723,157.30853052059595,158.10696816267486,16989800
2024-04-15,155.05699157714844,159.52034764395916,154.87844946451767,158.97482331999745,21140900
2024-04-16,154.7296905517578,155.94967041266872,153.78742943748455,154.37262142971844,15413200
2024-04-17,155.60250854492188,157.38883765889642,154.8635648950887,155.90998174901833,16237800
2024-04-18,156.1777801513672,157.19442732903767,154.93795913736227,155.64713312508496,14016100
2024-04-19,154.4519500732422,156.70346936304276,152.65669159416993,156.4654182703322,21479900
2024-04-22,156.6637725830078,157.88871628986584,154.39242725646827,154.73956804256366,17243900
2024-04-23,158.61778259277344,159.17322013666129,156.67870018308562,157.29861085877081,16115400
2024-04-24,159.7881622314453,160.07579409050834,157.52672957451733,157.79452005672,19485700
2024-04-25,156.6637725830078,156.99108713072047,151.52397919487962,152.11115367620422,36197800
2024-04-26,172.275634765625,174.98339998099996,170.00427389194311,174.55690876029902,56500800
2024-04-29,166.53277587890625,169.9844489623467,165.6996196730562,169.37941561736457,35914600
2024-04-30,163.29933166503906,168.4867394036462,163.1604722940001,166.01702522341475,29420800
2024-05-01,164.2217559814453,167.43536268625076,163.5571985328355,164.82677416786353,25223200
2024-05-02,167.08824157714844,167.15766369914124,164.34079337222926,165.31280902188874,17041100
2024-05-03,167.6138916015625,168.46688908304122,163.63653601644853,168.15940075190437,22767100
2024-05-06,168.44705200195312,168.51647411205172,166.52284727600275,167.84201871322168,15147900
2024-05-07,171.5714111328125,172.05742648719723,168.61568165673512,168.73469964779423,21102400
2024-05-08,169.76622009277344,170.50911384231088,169.13341494556937,169.35955515674135,14569900
2024-05-09,170.1828155517578,171.03581312539094,168.54624252032085,169.75630919767335,11937700
2024-05-10,168.90330505371094,169.9447578269246,166.54269592023326,168.30819999368546,18740500
2024-05-13,169.5083465576172,169.55794243198238,164.4102024443166,164.49649956840275,19648600
2024-05-14,170.5299530029297,171.37303743880275,169.0322545020579,170.19272528239466,18729500
2024-05-15,172.46409606933594,172.62874469080938,170.62915460737423,170.89696022893617,20958200
2024-05-16,174.00143432617188,174.90402766288676,172.63268220874411,173.17820648557915,17247300
2024-05-17,175.84628295898438,176.04961541629103,173.55509620448177,174.12046183716865,16546400
2024-05-20,177.0067901611328,178.4846472654476,175.78184627644572,175.86614563814317,17495100
2024-05-21,178.0780029296875,178.3557368194017,175.86616601004914,176.94728653088424,14706000
2024-05-22,176.55052185058594,177.39558886312173,175.3404552653416,176.9472585425037,16189400
2024-05-23,173.6344757080078,178.4449879821366,173.11870585496382,177.32418478259947,14928400
2024-05-24,174.89414978027344,175.86021754708563,173.77334650700854,175.08260503519801,11403600
2024-05-28,176.5703887939453,177.05638904174003,174.24943189308095,174.30895602656926,15655300
2024-05-29,175.95541381835938,176.77865688869701,174.82469752039086,175.3702218603177,15023800
2024-05-30,172.14669799804688,175.25121524207387,171.81938337285396,175.25121524207387,18826300
2024-05-31,172.54344177246094,172.99968749436212,169.57778404195935,171.9879891671569,28085200
2024-06-03,172.99969482421875,174.4279713150149,171.04573533813468,172.46409870743852,20742800
2024-06-04,173.70391845703125,173.7634274545475,171.8094679852364,173.02944783792876,14066600
2024-06-05,175.62808227539062,176.52074729804286,173.86256333372202,175.09743528098159,15233900
2024-06-06,176.8976593017578,177.25472834094492,175.76694320008752,175.98513776364283,14255800
2024-06-07,174.51724243164062,177.9589875568177,174.358541673615,177.00681327773856,14716300
2024-06-10,175.39105224609375,177.21814212272997,173.15683463501722,175.2123069582935,17099800
2024-06-11,176.9401092529297,177.1387033456811,174.20939881026297,176.4734048014969,14402400
2024-06-12,178.3004913330078,180.80281927937818,176.53297818288527,178.4891610206767,18600400
2024-06-13,175.5002899169922,177.2578636150496,175.42084924647273,176.59256504517768,15956900
2024-06-14,177.11883544921875,177.47631086891917,174.61850754333386,174.61850754333386,12361600
2024-06-17,177.5259552001953,178.65795811974345,175.25202496024366,175.73857818202532,15272900
2024-06-18,175.21229553222656,177.65504662781194,174.3881157156766,177.53587805979714,15640300
2024-06-20,176.4635009765625,177.48627506766343,175.22226881243424,175.4705152452599,16753200
2024-06-21,178.99557495117188,181.2317773833446,176.81100970851344,177.2380013862429,58903200
2024-06-24,179.52186584472656,180.8028257957206,178.96579631477127,180.0084342593166,18198300
2024-06-25,184.27825927734375,184.44706500179942,179.83464290233113,179.87437080911891,18797000
2024-06-26,184.06973266601562,184.6258021681959,182.6994228647164,182.90794135215523,13375700
2024-06-27,185.54928588867188,186.1847960531296,184.14917258593053,184.3428120466694,13025700
2024-06-28,182.13340759277344,185.27124556426605,182.03907275347092,184.41727738599292,23032400
2024-07-01,183.19590759277344,184.0399362100906,181.4482433465508,183.18596804025643,11815900
2024-07-02,185.30104064941406,185.63865211194053,181.77593879180856,182.1830665181386,12555500
2024-07-03,186.07557678222656,186.30395923485835,184.0846357435602,184.99322608088642,7409100
2024-07-05,190.61354064941406,190.91142423646045,186.00608763139894,186.00608763139894,14303400
2024-07-08,189.14390563964844,190.33450054557372,187.99205378107038,190.02270765221766,12097600
2024-07-09,189.10418701171875,191.50721043348673,188.89565336131054,190.4049957710624,10198500
2024-07-10,191.30862426757812,191.95405889726305,189.28292500045066,189.41201798709125,12052900
2024-07-11,185.98622131347656,191.06037875578167,185.50959242849498,189.99787680294295,16452000
2024-07-12,185.46986389160156,187.36647017471046,184.83435366318002,185.6088812805763,14449100
2024-07-15,186.86996459960938,188.5679615098096,185.18189209088845,185.18189209088845,12186000
2024-07-16,184.19882202148438,189.00486851220003,183.82148265880798,187.63455873782272,12760100
2024-07-17,181.33900451660156,183.93069723987188,180.3460190310843,183.38455219248615,17376600
2024-07-18,177.962890625,182.7590131655864,176.95998056625857,182.25258078348955,17877200
2024-07-19,178.1316680908203,180.69357249690094,177.6053869883984,179.10478963751945,14485900
2024-07-22,182.0639190673828,183.00725237385336,180.6240778003004,181.07093344967527,16303900
2024-07-23,182.31216430664062,183.92079614848342,182.04405394908085,182.55047115624222,23772600
2024-07-24,173.1468963623047,176.70178667242885,172.35251999389808,174.1597459293085,31250700
2024-07-25,167.97344970703125,173.97107613476282,167.86422068367688,173.02774283402505,28967900
2024-07-26,167.49681091308594,168.64867789487005,164.70156905677484,167.58619113625218,25150100
2024-07-29,169.92962646484375,170.9524003959555,168.52951316629986,169.3040407034183,13768900
2024-07-30,170.65451049804688,171.73686119528168,168.9267100520719,170.6247221413713,13681400
2024-07-31,171.93545532226562,174.6761053509935,170.51549314793866,173.69304412524224,15650200
2024-08-01,171.24038696289062,174.44772664430724,169.3139922127935,170.7736824553203,17177800
2024-08-02,167.21878051757812,169.01609730507153,165.2228847784919,167.01026201217448,18907800
2024-08-05,159.51321411132812,164.77604108342666,155.50155875458165,156.26614679534285,34907800
2024-08-06,159.41392517089844,161.21124210060802,157.02084103575152,159.81609833808875,36146500
2024-08-07,159.6224365234375,163.6340917139249,159.11601931787158,162.09497614257026,19334200
2024-08-08,162.6907958984375,164.33915602428814,160.8934939577407,161.20528690442472,15733600
2024-08-09,164.2299041748047,164.35899716425595,159.80118128986322,160.51117758008587,13549200
2024-08-12,162.79998779296875,165.53069822153924,162.40279960951622,164.83064154800385,12435000
2024-08-13,164.76608276367188,165.37180454687874,163.61423105691125,164.0263133876984,12717600
2024-08-14,160.89344787597656,163.80290342401437,158.41098399447134,163.0581642595628,22515900
2024-08-15,162.0254669189453,162.37301795763494,160.3572582974558,161.0722091785966,18392500
2024-08-16,163.58445739746094,165.77894714480394,161.93609762272953,162.26378469735144,16853100
2024-08-19,167.21878051757812,167.28829678721857,164.924986047585,165.8286066423577,13100800
2024-08-20,167.7748565673828,169.21468268212993,167.47695785183834,167.55639851943408,12622500
2024-08-21,166.45419311523438,167.45710318973877,165.4016307267575,165.8186828909601,15269600
2024-08-22,164.32920837402344,168.2316348885571,163.87242828684379,167.85429547531126,19123800
2024-08-23,166.2555694580078,166.77192620542763,164.49799587934635,165.38175244517151,14281600
2024-08-26,166.75205993652344,168.19190113822222,165.15336771029914,166.97548775106495,11990300
2024-08-27,165.21295166015625,167.06486013711225,164.99449361246715,166.43431972550306,13718200
2024-08-28,163.34616088867188,166.21588918818358,162.13471702434757,165.61016725602144,15208700
2024-08-29,162.2538299560547,166.45416966795656,160.84577719819973,164.89517510902817,17133800
2024-08-30,163.9518585205078,164.1206642599581,162.26378597424664,163.06810191293968,18498800
2024-09-03,157.49745178222656,162.2339974919042,156.747742781101,162.1694510015082,26533100
2024-09-04,156.7030487060547,159.27487766850228,156.33564889763565,156.9661892732278,17410700
2024-09-05,157.48751831054688,159.88557180823372,156.41509207096252,156.67326286591975,14139500
2024-09-06,151.0629119873047,158.1031766189013,150.86927251244876,157.57689543583044,24999100
2024-09-09,148.6865234375,153.75742226782708,147.35417486290356,152.7531921042944,28057700
2024-09-10,149.15383911132812,151.43077783928254,148.6895091644402,150.5856229946056,20401800
2024-09-11,151.28164672851562,151.60976518022812,147.85133952854608,150.22769876515673,18991500
2024-09-12,154.6522674560547,154.7218752218789,152.6239171865829,153.92643809145218,20980800
2024-09-13,157.46615600585938,158.36598983398082,155.21905959518838,155.4696203045363,16733900
2024-09-16,158.08262634277344,158.3311995563104,156.7104973491039,157.4263894178267,14157600
2024-09-17,159.365234375,160.66775539787224,158.5002045720824,159.17631633259208,12064800
2024-09-18,159.8922119140625,160.70753923727383,158.748781340167,159.93199211952324,16756500
2024-09-19,162.308349609375,164.04836187510787,161.59444512796404,163.87933393275532,17548200
2024-09-20,163.70034790039062,163.80972070317586,162.24867389721402,163.5810376325167,46362700
2024-09-23,162.1393280029297,165.65911770531974,162.02000255471572,164.39636164933788,15648400
2024-09-24,162.7060546875,163.61086467384348,161.105242854624,163.31257383341458,18774100
2024-09-25,162.05978393554688,163.27977096813476,161.84599945964533,162.03989383208318,13607900
2024-09-26,162.89495849609375,164.5554253176679,162.5668401174544,164.08810658188165,18234500
2024-09-27,164.34664916992188,166.01706895236782,162.89499018749672,162.974535431585,13604300
2024-09-30,166.2357940673828,166.40482200082357,163.70034472236728,163.8395450894186,14070100
2024-10-01,167.45880126953125,169.4672770901183,164.95317902010518,167.8962925543824,18629500
2024-10-02,166.35511779785156,167.9161646998601,165.30116990891239,166.8025465016102,12745000
2024-10-03,166.2556915283203,166.95169339438607,164.42618140247245,164.87362526152447,11004300
2024-10-04,167.5979766845703,168.58233192878077,166.00711745240406,168.3735237842382,11422100
2024-10-07,163.4517822265625,168.9303297388488,163.1932715770751,168.1746727214758,14034700
2024-10-08,164.75428771972656,165.15201387948642,163.37222155442714,164.48582445835137,11723900
2024-10-09,162.12937927246094,165.31111315361008,160.20044883997255,163.91413300288912,19666400
2024-10-10,162.24868774414062,163.3732447672956,160.71748354617083,161.18480236416306,12900500
2024-10-11,163.5810546875,164.32677428286573,161.57257899590456,162.39784383538043,10946000
2024-10-14,165.40061950683594,166.66336048622304,163.83957247029744,163.96883539405545,9981800
2024-10-15,165.9474334716797,168.12493675351615,165.10229384127152,166.18606916410747,14829300
2024-10-16,165.78839111328125,166.3253025632668,164.2730867845292,165.08243653193458,9968500
2024-10-17,163.5710906982422,166.97156999652051,163.43189032363557,166.42472113523215,15113400
2024-10-18,164.1080322265625,165.42049085368782,163.80974134758264,163.92905163049284,13091300
2024-10-21,164.853759765625,165.2713609475966,163.36728161826682,163.64072125869097,11384000
2024-10-22,165.867919921875,166.51420412543723,163.7301814568173,163.7600090248769,11958600
2024-10-23,163.541259765625,166.64346331999678,162.69909372365552,165.48012750479322,12754300
2024-10-24,163.59097290039062,164.10800934040395,161.84102325103302,163.65062803352635,12764400
2024-10-25,166.0369415283203,166.4445900001456,164.28697668652435,164.42121590937262,14566400
2024-10-28,167.3792266845703,169.6323003379864,164.84377730752618,169.61638522225002,20858300
2024-10-29,170.1632537841797,170.87914574912284,167.69741211143258,168.4182652231679,28916100
2024-10-30,175.13473510742188,182.74106904222782,174.74198519903388,181.3689552799262,49698300
2024-10-31,171.70440673828125,177.40169959311115,171.57514383388136,173.7228196814212,32801900
2024-11-01,171.6646270751953,172.827962875053,169.33798581888482,170.5609615810425,21752900
2024-11-04,169.7058868408203,170.93881536750848,168.51771484097313,170.26270354983382,16194000
2024-11-05,170.4317169189453,171.1147924903057,169.3976440052616,169.85502532702608,12518300
2024-11-06,177.31222534179688,177.6204536623285,174.04099374585778,174.34923723809248,27061500
2024-11-07,181.2396697998047,181.5379606402899,177.8690181972373,178.08776380214627,16730400
2024-11-08,178.83348083496094,181.3092750534064,178.54514263523942,180.96126654905427,15021500
2024-11-11,180.9314422607422,181.04579138206162,178.9627469799236,179.0422922158368,12503400
2024-11-12,182.27374267578125,182.97470566906634,179.9570388943078,180.34481243539634,14065800
2024-11-13,179.4599151611328,181.57278738735616,179.09201650380794,181.11042969912262,13969700
2024-11-14,176.33782958984375,179.4151669400221,175.02535584535698,178.7241261794695,17925800
2024-11-15,172.89756774902344,174.876215806893,171.75909828864272,174.63758008223877,21708900
2024-11-18,175.79095458984375,175.90032739507785,173.42453307934403,173.9564833216963,18662800
2024-11-19,178.55506896972656,179.14169796922425,174.11654226176478,174.2348663596048,15392900
2024-11-20,176.31793212890625,178.08777197956283,174.32934666329635,177.8093712281137,15729800
2024-11-21,168.27410888671875,174.57792122112983,164.3665305267413,174.45363462855056,38839400
2024-11-22,165.61935424804688,167.3046726066252,164.7642618576016,166.20598334208276,24497000
2024-11-25,168.4630126953125,169.48714818179903,166.4445996343938,167.0312438851082,21395700
2024-11-26,169.64622497558594,170.51623113606954,168.46301416985565,168.52268447937684,14937500
2024-11-27,169.8450927734375,170.16325856028536,168.7016470218108,169.70587722529407,12433400
2024-11-29,169.5169677734375,169.8947886824315,167.78689301476126,169.08941402343308,9250700
2024-12-02,171.9927520751953,172.60922388415148,169.29822727480567,169.34794494561385,16593400
2024-12-03,172.0325164794922,173.32509994326747,171.52541752420942,172.1319366402739,15721500
2024-12-04,175.08502197265625,175.42307789592388,171.76408753929945,171.793915110664,18239800
2024-12-05,173.31517028808594,176.69577480865672,173.01687942278502,176.30800123527666,16145500
2024-12-06,175.48272705078125,175.82973423795733,172.5595040359012,172.8876224530513,13319500
2024-12-09,176.2890167236328,177.22469944777424,174.59678933759568,174.91034929664272,19887800
2024-12-10,185.67584228515625,187.16897349863615,181.83351735491135,183.68998263168118,34317400
2024-12-11,195.80923461914062,195.9884030746277,185.40707498220937,185.84506256973273,41664500
2024-12-12,192.7433319091797,195.8042477924048,192.39492855805142,195.40110358865357,25197800
2024-12-13,190.50363159179688,193.45006856162743,190.3841707710793,191.82754303695964,18883200
2024-12-16,197.25259399414062,199.721233383074,193.22113662191728,193.47497379231675,32248600
2024-12-17,196.21734619140625,201.95097980668515,195.7893225316381,197.6208931858894,24129500
2024-12-18,189.2792510986328,197.7801528795643,188.41323989944044,195.92866966173153,27638400
2024-12-19,188.83131408691406,193.70888489721114,188.65214564178714,192.39492221061928,26981200
2024-12-20,192.07640075683594,193.24600802442544,185.51656626059741,186.1536349534511,45319700
2024-12-23,195.09251403808594,195.5902244023139,190.7524790544615,193.14148272718975,15235900
2024-12-24,196.665283203125,196.76481616393315,194.30413596925501,195.27168505157465,6809800
2024-12-26,196.1974334716797,197.25257702339078,194.97305502831827,195.83908139855941,7907900
2024-12-27,193.1514434814453,195.89881458378935,191.09292009158196,195.57032390029536,14693000
2024-12-30,191.80764770507812,192.89265279578865,189.48831528149262,189.99100767562084,12209500
2024-12-31,189.56793212890625,192.3650620367038,188.71186966700776,191.56375561488875,14355200
2025-01-02,189.75706481933594,192.31528828077222,187.84585877797048,190.60814531839284,17545200
2025-01-03,192.24560546875,193.609326973095,190.47375783033047,191.84246129864925,12875000
2025-01-06,197.05348205566406,198.64614601059242,194.16675300606406,194.25633722081525,19483300
2025-01-07,195.80923461914062,201.21436233782782,195.04275634097473,197.3620886556935,16966800
2025-01-08,194.49526977539062,196.7349665785107,192.86278026867308,193.0618613911672,14335300
2025-01-10,192.28543090820312,196.7150503565844,190.72262817648917,194.52512767087055,20753800
2025-01-13,191.40945434570312,191.6085506520479,187.79608725706328,190.47377157489464,13169100
2025-01-14,190.17514038085938,192.3849756964784,188.7715934554687,191.618497453767,13651200
2025-01-15,196.07797241210938,196.89422470667378,192.44469279964986,193.46002620372033,12894900
2025-01-16,193.51976013183594,196.07798367318762,193.41026323698176,194.9282738716767,13449600
2025-01-17,196.6453857421875,197.89961050554967,194.4156376406273,197.14309615146212,22109100
2025-01-21,198.71583557128906,202.90654813594054,198.52670321151783,199.5917954428251,19005200
2025-01-22,199.114013671875,201.19443941769566,198.28781261730893,199.63163672065812,15477400
2025-01-23,198.66607666015625,201.01527025607078,195.9187208366964,199.0642388877016,15170800
2025-01-24,200.97544860839844,201.64239389459595,198.86914091953136,198.93484816863383,12732400
2025-01-27,192.8826904296875,197.7602462174967,191.81758289537285,193.30076533816407,24970200
2025-01-28,196.16757202148438,196.32682779590218,191.72798884930003,193.7586404705913,15939200
2025-01-29,196.2770538330078,197.55120635148114,194.29617628524454,196.4661862034589,12287800
2025-01-30,201.7021026611328,202.30732015197103,198.55855933040075,198.8452349044127,14571500
2025-01-31,204.6585235595703,206.13174209790108,202.64776928080957,202.78214562145902,17060300
2025-02-03,201.71206665039062,204.28025409053734,200.73655853695863,201.2890097802712,16719500
2025-02-04,206.75885009765625,207.74430691654345,203.32463636845785,203.56354281581105,28285400
2025-02-05,192.4148406982422,193.6591166789746,189.04036484605254,192.21575957910818,43666400
2025-02-06,192.42477416992188,192.9423971897316,189.6176956783565,190.1154060311581,20816600
2025-02-07,186.28305053710938,192.13114781975827,184.252398759534,191.85741317145607,29565700
2025-02-10,187.33819580078125,189.12000757926853,186.75090116070803,188.19425831588927,16606000
2025-02-11,186.21337890625,187.93545266102404,185.22790683269457,185.979454407478,13028100
2025-02-12,184.5808563232422,185.97445444084866,182.78911118318564,184.38177521755978,17632300
2025-02-13,187.01966857910156,187.12916547689161,184.03340611819064,185.0785858283764,12729300
2025-02-14,186.01426696777344,187.28840428715017,185.25775268092943,185.97445682169322,12714200
2025-02-18,184.94915771484375,186.9200863266443,182.7393226817378,186.58164695481346,19796000
2025-02-19,186.27308654785156,186.5020290634484,184.65054589329594,185.33240666488575,13120500
2025-02-20,185.7853240966797,186.26312179330148,183.7546724943509,185.64596580229355,12063800
2025-02-21,180.7484893798828,186.6115165931875,180.30055311046914,186.43233297207348,19520800
2025-02-24,180.3602752685547,184.24240984131112,180.05169728827332,182.95832384844988,18734000
2025-02-25,176.5577850341797,179.93226098828964,175.96054165873886,179.33003564832237,20832500
2025-02-26,173.89999389648438,177.26452073540196,172.79507630783428,176.1347237047255,23637200
2025-02-27,169.43057250976562,175.78134656514663,168.97466202962403,175.13432915333055,25930500
2025-02-28,171.43136596679688,171.71008256686463,167.61890260075836,169.5201599139399,30049800
2025-03-03,167.88766479492188,174.19862860889896,166.8723313924195,172.93444002266958,24122000
2025-03-04,171.81956481933594,174.36285737548576,166.7727746623474,167.17095204917203,30711400
2025-03-05,174.18869018554688,174.94520452087065,170.14726900378645,171.53091848861095,18848000
2025-03-06,173.41224670410156,175.92069593026022,171.71802961640304,171.7598446979629,19082400
2025-03-07,174.94520568847656,176.0899335334891,171.46123288671458,172.4486946952218,16395300
2025-03-10,167.2318572998047,169.862761343809,164.99459665658725,169.5737671447147,28990700
2025-03-11,165.40814208984375,168.07392890913158,162.67759198935903,166.10572732696693,23705900
2025-03-12,168.4177703857422,168.94594324205192,164.90989304067617,167.88959752943245,19880100
2025-03-13,164.1624755859375,167.54079590690662,163.50476094405604,167.40127883666267,15206200
2025-03-14,167.04251098632812,167.6703453773569,163.94322494495256,164.74545946751374,18611100
2025-03-17,165.9961395263672,167.87962748094336,165.23874815007622,166.74852805647282,17839100
2025-03-18,162.1095733642578,165.86658935411072,158.25291101452655,165.38824729052251,24616800
2025-03-19,165.70713806152344,167.55375102253015,162.48827017668626,163.35028038381702,24955700
2025-03-20,164.48138427734375,166.4545586615134,162.57796082681506,163.26059847953155,19981500
2025-03-21,165.67723083496094,165.89647410128518,162.46832325281784,162.81712350548435,29882100
2025-03-24,169.34454345703125,169.9125869705219,166.86313183090812,168.6818412308444,18742800
2025-03-25,172.1947021484375,172.3142990681028,169.96242906428452,170.59024826609257,13841600
2025-03-26,166.5641632080078,171.34762913257117,166.286117493879,170.70983468971065,22498000
2025-03-27,163.51470947265625,166.86313412830248,163.28550613191504,166.1356533995557,21571200
2025-03-28,155.5223388671875,163.24563852806418,154.8038297940633,161.8006371166279,34866500
2025-03-31,155.69175720214844,156.58866567500607,151.68561772453222,154.27665116494103,33591600
2025-04-01,158.3326416015625,159.5285043966898,154.72013022085727,154.76497336497474,20111400
2025-04-02,158.3126983642578,159.7228167353665,155.99072382283325,156.41925030009824,17113300
2025-04-03,152.1041717529297,154.1540766873175,151.65570990506598,152.30846732210267,28416100
2025-04-04,147.23101806640625,152.56257735588719,147.0316949327119,149.38356497183597,39832200
2025-04-07,148.72584533691406,154.39622943328632,142.16851286156196,142.89599361520985,47823000
2025-04-08,146.0749969482422,153.90791788443934,144.70972180796127,153.04589255222663,35304400
2025-04-09,160.50511169433594,161.31231863948028,145.3076511799823,145.82586392739347,46479500
2025-04-10,154.834716796875,159.4786658859568,151.67563985692237,158.21303701270494,35270500
2025-04-11,158.850830078125,159.30925197986465,155.04898626444395,155.04898626444395,22582000
2025-04-14,160.91371154785156,163.4648895102751,159.36904850156884,161.75081396560552,18255900
2025-04-15,158.13330078125,161.49170063641694,157.10187816944182,161.01335861309875,15690800
2025-04-16,154.9642791748047,157.6350388738156,153.37976061279954,154.93438374580234,16921500
2025-04-17,152.83163452148438,156.52885927311058,150.3801031866001,156.07043740501342,19513400
2025-04-21,149.3437042236328,150.53956695269758,147.88872751235394,150.4448930293839,16147800
2025-04-22,153.36976623535156,154.07732678148508,150.35020663233604,150.5495297424931,15910300
2025-04-23,157.1766357421875,159.46871499069186,155.81136043254915,157.36598360099995,18575700
2025-04-24,160.91371154785156,161.15289018416132,157.54535131603478,157.97885023929237,30787500
2025-04-25,163.28550720214844,167.66038208926318,162.43842955449924,166.52431024541298,35148100
2025-04-28,161.8604278564453,164.38171026938633,159.82746276692305,163.69408502836254,20871200
2025-04-29,161.50167846679688,162.1195376151089,158.84087881059526,161.48673075211903,15955200
2025-04-30,160.33570861816406,160.81803471635155,156.6135756588639,159.30925834293936,20639500
2025-05-01,162.22914123535156,163.37518832280907,160.37554879011944,161.96008240104115,21904300
2025-05-02,165.23875427246094,166.12568746475407,163.09616746599934,164.38670414878305,16844900
2025-05-05,165.47792053222656,166.52430606889658,163.90336219055314,163.94820532989658,15309300
2025-05-06,164.630859375,166.16556237063483,162.56799872774533,163.39514108400195,10691900
2025-05-07,152.27357482910156,166.41468972066798,148.97498090988586,165.49786113936176,78729800
2025-05-08,155.21340942382812,156.86769403411407,153.5691000934792,155.38282191434374,38387500
2025-05-09,153.84812927246094,155.89105437289106,153.30002111123036,155.01409652114108,22871000
2025-05-12,159.0302276611328,159.88726545586675,157.34604750120752,158.5518855822317,31884900
2025-05-13,160.33570861816406,161.5016759636265,157.03711450979918,159.36904920072405,24944300
2025-05-14,166.2353057861328,167.76003343226498,160.3755586245459,160.75425431916318,31769200
2025-05-15,164.8301544189453,166.93288561158357,163.2755313961832,166.56416520922104,22717600
2025-05-16,166.8531494140625,170.06205682787234,166.37480740636573,168.34798149355584,36271400
2025-05-19,167.29165649414062,167.37138270626306,164.84511253179298,165.14408202569703,21374700
2025-05-20,164.75045776367188,169.09542238192347,163.69409683237404,167.18203886374593,33563300
2025-05-21,169.47412109375,173.9287226405108,164.3219341696239,164.38172502965224,45567600
2025-05-22,171.3874969482422,177.51631833163697,171.28785058807728,172.7527874178601,45024100
2025-05-23,169.0057373046875,170.61517889922294,168.6768723717691,169.69336260022413,24963600
2025-05-27,173.380615234375,173.68954481679842,170.6201691418541,170.70985543232138,24341300
2025-05-28,172.78268432617188,175.87199522970104,172.41893633259377,173.38060811094195,25999200
2025-05-29,172.3641357421875,174.79571683393422,171.18819309697466,174.39710097134503,21174700
2025-05-30,172.25450134277344,172.84246501872812,167.9443897158325,171.8160148026651,36258300
2025-06-02,169.78302001953125,170.47263721270443,168.06894471250675,168.42770501412159,24742900
2025-06-03,167.13221740722656,169.2150133546419,166.105751941516,168.28323702059924,25386700
2025-06-04,168.80641174316406,168.99575958230332,167.21690566982434,167.70023534112542,18508700
2025-06-05,169.22496032714844,171.76617799084298,168.7665536558359,171.02872199871655,25375400
2025-06-06,174.31736755371094,175.22423609077742,171.70639878734616,171.70639878734616,22258100
2025-06-09,177.23080444335938,177.5151523721387,175.26523054535744,175.4747500718264,18817600
2025-06-10,179.60543823242188,182.03497857747755,176.07839439763768,177.36049490508012,32908000
2025-06-11,178.38819885253906,181.3415535485882,177.59998091691168,180.82271788080294,18994400
2025-06-12,176.57228088378906,177.72967756706512,175.71421302887705,177.08112923486027,17345900
2025-06-13,175.48475646972656,177.9422189062432,173.17995008036138,173.18992212692407,20873200
2025-06-16,177.5401153564453,177.8444226178713,175.4248845342781,175.5096849868568,18132500
2025-06-17,176.83169555664062,178.31335883126377,175.5446013539514,176.6022167130365,17656100
2025-06-18,173.58900451660156,177.42437514186435,172.45156708667707,176.88159135832956,32531800
2025-06-20,167.35304260253906,174.9708935959476,165.89633230381628,174.47201728620755,55402600
2025-06-23,165.63693237304688,168.10138294043787,162.9629622490351,166.94400129432034,36975600
2025-06-24,167.363037109375,168.86963814911823,166.53490057245736,167.30815279619202,27310300
2025-06-25,171.1046142578125,172.97040691593398,168.18219577676192,168.27098504810928,23627400
2025-06-26,174.03799438476562,174.25750119449495,170.4760251986993,172.9953446508002,25909100
2025-06-27,177.869384765625,178.43809590922442,172.32188198139906,174.23756541033688,74053100
2025-06-30,176.99134826660156,181.17193445464187,175.10559630004255,180.3787228966327,43964600
2025-07-01,176.51243591308594,176.82173681784994,174.26749231134937,176.40766091669954,25778500
2025-07-02,179.35601806640625,179.53062783204882,175.69426752119247,176.14824682206404,19325900
2025-07-03,180.1442413330078,180.36374813071492,177.78954450492,179.41588617215984,13287400
2025-07-07,177.1609649658203,179.9347162223865,176.2430343191759,179.73017509426768,20991400
2025-07-08,174.766357421875,178.3881891803029,173.52913865793022,178.37821713464507,24108600
2025-07-09,177.26075744628906,179.87486478280312,173.48925326441045,175.71423763690527,31288000
2025-07-10,178.29840087890625,179.18640015516522,175.34506147169566,176.2729641563774,24693700
2025-07-11,180.90252685546875,182.19960831898157,177.1419999954269,177.5101740042785,23975700
2025-07-14,182.39915466308594,184.3148378732345,180.30487288076202,181.66082746538615,20990400
2025-07-15,182.6885223388672,184.9933286005737,181.98011123519012,183.52663093866997,23911600
2025-07-16,183.3570098876953,184.918495230525,182.66855811901667,183.9057768934897,21152600
2025-07-17,184.284912109375,184.77081716458488,181.09210666215927,182.70348267884268,21654400
2025-07-18,185.52212524414062,186.93893214253,184.31483787096195,186.20058972034252,21033400
2025-07-21,190.7204132080078,190.83016660863174,186.6296364723373,186.67952714980223,24665000
2025-07-22,191.6782684326172,192.92545928566776,188.07138700477574,191.9875693282541,26212900
2025-07-23,191.07960510253906,192.92545360045878,189.75259224705852,191.9277009474205,34068100
2025-07-24,192.76580810546875,198.52284513405064,191.51861729833644,197.66477724976374,45252100
2025-07-25,193.6438446044922,194.83615115662784,191.69822989683496,192.49641987213175,31101800
2025-07-28,192.9853057861328,194.38216855881177,191.42382053347023,193.97308633952386,25553500
2025-07-29,195.98854064941406,196.2180347146009,192.55628441099617,192.8655852885559,31891600
2025-07-30,196.9962921142578,198.03394820551867,195.12051219888494,195.8588546649248,21150500
2025-07-31,192.42657470703125,196.38765390471343,191.64832886600274,196.15817506043504,27852000
2025-08-01,189.52310180664062,191.1873523993308,188.2759110666331,189.35348569293916,21236700
2025-08-04,195.31008911132812,195.63934932604175,190.49094179060694,190.74537359845334,23386000
2025-08-05,194.8810577392578,198.25345139263305,194.23750300779153,195.1055429540734,19010200
2025-08-06,196.4774627685547,196.9364357161351,194.02997243608303,194.81121756180326,15383700
2025-08-07,196.83663940429688,197.92418612692944,194.7812714038729,197.2656809558061,14660600
2025-08-08,201.63583374023438,202.97281866623578,197.45524761050837,197.5350696511723,24379900
2025-08-11,201.1768798828125,201.7056875908846,199.3509906320267,201.10203625141725,16690200
2025-08-12,203.70118713378906,204.66900843391733,200.94738004290974,201.6408254507789,19854000
2025-08-13,202.57371520996094,204.96831543167775,198.19358177412687,204.51932979316797,19573000
2025-08-14,203.36196899414062,204.95836422946513,201.87031830824085,202.10479080906802,17777100
2025-08-15,204.4495086669922,206.86406836526706,201.6308603446474,204.25993321876226,21111400
2025-08-18,203.8308868408203,205.67673537541967,202.9528748413574,204.60914793219283,13000200
2025-08-19,202.03494262695312,203.83088524444656,200.47843568089604,203.4467559492211,13476600
2025-08-20,199.74009704589844,201.71564294702242,197.0162366887203,201.22673868824825,13971700
2025-08-21,200.16912841796875,202.9029761139909,199.9496216206861,200.2689097710961,11768900
2025-08-22,206.25543212890625,208.75978583726322,201.675751050388,203.5016402542967,25723700
2025-08-25,208.68995666503906,210.61561205240125,205.48716382566994,206.53480719693073,22788800
2025-08-26,207.48265075683594,207.99151432806303,205.98602185227907,207.90170502317227,23051000
2025-08-27,207.74208068847656,209.0990248670544,205.92616360375612,205.9960135952439,15249000
2025-08-28,211.89273071289062,212.4215384126683,207.13346141489166,207.3729123132075,20915700
2025-08-29,213.05010986328125,214.85603961982682,210.49586566234413,210.79519448500002,24682200
2025-09-02,211.5135955810547,211.8917416534942,206.49490083126045,208.520337548597,28900100
2025-09-03,230.5806427001953,231.27906650785874,224.61407091237746,225.97101512062235,72250300
2025-09-04,232.1371307373047,232.24688413567327,226.25038108084854,229.63775552529555,32196000
2025-09-05,234.64149475097656,235.59934401774802,231.85777148652727,232.13714101756528,26127700
2025-09-08,233.84259033203125,238.07683308861866,233.41316529056112,235.4703704393718,23128800
2025-09-09,239.61474609375,240.26385887562813,233.06364109506634,233.87254064230376,22854800
2025-09-10,239.23526000976562,241.7518482694581,237.78722861695667,238.9256826709429,19990100
2025-09-11,240.45361328125,242.24119540855662,236.2593095720754,239.81448143259584,21308600
2025-09-12,241.0528106689453,242.09439613538615,238.17670967591036,240.47359503906435,14536600
2025-09-15,251.41873168945312,252.40739522173703,244.64792325626271,244.80771003204495,29935200
2025-09-16,251.0791778564453,252.886721815731,249.37648729442694,251.9879479343738,24493500
2025-09-17,249.51132202148438,251.60846622440926,246.24575040208808,251.11914019611262,20491300
2025-09-18,251.98794555664062,253.7954894988705,249.77095374956744,251.51858146535278,21166400
2025-09-19,254.89401245117188,256.3520400389092,251.7262999738622,253.05649509989235,41616800
2025-09-22,252.53721618652344,255.96255937363452,250.4700148378594,254.4346345672764,20079000
2025-09-23,251.99794006347656,254.42465403168023,250.74963448508717,253.31115997003903,17521100
2025-09-24,247.4940643310547,252.61711541084662,246.88489058620982,251.8082005786909,16958500
2025-09-25,246.2357635498047,246.9797487713338,241.3224195620241,244.5080977205706,17379800
2025-09-26,246.8449249267578,249.78094201324313,246.30566363488114,247.44911578332088,16594600
2025-09-29,244.0287628173828,251.30687809276412,242.8703315773225,247.93844920495468,23157200
2025-09-30,243.2198486328125,243.3446791838211,239.24623863215143,242.73050738714113,22541200
2025-10-01,245.2071533203125,246.81497150595618,238.87575111870152,240.8530628773219,23967700
2025-10-02,246.095947265625,247.29931566997493,242.7754574796697,245.30702484602278,20657500
2025-10-03,246.1159210205078,246.78301477995933,242.14132038642188,244.89757357559975,19941400
2025-10-06,251.16905212402344,251.85811921064592,245.35694953418547,245.44682387467418,18309000
2025-10-07,246.7949981689453,251.20900463703433,246.4754246431322,248.5925459182787,13811200
2025-10-08,245.1272735595703,246.9248213802435,244.75776475092104,245.86626070065884,14136500
2025-10-09,241.88168334960938,245.2221350767108,239.35509882598436,244.72781094114117,19375700
2025-10-10,237.16807556152344,244.5081031151831,236.3641588566611,241.83174330747613,22449100
2025-10-13,244.30838012695312,244.6579117832554,240.42365378640827,240.70327301620802,12465000
2025-10-14,245.85629272460938,247.68879685496785,240.85107781843712,241.427306790227,17705400
2025-10-15,251.36880493164062,252.41736942916336,246.4554607554471,247.74871874685488,16048100
2025-10-16,251.53857421875,257.23082941743115,250.33020770413574,252.122772700916,18946000
2025-10-17,253.4459686279297,254.53450266096655,248.25302052802706,251.00928896640758,17653800
2025-10-20,256.6716003417969,257.5304504658622,254.25489770036705,254.88403337816922,13726800
2025-10-21,250.99929809570312,255.03383029849985,244.33834129177995,254.90400164086319,27836400
2025-10-22,252.18768310546875,256.8313737278801,250.1115065245809,254.66431708821446,19650200
2025-10-23,253.3860626220703,255.51318026566653,252.4253762515009,253.35610450636662,13241300
2025-10-24,260.1568603515625,262.15414913586386,255.75283492503297,256.95118990988885,18406000
2025-10-27,269.5640869140625,270.43290270240664,264.5808609008827,265.0002744998441,22987700
2025-10-28,268.0661315917969,271.0121450108063,266.80786026547077,269.83375183368696,20101200
2025-10-29,274.7969970703125,275.595900411786,268.0661129897522,268.24586167015235,26287900
2025-10-30,281.5178527832031,291.53425498576104,280.06983667597433,291.3245481932234,48570000
2025-10-31,281.43798828125,285.8969321261184,277.14681597378535,282.82109013084,29932800
2025-11-03,283.73486328125,285.552403539531,279.98994650105004,282.03718595995247,19691800
2025-11-04,277.6830749511719,281.4519764379777,276.4896875121595,276.6894285938104,18123700
2025-11-05,284.364013671875,286.31138258460743,277.5033310189176,279.00129772833924,20063200
2025-11-06,284.9532165527344,288.41851416951283,281.2382578122001,285.34767015683235,23103800
2025-11-07,279.32086181640625,284.114342933768,275.3662078945626,283.8247275130803,21991100
2025-11-10,290.19610595703125,291.0649218088883,283.15567431675817,284.87834220037746,19508200
2025-11-11,291.3445129394531,291.9437056858744,287.4897601121121,287.8093336403647,14156700
2025-11-12,287.04034423828125,291.9636536729535,283.9944910972563,291.6890325661738,16998800
2025-11-13,278.74163818359375,283.1257020133516,277.62316125903163,282.6013892882789,18060200
2025-11-14,276.60455322265625,278.77159463198814,271.04209627178807,271.5264242058176,18330500
2025-11-17,285.2128601074219,294.12075150639083,283.8447220914702,286.01176347439497,34286100
2025-11-18,284.5736999511719,289.0426397405046,278.6317840514575,288.09391536915274,29702200
2025-11-19,292.59283447265625,303.8375809941279,287.28006903674975,287.2950328562193,43123600
2025-11-20,289.5869445800781,306.47402681961586,288.7780449689889,304.3269167525351,34801400
2025-11-21,299.2438049316406,303.5479600958327,293.9609672298312,296.46757456498995,43670600
2025-11-24,318.0382995605469,319.3664832709761,308.9805870747885,310.5884204886871,55311800
2025-11-25,323.2012939453125,328.2244741468647,317.385183737123,326.3569834859101,50899300
2025-11-26,319.8458557128906,324.54946272266824,316.77004409635146,320.3451779573829,29839600
2025-11-28,319.68603515625,326.4368809408099,316.5103533311448,322.99154562739795,19695800
2025-12-01,314.6928405761719,319.19673688920335,313.55440172776275,317.0446592749507,28520600
2025-12-02,315.59161376953125,318.16813356335206,313.79406591782276,316.4704257774636,24668200
2025-12-03,320.1853942871094,321.6034828847526,313.8539918226923,315.60161969536335,32285100
2025-12-04,317.9584045410156,322.66100540787016,315.1621819405985,322.6070929951429,20831600
2025-12-05,321.65338134765625,323.39101290641935,319.5462562253593,319.5662181425578,15719900
2025-12-08,314.2286376953125,321.00386331874694,311.6904173301635,320.8039919213927,22006900
2025-12-09,317.52630615234375,318.4846459049336,312.3999127582196,312.87958582006485,14151300
2025-12-10,320.7740173339844,321.6433999782248,315.1779536114936,316.3970959564073,22764500
2025-12-11,313.4791564941406,321.76329808879126,309.6618385878626,320.87394053769606,25912100
2025-12-12,310.3013916015625,315.9174608950193,306.7439001819645,314.5734065176645,21264800
2025-12-15,309.10223388671875,312.47985911330255,305.52473726955543,312.40489971781204,22028900
2025-12-16,307.51336669921875,311.625459948919,303.61608793224536,305.784573653889,21285200
2025-12-17,297.85015869140625,308.9773292372283,297.2406027790044,308.7924619197888,29120400
2025-12-18,303.5361633300781,305.0451100653827,300.41836465524796,302.846646642826,21040500
2025-12-19,308.3927307128906,308.77246808062773,302.1271556335122,303.05649361491436,45234400
2025-12-22,311.1108093261719,311.4805744617787,306.37415605916556,311.00590276398736,14091400
2025-12-23,315.457763671875,316.07732233157225,310.5312415592812,310.9159802898749,13961400
2025-12-24,315.4477844238281,316.0673430697277,313.0994327046168,315.9274269904115,6138200
2025-12-26,314.7382507324219,316.3371303864859,313.4991334861664,315.697596822516,6730900
2025-12-29,314.168701171875,314.7482794651283,311.6804332591459,312.5997990474494,12317700
2025-12-30,314.32855224609375,317.47635911952403,313.0294796129375,313.18937063635735,11052500
2025-12-31,313.5790710449219,315.16797851359684,311.9802218497337,313.1493810861174,10821500
2026-01-02,315.0980224609375,322.6866704398477,310.4312967164081,317.3664134053808,22043700
2026-01-05,317.09661865234375,319.02525264134,315.0270622120786,317.4713546577956,19934000
2026-01-06,314.32855224609375,321.33362713520853,312.1201165712904,317.08661903192046,18989900
2026-01-07,322.2030029296875,326.23516596134203,314.2785929449241,314.34855098419695,24681800
2026-01-08,325.7804870605469,330.3072965587092,321.7632977668038,329.03320030352205,21789600
2026-01-09,328.9082946777344,331.24664361980945,326.02031464702753,327.2594319079323,17917700
2026-01-12,332.4957580566406,334.2045456211923,325.28083995553135,326.2701332040466,23893800
2026-01-13,336.1931457519531,340.9598071864901,334.1146234915264,335.0439614518862,24616700
2026-01-14,336.0732421875,336.79273654204565,330.9068988397455,334.7491627620068,17839300
2026-01-15,332.92547607421875,337.89197866848025,331.0567973378674,337.8170192662028,16424900
2026-01-16,330.1074523925781,335.00399692197004,327.9389970491494,334.699218946803,21868600
2026-01-20,321.9331970214844,327.85901487201596,320.66410210372305,321.01383130033213,27169900
2026-01-21,328.1488342285156,332.49077668571255,319.3150610092894,320.8689590122254,22791700
2026-01-22,330.6070861816406,334.97400483813163,328.6484745534308,334.029693291732,19902100
2026-01-23,328.19879150390625,333.79485543404394,327.73912386384455,332.4208233773452,19110600
2026-01-26,333.35516357421875,336.1132304137125,327.2594516081396,327.96897375638883,18502500
2026-01-27,334.76416015625,337.97689313821826,333.51504015566695,335.39372151591886,16080900
2026-01-28,336.04327392578125,337.3923296902988,331.89620142426776,336.3730282034612,17538500
2026-01-29,338.4216003417969,342.0490498439696,326.4900031924115,340.110413087966,24548300
2026-01-30,338.29168701171875,340.0504577998832,332.40584919738757,334.2245448121359,21740200
2026-02-02,344.6571960449219,344.9220241320709,335.77347016017904,336.31306806137826,22775200
2026-02-03,340.4601745605469,349.9035038834414,338.35164404867646,348.269675588024,25786500
2026-02-04,333.1053161621094,344.0076388930214,329.1381099272902,343.5129922654913,36991100
2026-02-05,331.09674072265625,332.4098415688309,306.7039514285333,312.9795292869652,51842000
2026-02-06,322.87255859375,330.4072593202418,319.9246230593204,327.11956678967005,33877000
2026-02-09,324.171630859375,327.5092759897379,317.47636565634593,321.01385169802745,26103300
2026-02-10,318.40570068359375,321.40358879021477,314.4384942026548,320.6840944247819,25281900
2026-02-11,311.1108093261719,320.81899677354073,309.9116724274341,318.7354426626187,24008100
2026-02-12,309.1521911621094,316.25720140820505,307.9330488517572,312.1301041486662,28194000
2026-02-13,305.8045654296875,308.6725707022854,303.68606268869297,307.76817850318747,20236000
2026-02-17,302.6068115234375,304.6753614906176,296.69096599073265,300.4283536382017,23750800
2026-02-18,303.7260437011719,305.6946581383781,301.7674319832104,302.2191096500804,15847700
2026-02-19,303.3462829589844,305.81454523079384,300.4583334565555,302.30700660872435,13448600
2026-02-20,314.6783142089844,316.5370206854778,304.205711316736,304.58541819197296,33663100
2026-02-23,311.4705810546875,319.2300988453611,309.77176561057126,318.9153486533042,17641200
2026-02-24,310.7011413574219,312.1501023326058,305.8745243569723,310.4213396831998,15040700
2026-02-25,312.80963134765625,313.4391927184779,309.14220154269384,311.900268311591,20209100
2026-02-26,306.93377685546875,312.7796648699896,302.19712331874405,312.5847948204166,22380000
2026-02-27,311.21075439453125,311.8602907129145,303.37728357287466,303.72603691045066,33389200
2026-03-02,306.1443176269531,307.92309383959207,300.84806085749403,302.75171857799813,21854400
2026-03-03,303.3462829589844,303.72602030789244,296.4901208549964,298.20991751853006,20361100
2026-03-04,303.23638916015625,305.24495342097674,300.58823031296424,302.4719130675056,20015600
2026-03-05,300.6981506347656,303.15641015461176,297.8601537711846,302.9865469194204,22643900
2026-03-06,298.0899963378906,300.11856607791526,295.0421556163293,295.863567933826,17598000
2026-03-09,306.010009765625,306.5,293.92999267578125,294.135009765625,19632700
2026-03-10,306.92999267578125,309.1499938964844,305.30999755859375,305.875,14386400
2026-03-11,308.4200134277344,311.0690002441406,305.8399963378906,306.29998779296875,13376700
2026-03-12,303.2099914550781,308.6400146484375,300.8399963378906,306.2099914550781,15610200
2026-03-13,301.4599914550781,307.260009765625,299.7799987792969,306.6549987792969,16857500
2026-03-16,304.4200134277344,305.57000732421875,301.80999755859375,303.6000061035156,14822000
2026-03-17,309.4100036621094,310.04998779296875,304.3500061035156,304.6700134277344,14423600
2026-03-18,306.29998779296875,310.75,305.5450134277344,307.9049987792969,13848400
2026-03-19,305.7300109863281,306.67999267578125,301.0,303.2099914550781,15399700
2026-03-20,298.7900085449219,304.3699951171875,296.75,304.07000732421875,34763500
2026-03-23,299.0199890136719,303.3699951171875,298.0299987792969,300.5299987792969,22204100
2026-03-24,289.20001220703125,297.1000061035156,288.8550109863281,296.2099914550781,27411200
2026-03-25,289.5899963378906,294.6600036621094,287.3699951171875,292.1499938964844,22343000
2026-03-26,280.739990234375,286.5150146484375,279.04998779296875,286.19000244140625,29281200
2026-03-27,273.760009765625,279.0899963378906,273.4800109863281,277.3999938964844,25703300
2026-03-30,273.1400146484375,276.260009765625,271.5350036621094,275.44000244140625,22752300
2026-03-31,286.8599853515625,287.04998779296875,276.760009765625,277.5400085449219,31625100
2026-04-01,294.8999938964844,297.9849853515625,289.4700012207031,289.9800109863281,24403600
2026-04-02,294.4599914550781,295.8999938964844,287.57000732421875,288.989990234375,13433400
2026-04-06,297.6600036621094,298.42498779296875,293.7900085449219,294.70001220703125,10121700
2026-04-07,303.92999267578125,304.1000061035156,295.42498779296875,300.1400146484375,17317700
2026-04-08,314.739990234375,319.3900146484375,312.7049865722656,317.8299865722656,20887500
2026-04-09,316.3699951171875,317.42999267578125,309.4700012207031,313.19000244140625,14606800
2026-04-10,315.7200012207031,319.5,314.5400085449219,318.2250061035156,11997600
2026-04-13,319.2099914550781,319.42999267578125,313.69000244140625,315.4200134277344,12212800
2026-04-14,330.5799865722656,330.6400146484375,321.1499938964844,322.06500244140625,18557500
2026-04-15,334.4700012207031,335.0,328.6600036621094,330.55999755859375,15104100
2026-04-16,332.7699890136719,337.3800048828125,331.6499938964844,335.8500061035156,13949600
2026-04-17,339.3999938964844,339.9849853515625,333.2900085449219,334.42999267578125,19683800
2026-04-20,335.3999938964844,339.1600036621094,334.6300048828125,338.55999755859375,12897300
2026-04-21,330.4700012207031,337.1700134277344,329.6300048828125,335.5849914550781,14623800
2026-04-22,337.7300109863281,338.0299987792969,332.9599914550781,334.885009765625,12954200
2026-04-23,337.75,340.1600036621094,335.05999755859375,339.57501220703125,13442100
2026-04-24,342.32000732421875,343.69000244140625,334.04998779296875,337.7200012207031,18260900
2026-04-27,348.5199890136719,350.8999938964844,340.80999755859375,343.8800048828125,17443000
2026-04-28,347.5,349.8999938964844,344.2799987792969,346.9200134277344,18502300
2026-04-29,347.30999755859375,353.3999938964844,342.42999267578125,345.4800109863281,22232200
2026-04-30,381.94000244140625,382.6300048828125,363.0899963378906,371.2550048828125,44570500
2026-05-01,383.2200012207031,383.3900146484375,375.260009765625,377.9800109863281,28047900
2026-05-04,379.6400146484375,384.17999267578125,376.7699890136719,382.32000732421875,18275000
2026-05-05,384.2699890136719,388.9599914550781,380.3500061035156,381.8699951171875,15432500
2026-05-06,395.1400146484375,396.3800048828125,387.1000061035156,389.5899963378906,23097300
2026-05-07,395.29998779296875,397.3550109863281,390.30999755859375,397.05999755859375,15153600
2026-05-08,397.04998779296875,398.3699951171875,393.6700134277344,394.2699890136719,13743700
